Trial ID,Warning Message
IRCT20150303021315N25,Warning: The container &lt;secondary_sponsor&gt; or its subtag was empty. Automatically filled with standard structure '-' to comply with the schema sequence.
IRCT20120520009801N6,Warning: The &lt;study_design&gt; tag exceeded the allowed limit. It will be truncated at 997 characters...
IRCT20120520009801N6,Warning: The &lt;i_keyword&gt; tag exceeded the allowed limit. It will be truncated at 497 characters...
IRCT20120520009801N6,Warning: The &lt;i_keyword&gt; tag exceeded the allowed limit. It will be truncated at 497 characters...
IRCT20120520009801N6,Warning: The container &lt;secondary_sponsor&gt; or its subtag was empty. Automatically filled with standard structure '-' to comply with the schema sequence.
IRCT20211227053550N1,Warning: The &lt;study_design&gt; tag exceeded the allowed limit. It will be truncated at 997 characters...
IRCT20211227053550N1,Warning: The &lt;i_keyword&gt; tag exceeded the allowed limit. It will be truncated at 497 characters...
IRCT20211227053550N1,Warning: The container &lt;health_condition_code&gt; or its subtag was empty. Automatically filled with standard structure '-' to comply with the schema sequence.
IRCT20211227053550N1,Warning: The container &lt;health_condition_keyword&gt; or its subtag was empty. Automatically filled with standard structure '-' to comply with the schema sequence.
IRCT20211227053550N1,Warning: The container &lt;secondary_outcome&gt; or its subtag was empty. Automatically filled with standard structure '-' to comply with the schema sequence.
IRCT20211227053550N1,Warning: The container &lt;secondary_sponsor&gt; or its subtag was empty. Automatically filled with standard structure '-' to comply with the schema sequence.
IRCT20201102049233N2,Warning: The &lt;i_keyword&gt; tag exceeded the allowed limit. It will be truncated at 497 characters...
IRCT20201102049233N2,Warning: The container &lt;secondary_outcome&gt; or its subtag was empty. Automatically filled with standard structure '-' to comply with the schema sequence.
IRCT20201102049233N2,Warning: The container &lt;secondary_sponsor&gt; or its subtag was empty. Automatically filled with standard structure '-' to comply with the schema sequence.
IRCT20181022041407N4,Warning: The &lt;study_design&gt; tag exceeded the allowed limit. It will be truncated at 997 characters...
IRCT20181022041407N4,Warning: The container &lt;secondary_sponsor&gt; or its subtag was empty. Automatically filled with standard structure '-' to comply with the schema sequence.
IRCT20130829014521N21,Warning: The &lt;study_design&gt; tag exceeded the allowed limit. It will be truncated at 997 characters...
IRCT20130829014521N21,Warning: The container &lt;secondary_sponsor&gt; or its subtag was empty. Automatically filled with standard structure '-' to comply with the schema sequence.
IRCT20230307057644N2,Warning: The &lt;study_design&gt; tag exceeded the allowed limit. It will be truncated at 997 characters...
IRCT20230307057644N2,Warning: The container &lt;secondary_sponsor&gt; or its subtag was empty. Automatically filled with standard structure '-' to comply with the schema sequence.
IRCT20221128056644N1,Warning: The &lt;i_keyword&gt; tag exceeded the allowed limit. It will be truncated at 497 characters...
IRCT20210427051098N3,Warning: The &lt;study_design&gt; tag exceeded the allowed limit. It will be truncated at 997 characters...
IRCT20210427051098N3,Warning: The container &lt;secondary_sponsor&gt; or its subtag was empty. Automatically filled with standard structure '-' to comply with the schema sequence.
IRCT20170211032494N5,Warning: The container &lt;secondary_outcome&gt; or its subtag was empty. Automatically filled with standard structure '-' to comply with the schema sequence.
IRCT20170211032494N5,Warning: The container &lt;secondary_sponsor&gt; or its subtag was empty. Automatically filled with standard structure '-' to comply with the schema sequence.
IRCT20230612058466N1,Warning: The &lt;i_keyword&gt; tag exceeded the allowed limit. It will be truncated at 497 characters...
IRCT20230612058466N1,Warning: The container &lt;secondary_sponsor&gt; or its subtag was empty. Automatically filled with standard structure '-' to comply with the schema sequence.
IRCT20210331050796N1,Warning: The &lt;study_design&gt; tag exceeded the allowed limit. It will be truncated at 997 characters...
IRCT20210331050796N1,Warning: The container &lt;secondary_outcome&gt; or its subtag was empty. Automatically filled with standard structure '-' to comply with the schema sequence.
IRCT20210331050796N1,Warning: The container &lt;secondary_sponsor&gt; or its subtag was empty. Automatically filled with standard structure '-' to comply with the schema sequence.
IRCT20230917059447N1,Warning: The container &lt;health_condition_code&gt; or its subtag was empty. Automatically filled with standard structure '-' to comply with the schema sequence.
IRCT20230917059447N1,Warning: The container &lt;health_condition_keyword&gt; or its subtag was empty. Automatically filled with standard structure '-' to comply with the schema sequence.
IRCT20230917059447N1,Warning: The container &lt;secondary_sponsor&gt; or its subtag was empty. Automatically filled with standard structure '-' to comply with the schema sequence.
IRCT20230626058585N1,Warning: The &lt;study_design&gt; tag exceeded the allowed limit. It will be truncated at 997 characters...
IRCT20230626058585N1,Warning: The &lt;i_keyword&gt; tag exceeded the allowed limit. It will be truncated at 497 characters...
IRCT20230626058585N1,Warning: The &lt;i_keyword&gt; tag exceeded the allowed limit. It will be truncated at 497 characters...
IRCT20230626058585N1,Warning: The container &lt;secondary_sponsor&gt; or its subtag was empty. Automatically filled with standard structure '-' to comply with the schema sequence.
IRCT20231001059575N1,Warning: The container &lt;health_condition_code&gt; or its subtag was empty. Automatically filled with standard structure '-' to comply with the schema sequence.
IRCT20231001059575N1,Warning: The container &lt;health_condition_keyword&gt; or its subtag was empty. Automatically filled with standard structure '-' to comply with the schema sequence.
IRCT20231001059575N1,Warning: The container &lt;secondary_outcome&gt; or its subtag was empty. Automatically filled with standard structure '-' to comply with the schema sequence.
IRCT20231001059575N1,Warning: The container &lt;secondary_sponsor&gt; or its subtag was empty. Automatically filled with standard structure '-' to comply with the schema sequence.
IRCT20231029059893N1,Warning: The &lt;i_freetext&gt; tag exceeded the allowed limit. It will be truncated at 2997 characters...
IRCT20231029059893N1,Warning: The &lt;i_keyword&gt; tag exceeded the allowed limit. It will be truncated at 497 characters...
IRCT20231029059893N1,Warning: The &lt;i_keyword&gt; tag exceeded the allowed limit. It will be truncated at 497 characters...
IRCT20150303021315N32,Warning: The &lt;study_design&gt; tag exceeded the allowed limit. It will be truncated at 997 characters...
IRCT20150303021315N32,Warning: The container &lt;secondary_sponsor&gt; or its subtag was empty. Automatically filled with standard structure '-' to comply with the schema sequence.
IRCT20110731007160N11,Warning: The container &lt;secondary_outcome&gt; or its subtag was empty. Automatically filled with standard structure '-' to comply with the schema sequence.
IRCT20110731007160N11,Warning: The container &lt;secondary_sponsor&gt; or its subtag was empty. Automatically filled with standard structure '-' to comply with the schema sequence.
IRCT20231231060581N1,Warning: The &lt;study_design&gt; tag exceeded the allowed limit. It will be truncated at 997 characters...
IRCT20231231060581N1,Warning: The container &lt;secondary_outcome&gt; or its subtag was empty. Automatically filled with standard structure '-' to comply with the schema sequence.
IRCT20231231060581N1,Warning: The container &lt;secondary_sponsor&gt; or its subtag was empty. Automatically filled with standard structure '-' to comply with the schema sequence.
IRCT20191105045340N4,Warning: The &lt;study_design&gt; tag exceeded the allowed limit. It will be truncated at 997 characters...
IRCT20191105045340N4,Warning: The container &lt;secondary_sponsor&gt; or its subtag was empty. Automatically filled with standard structure '-' to comply with the schema sequence.
IRCT20090901002394N50,Warning: The container &lt;secondary_sponsor&gt; or its subtag was empty. Automatically filled with standard structure '-' to comply with the schema sequence.
IRCT20240805062666N1,Warning: The &lt;i_keyword&gt; tag exceeded the allowed limit. It will be truncated at 497 characters...
IRCT20240805062666N1,Warning: The container &lt;secondary_sponsor&gt; or its subtag was empty. Automatically filled with standard structure '-' to comply with the schema sequence.
IRCT20240809062705N1,Warning: The container &lt;health_condition_code&gt; or its subtag was empty. Automatically filled with standard structure '-' to comply with the schema sequence.
IRCT20240809062705N1,Warning: The container &lt;health_condition_keyword&gt; or its subtag was empty. Automatically filled with standard structure '-' to comply with the schema sequence.
IRCT20240809062705N1,Warning: The container &lt;secondary_sponsor&gt; or its subtag was empty. Automatically filled with standard structure '-' to comply with the schema sequence.
IRCT20240802062615N1,Warning: The container &lt;health_condition_code&gt; or its subtag was empty. Automatically filled with standard structure '-' to comply with the schema sequence.
IRCT20240802062615N1,Warning: The container &lt;health_condition_keyword&gt; or its subtag was empty. Automatically filled with standard structure '-' to comply with the schema sequence.
IRCT20240802062615N1,Warning: The container &lt;secondary_outcome&gt; or its subtag was empty. Automatically filled with standard structure '-' to comply with the schema sequence.
IRCT20240802062615N1,Warning: The container &lt;secondary_sponsor&gt; or its subtag was empty. Automatically filled with standard structure '-' to comply with the schema sequence.
IRCT20240903062943N1,Warning: The container &lt;secondary_sponsor&gt; or its subtag was empty. Automatically filled with standard structure '-' to comply with the schema sequence.
IRCT20130812014333N232,Warning: The container &lt;secondary_outcome&gt; or its subtag was empty. Automatically filled with standard structure '-' to comply with the schema sequence.
IRCT20130812014333N232,Warning: The container &lt;secondary_sponsor&gt; or its subtag was empty. Automatically filled with standard structure '-' to comply with the schema sequence.
IRCT20130525013456N8,Warning: The &lt;i_keyword&gt; tag exceeded the allowed limit. It will be truncated at 497 characters...
IRCT20130525013456N8,Warning: The container &lt;health_condition_code&gt; or its subtag was empty. Automatically filled with standard structure '-' to comply with the schema sequence.
IRCT20130525013456N8,Warning: The container &lt;health_condition_keyword&gt; or its subtag was empty. Automatically filled with standard structure '-' to comply with the schema sequence.
IRCT20130525013456N8,Warning: The container &lt;secondary_sponsor&gt; or its subtag was empty. Automatically filled with standard structure '-' to comply with the schema sequence.
IRCT20230522058253N5,Warning: The &lt;study_design&gt; tag exceeded the allowed limit. It will be truncated at 997 characters...
IRCT20230522058253N5,Warning: The &lt;i_keyword&gt; tag exceeded the allowed limit. It will be truncated at 497 characters...
IRCT20230522058253N5,Warning: The &lt;i_keyword&gt; tag exceeded the allowed limit. It will be truncated at 497 characters...
IRCT20230522058253N5,Warning: The container &lt;health_condition_code&gt; or its subtag was empty. Automatically filled with standard structure '-' to comply with the schema sequence.
IRCT20230522058253N5,Warning: The container &lt;health_condition_keyword&gt; or its subtag was empty. Automatically filled with standard structure '-' to comply with the schema sequence.
IRCT20230522058253N5,Warning: The container &lt;secondary_outcome&gt; or its subtag was empty. Automatically filled with standard structure '-' to comply with the schema sequence.
IRCT20230522058253N5,Warning: The container &lt;secondary_sponsor&gt; or its subtag was empty. Automatically filled with standard structure '-' to comply with the schema sequence.
IRCT20240926063168N1,Warning: The &lt;study_design&gt; tag exceeded the allowed limit. It will be truncated at 997 characters...
IRCT20240926063168N1,Warning: The container &lt;secondary_outcome&gt; or its subtag was empty. Automatically filled with standard structure '-' to comply with the schema sequence.
IRCT20240926063168N1,Warning: The container &lt;secondary_sponsor&gt; or its subtag was empty. Automatically filled with standard structure '-' to comply with the schema sequence.
IRCT20241009063311N1,Warning: The &lt;results_IPD_description&gt; tag exceeded the allowed limit. It will be truncated at 1997 characters...
IRCT20241009063311N1,Warning: The &lt;i_keyword&gt; tag exceeded the allowed limit. It will be truncated at 497 characters...
IRCT20241009063311N1,Warning: The container &lt;secondary_outcome&gt; or its subtag was empty. Automatically filled with standard structure '-' to comply with the schema sequence.
IRCT20241009063311N1,Warning: The container &lt;secondary_sponsor&gt; or its subtag was empty. Automatically filled with standard structure '-' to comply with the schema sequence.
IRCT20241011063328N1,Warning: The container &lt;secondary_outcome&gt; or its subtag was empty. Automatically filled with standard structure '-' to comply with the schema sequence.
IRCT20241011063328N1,Warning: The container &lt;secondary_sponsor&gt; or its subtag was empty. Automatically filled with standard structure '-' to comply with the schema sequence.
IRCT20150303021315N35,Warning: The container &lt;secondary_sponsor&gt; or its subtag was empty. Automatically filled with standard structure '-' to comply with the schema sequence.
IRCT20241124063822N2,Warning: The &lt;study_design&gt; tag exceeded the allowed limit. It will be truncated at 997 characters...
IRCT20241124063822N2,Warning: The &lt;i_keyword&gt; tag exceeded the allowed limit. It will be truncated at 497 characters...
IRCT20241124063822N2,Warning: The container &lt;secondary_sponsor&gt; or its subtag was empty. Automatically filled with standard structure '-' to comply with the schema sequence.
IRCT20230801058996N9,Warning: The &lt;i_keyword&gt; tag exceeded the allowed limit. It will be truncated at 497 characters...
IRCT20230801058996N9,Warning: The container &lt;secondary_sponsor&gt; or its subtag was empty. Automatically filled with standard structure '-' to comply with the schema sequence.
IRCT20241203063929N1,Warning: The &lt;i_keyword&gt; tag exceeded the allowed limit. It will be truncated at 497 characters...
IRCT20241203063929N1,Warning: The &lt;i_keyword&gt; tag exceeded the allowed limit. It will be truncated at 497 characters...
IRCT20241203063929N1,Warning: The container &lt;secondary_outcome&gt; or its subtag was empty. Automatically filled with standard structure '-' to comply with the schema sequence.
IRCT20241203063929N1,Warning: The container &lt;secondary_sponsor&gt; or its subtag was empty. Automatically filled with standard structure '-' to comply with the schema sequence.
IRCT20241206063960N1,Warning: The &lt;study_design&gt; tag exceeded the allowed limit. It will be truncated at 997 characters...
IRCT20241206063960N1,Warning: The &lt;i_keyword&gt; tag exceeded the allowed limit. It will be truncated at 497 characters...
IRCT20241206063960N1,Warning: The &lt;i_keyword&gt; tag exceeded the allowed limit. It will be truncated at 497 characters...
IRCT20241206063960N1,Warning: The container &lt;secondary_sponsor&gt; or its subtag was empty. Automatically filled with standard structure '-' to comply with the schema sequence.
IRCT20090203001637N14,Warning: The &lt;i_keyword&gt; tag exceeded the allowed limit. It will be truncated at 497 characters...
IRCT20090203001637N14,Warning: The container &lt;secondary_outcome&gt; or its subtag was empty. Automatically filled with standard structure '-' to comply with the schema sequence.
IRCT20090203001637N14,Warning: The container &lt;secondary_sponsor&gt; or its subtag was empty. Automatically filled with standard structure '-' to comply with the schema sequence.
IRCT20190303042900N5,Warning: The &lt;study_design&gt; tag exceeded the allowed limit. It will be truncated at 997 characters...
IRCT20190303042900N5,Warning: The &lt;i_keyword&gt; tag exceeded the allowed limit. It will be truncated at 497 characters...
IRCT20190303042900N5,Warning: The container &lt;secondary_outcome&gt; or its subtag was empty. Automatically filled with standard structure '-' to comply with the schema sequence.
IRCT20190303042900N5,Warning: The container &lt;secondary_sponsor&gt; or its subtag was empty. Automatically filled with standard structure '-' to comply with the schema sequence.
IRCT20231004059615N3,Warning: The &lt;study_design&gt; tag exceeded the allowed limit. It will be truncated at 997 characters...
IRCT20231004059615N3,Warning: The container &lt;health_condition_code&gt; or its subtag was empty. Automatically filled with standard structure '-' to comply with the schema sequence.
IRCT20231004059615N3,Warning: The container &lt;health_condition_keyword&gt; or its subtag was empty. Automatically filled with standard structure '-' to comply with the schema sequence.
IRCT20231004059615N3,Warning: The container &lt;secondary_sponsor&gt; or its subtag was empty. Automatically filled with standard structure '-' to comply with the schema sequence.
IRCT20250202064609N1,Warning: The &lt;study_design&gt; tag exceeded the allowed limit. It will be truncated at 997 characters...
IRCT20250202064609N1,Warning: The &lt;i_keyword&gt; tag exceeded the allowed limit. It will be truncated at 497 characters...
IRCT20250202064609N1,Warning: The container &lt;health_condition_code&gt; or its subtag was empty. Automatically filled with standard structure '-' to comply with the schema sequence.
IRCT20250202064609N1,Warning: The container &lt;health_condition_keyword&gt; or its subtag was empty. Automatically filled with standard structure '-' to comply with the schema sequence.
IRCT20250202064609N1,Warning: The container &lt;secondary_outcome&gt; or its subtag was empty. Automatically filled with standard structure '-' to comply with the schema sequence.
IRCT20250202064609N1,Warning: The container &lt;secondary_sponsor&gt; or its subtag was empty. Automatically filled with standard structure '-' to comply with the schema sequence.
IRCT20250129064567N1,Warning: The &lt;study_design&gt; tag exceeded the allowed limit. It will be truncated at 997 characters...
IRCT20250129064567N1,Warning: The container &lt;health_condition_code&gt; or its subtag was empty. Automatically filled with standard structure '-' to comply with the schema sequence.
IRCT20250129064567N1,Warning: The container &lt;health_condition_keyword&gt; or its subtag was empty. Automatically filled with standard structure '-' to comply with the schema sequence.
IRCT20250129064567N1,Warning: The container &lt;secondary_outcome&gt; or its subtag was empty. Automatically filled with standard structure '-' to comply with the schema sequence.
IRCT20250129064567N1,Warning: The container &lt;secondary_sponsor&gt; or its subtag was empty. Automatically filled with standard structure '-' to comply with the schema sequence.
IRCT20250213064717N1,Warning: The &lt;study_design&gt; tag exceeded the allowed limit. It will be truncated at 997 characters...
IRCT20250213064717N1,Warning: The container &lt;secondary_sponsor&gt; or its subtag was empty. Automatically filled with standard structure '-' to comply with the schema sequence.
IRCT20241113063700N1,Warning: The &lt;study_design&gt; tag exceeded the allowed limit. It will be truncated at 997 characters...
IRCT20241113063700N1,Warning: The &lt;i_keyword&gt; tag exceeded the allowed limit. It will be truncated at 497 characters...
IRCT20241113063700N1,Warning: The &lt;i_keyword&gt; tag exceeded the allowed limit. It will be truncated at 497 characters...
IRCT20241113063700N1,Warning: The container &lt;secondary_sponsor&gt; or its subtag was empty. Automatically filled with standard structure '-' to comply with the schema sequence.
IRCT20250309065000N1,Warning: The &lt;study_design&gt; tag exceeded the allowed limit. It will be truncated at 997 characters...
IRCT20250309065000N1,Warning: The &lt;i_keyword&gt; tag exceeded the allowed limit. It will be truncated at 497 characters...
IRCT20250309065000N1,Warning: The &lt;i_keyword&gt; tag exceeded the allowed limit. It will be truncated at 497 characters...
IRCT20250309065000N1,Warning: The container &lt;secondary_sponsor&gt; or its subtag was empty. Automatically filled with standard structure '-' to comply with the schema sequence.
IRCT20150303021315N36,Warning: The &lt;study_design&gt; tag exceeded the allowed limit. It will be truncated at 997 characters...
IRCT20150303021315N36,Warning: The container &lt;secondary_sponsor&gt; or its subtag was empty. Automatically filled with standard structure '-' to comply with the schema sequence.
IRCT20250107064304N1,Warning: The &lt;i_keyword&gt; tag exceeded the allowed limit. It will be truncated at 497 characters...
IRCT20250107064304N1,Warning: The &lt;i_keyword&gt; tag exceeded the allowed limit. It will be truncated at 497 characters...
IRCT20250107064304N1,Warning: The container &lt;health_condition_code&gt; or its subtag was empty. Automatically filled with standard structure '-' to comply with the schema sequence.
IRCT20250107064304N1,Warning: The container &lt;health_condition_keyword&gt; or its subtag was empty. Automatically filled with standard structure '-' to comply with the schema sequence.
IRCT20250107064304N1,Warning: The container &lt;secondary_sponsor&gt; or its subtag was empty. Automatically filled with standard structure '-' to comply with the schema sequence.
IRCT20250314065071N1,Warning: The &lt;i_keyword&gt; tag exceeded the allowed limit. It will be truncated at 497 characters...
IRCT20250314065071N1,Warning: The &lt;i_keyword&gt; tag exceeded the allowed limit. It will be truncated at 497 characters...
IRCT20250314065071N1,Warning: The container &lt;secondary_outcome&gt; or its subtag was empty. Automatically filled with standard structure '-' to comply with the schema sequence.
IRCT20250314065071N1,Warning: The container &lt;secondary_sponsor&gt; or its subtag was empty. Automatically filled with standard structure '-' to comply with the schema sequence.
IRCT20250418065376N1,Warning: The &lt;i_keyword&gt; tag exceeded the allowed limit. It will be truncated at 497 characters...
IRCT20250418065376N1,Warning: The &lt;i_keyword&gt; tag exceeded the allowed limit. It will be truncated at 497 characters...
IRCT20250418065376N1,Warning: The container &lt;secondary_sponsor&gt; or its subtag was empty. Automatically filled with standard structure '-' to comply with the schema sequence.
IRCT20250422065440N1,Warning: The &lt;study_design&gt; tag exceeded the allowed limit. It will be truncated at 997 characters...
IRCT20250422065440N1,Warning: The &lt;i_keyword&gt; tag exceeded the allowed limit. It will be truncated at 497 characters...
IRCT20250422065440N1,Warning: The &lt;i_keyword&gt; tag exceeded the allowed limit. It will be truncated at 497 characters...
IRCT20250422065440N1,Warning: The container &lt;secondary_sponsor&gt; or its subtag was empty. Automatically filled with standard structure '-' to comply with the schema sequence.
IRCT20250421065432N1,Warning: The &lt;study_design&gt; tag exceeded the allowed limit. It will be truncated at 997 characters...
IRCT20250421065432N1,Warning: The container &lt;secondary_sponsor&gt; or its subtag was empty. Automatically filled with standard structure '-' to comply with the schema sequence.
IRCT20250423065452N1,Warning: The &lt;study_design&gt; tag exceeded the allowed limit. It will be truncated at 997 characters...
IRCT20250423065452N1,Warning: The &lt;i_keyword&gt; tag exceeded the allowed limit. It will be truncated at 497 characters...
IRCT20250423065452N1,Warning: The &lt;i_keyword&gt; tag exceeded the allowed limit. It will be truncated at 497 characters...
IRCT20250423065452N1,Warning: The container &lt;health_condition_code&gt; or its subtag was empty. Automatically filled with standard structure '-' to comply with the schema sequence.
IRCT20250423065452N1,Warning: The container &lt;health_condition_keyword&gt; or its subtag was empty. Automatically filled with standard structure '-' to comply with the schema sequence.
IRCT20250423065452N1,Warning: The container &lt;secondary_outcome&gt; or its subtag was empty. Automatically filled with standard structure '-' to comply with the schema sequence.
IRCT20250423065452N1,Warning: The container &lt;secondary_sponsor&gt; or its subtag was empty. Automatically filled with standard structure '-' to comply with the schema sequence.
IRCT20250430065541N1,Warning: The &lt;study_design&gt; tag exceeded the allowed limit. It will be truncated at 997 characters...
IRCT20250430065541N1,Warning: The container &lt;secondary_outcome&gt; or its subtag was empty. Automatically filled with standard structure '-' to comply with the schema sequence.
IRCT20250430065541N1,Warning: The container &lt;secondary_sponsor&gt; or its subtag was empty. Automatically filled with standard structure '-' to comply with the schema sequence.
IRCT20250509065668N1,Warning: The container &lt;secondary_outcome&gt; or its subtag was empty. Automatically filled with standard structure '-' to comply with the schema sequence.
IRCT20250509065668N1,Warning: The container &lt;secondary_sponsor&gt; or its subtag was empty. Automatically filled with standard structure '-' to comply with the schema sequence.
IRCT20220421054607N2,Warning: The &lt;study_design&gt; tag exceeded the allowed limit. It will be truncated at 997 characters...
IRCT20220421054607N2,Warning: The container &lt;health_condition_code&gt; or its subtag was empty. Automatically filled with standard structure '-' to comply with the schema sequence.
IRCT20220421054607N2,Warning: The container &lt;health_condition_keyword&gt; or its subtag was empty. Automatically filled with standard structure '-' to comply with the schema sequence.
IRCT20220421054607N2,Warning: The container &lt;secondary_sponsor&gt; or its subtag was empty. Automatically filled with standard structure '-' to comply with the schema sequence.
IRCT20160822029472N3,Warning: The &lt;study_design&gt; tag exceeded the allowed limit. It will be truncated at 997 characters...
IRCT20160822029472N3,Warning: The container &lt;secondary_outcome&gt; or its subtag was empty. Automatically filled with standard structure '-' to comply with the schema sequence.
IRCT20160822029472N3,Warning: The container &lt;secondary_sponsor&gt; or its subtag was empty. Automatically filled with standard structure '-' to comply with the schema sequence.
IRCT20250519065801N1,Warning: The &lt;study_design&gt; tag exceeded the allowed limit. It will be truncated at 997 characters...
IRCT20250519065801N1,Warning: The &lt;i_keyword&gt; tag exceeded the allowed limit. It will be truncated at 497 characters...
IRCT20250519065801N1,Warning: The container &lt;secondary_outcome&gt; or its subtag was empty. Automatically filled with standard structure '-' to comply with the schema sequence.
IRCT20250519065801N1,Warning: The container &lt;secondary_sponsor&gt; or its subtag was empty. Automatically filled with standard structure '-' to comply with the schema sequence.
IRCT20100102002963N41,Warning: The &lt;study_design&gt; tag exceeded the allowed limit. It will be truncated at 997 characters...
IRCT20100102002963N41,Warning: The &lt;i_keyword&gt; tag exceeded the allowed limit. It will be truncated at 497 characters...
IRCT20100102002963N41,Warning: The &lt;i_keyword&gt; tag exceeded the allowed limit. It will be truncated at 497 characters...
IRCT20100102002963N41,Warning: The container &lt;secondary_sponsor&gt; or its subtag was empty. Automatically filled with standard structure '-' to comply with the schema sequence.
IRCT20240609062053N1,Warning: The &lt;study_design&gt; tag exceeded the allowed limit. It will be truncated at 997 characters...
IRCT20240609062053N1,Warning: The container &lt;health_condition_code&gt; or its subtag was empty. Automatically filled with standard structure '-' to comply with the schema sequence.
IRCT20240609062053N1,Warning: The container &lt;health_condition_keyword&gt; or its subtag was empty. Automatically filled with standard structure '-' to comply with the schema sequence.
IRCT20240609062053N1,Warning: The container &lt;secondary_outcome&gt; or its subtag was empty. Automatically filled with standard structure '-' to comply with the schema sequence.
IRCT20240609062053N1,Warning: The container &lt;secondary_sponsor&gt; or its subtag was empty. Automatically filled with standard structure '-' to comply with the schema sequence.
IRCT20101012004920N14,Warning: The container &lt;health_condition_code&gt; or its subtag was empty. Automatically filled with standard structure '-' to comply with the schema sequence.
IRCT20101012004920N14,Warning: The container &lt;health_condition_keyword&gt; or its subtag was empty. Automatically filled with standard structure '-' to comply with the schema sequence.
IRCT20101012004920N14,Warning: The container &lt;secondary_sponsor&gt; or its subtag was empty. Automatically filled with standard structure '-' to comply with the schema sequence.
IRCT20250527065927N1,Warning: The &lt;results_IPD_description&gt; tag exceeded the allowed limit. It will be truncated at 1997 characters...
IRCT20250527065927N1,Warning: The container &lt;secondary_sponsor&gt; or its subtag was empty. Automatically filled with standard structure '-' to comply with the schema sequence.
IRCT20250528065947N1,Warning: The &lt;study_design&gt; tag exceeded the allowed limit. It will be truncated at 997 characters...
IRCT20250528065947N1,Warning: The &lt;i_keyword&gt; tag exceeded the allowed limit. It will be truncated at 497 characters...
IRCT20250528065947N1,Warning: The container &lt;health_condition_code&gt; or its subtag was empty. Automatically filled with standard structure '-' to comply with the schema sequence.
IRCT20250528065947N1,Warning: The container &lt;health_condition_keyword&gt; or its subtag was empty. Automatically filled with standard structure '-' to comply with the schema sequence.
IRCT20250528065947N1,Warning: The container &lt;secondary_sponsor&gt; or its subtag was empty. Automatically filled with standard structure '-' to comply with the schema sequence.
IRCT20250606066092N1,Warning: The &lt;study_design&gt; tag exceeded the allowed limit. It will be truncated at 997 characters...
IRCT20250606066092N1,Warning: The container &lt;health_condition_code&gt; or its subtag was empty. Automatically filled with standard structure '-' to comply with the schema sequence.
IRCT20250606066092N1,Warning: The container &lt;secondary_sponsor&gt; or its subtag was empty. Automatically filled with standard structure '-' to comply with the schema sequence.
IRCT20231212060345N2,Warning: The &lt;study_design&gt; tag exceeded the allowed limit. It will be truncated at 997 characters...
IRCT20231212060345N2,Warning: The &lt;i_keyword&gt; tag exceeded the allowed limit. It will be truncated at 497 characters...
IRCT20231212060345N2,Warning: The &lt;i_keyword&gt; tag exceeded the allowed limit. It will be truncated at 497 characters...
IRCT20231212060345N2,Warning: The container &lt;secondary_sponsor&gt; or its subtag was empty. Automatically filled with standard structure '-' to comply with the schema sequence.
IRCT20160110025937N9,Warning: The &lt;results_IPD_description&gt; tag exceeded the allowed limit. It will be truncated at 1997 characters...
IRCT20160110025937N9,Warning: The &lt;study_design&gt; tag exceeded the allowed limit. It will be truncated at 997 characters...
IRCT20160110025937N9,Warning: The &lt;i_keyword&gt; tag exceeded the allowed limit. It will be truncated at 497 characters...
IRCT20160110025937N9,Warning: The &lt;i_keyword&gt; tag exceeded the allowed limit. It will be truncated at 497 characters...
IRCT20160110025937N9,Warning: The container &lt;secondary_sponsor&gt; or its subtag was empty. Automatically filled with standard structure '-' to comply with the schema sequence.
IRCT20250616066204N1,Warning: The &lt;study_design&gt; tag exceeded the allowed limit. It will be truncated at 997 characters...
IRCT20250616066204N1,Warning: The container &lt;secondary_outcome&gt; or its subtag was empty. Automatically filled with standard structure '-' to comply with the schema sequence.
IRCT20250616066204N1,Warning: The container &lt;secondary_sponsor&gt; or its subtag was empty. Automatically filled with standard structure '-' to comply with the schema sequence.
IRCT20130313012810N87,Warning: The container &lt;health_condition_code&gt; or its subtag was empty. Automatically filled with standard structure '-' to comply with the schema sequence.
IRCT20130313012810N87,Warning: The container &lt;health_condition_keyword&gt; or its subtag was empty. Automatically filled with standard structure '-' to comply with the schema sequence.
IRCT20130313012810N87,Warning: The container &lt;secondary_outcome&gt; or its subtag was empty. Automatically filled with standard structure '-' to comply with the schema sequence.
IRCT20130313012810N87,Warning: The container &lt;secondary_sponsor&gt; or its subtag was empty. Automatically filled with standard structure '-' to comply with the schema sequence.
IRCT20250613066190N1,Warning: The &lt;study_design&gt; tag exceeded the allowed limit. It will be truncated at 997 characters...
IRCT20250613066190N1,Warning: The &lt;i_keyword&gt; tag exceeded the allowed limit. It will be truncated at 497 characters...
IRCT20250613066190N1,Warning: The container &lt;secondary_sponsor&gt; or its subtag was empty. Automatically filled with standard structure '-' to comply with the schema sequence.
IRCT20240812062726N2,Warning: The &lt;study_design&gt; tag exceeded the allowed limit. It will be truncated at 997 characters...
IRCT20240812062726N2,Warning: The container &lt;secondary_sponsor&gt; or its subtag was empty. Automatically filled with standard structure '-' to comply with the schema sequence.
IRCT20250606066088N1,Warning: The &lt;study_design&gt; tag exceeded the allowed limit. It will be truncated at 997 characters...
IRCT20250606066088N1,Warning: The container &lt;secondary_sponsor&gt; or its subtag was empty. Automatically filled with standard structure '-' to comply with the schema sequence.
IRCT20250702066330N1,Warning: The container &lt;secondary_sponsor&gt; or its subtag was empty. Automatically filled with standard structure '-' to comply with the schema sequence.
IRCT20180205038619N3,Warning: The &lt;study_design&gt; tag exceeded the allowed limit. It will be truncated at 997 characters...
IRCT20180205038619N3,Warning: The container &lt;secondary_outcome&gt; or its subtag was empty. Automatically filled with standard structure '-' to comply with the schema sequence.
IRCT20180205038619N3,Warning: The container &lt;secondary_sponsor&gt; or its subtag was empty. Automatically filled with standard structure '-' to comply with the schema sequence.
IRCT20250708066411N1,Warning: The &lt;i_keyword&gt; tag exceeded the allowed limit. It will be truncated at 497 characters...
IRCT20250708066411N1,Warning: The &lt;i_keyword&gt; tag exceeded the allowed limit. It will be truncated at 497 characters...
IRCT20250708066411N1,Warning: The container &lt;secondary_outcome&gt; or its subtag was empty. Automatically filled with standard structure '-' to comply with the schema sequence.
IRCT20250708066411N1,Warning: The container &lt;secondary_sponsor&gt; or its subtag was empty. Automatically filled with standard structure '-' to comply with the schema sequence.
IRCT20250714066484N1,Warning: The &lt;results_IPD_description&gt; tag exceeded the allowed limit. It will be truncated at 1997 characters...
IRCT20250714066484N1,Warning: The &lt;study_design&gt; tag exceeded the allowed limit. It will be truncated at 997 characters...
IRCT20250714066484N1,Warning: The container &lt;secondary_outcome&gt; or its subtag was empty. Automatically filled with standard structure '-' to comply with the schema sequence.
IRCT20250714066484N1,Warning: The container &lt;secondary_sponsor&gt; or its subtag was empty. Automatically filled with standard structure '-' to comply with the schema sequence.
IRCT20250718066539N1,Warning: The container &lt;health_condition_code&gt; or its subtag was empty. Automatically filled with standard structure '-' to comply with the schema sequence.
IRCT20250718066539N1,Warning: The container &lt;health_condition_keyword&gt; or its subtag was empty. Automatically filled with standard structure '-' to comply with the schema sequence.
IRCT20250718066539N1,Warning: The container &lt;secondary_outcome&gt; or its subtag was empty. Automatically filled with standard structure '-' to comply with the schema sequence.
IRCT20250718066539N1,Warning: The container &lt;secondary_sponsor&gt; or its subtag was empty. Automatically filled with standard structure '-' to comply with the schema sequence.
IRCT20190610043858N1,Warning: The &lt;study_design&gt; tag exceeded the allowed limit. It will be truncated at 997 characters...
IRCT20190610043858N1,Warning: The container &lt;secondary_sponsor&gt; or its subtag was empty. Automatically filled with standard structure '-' to comply with the schema sequence.
IRCT20150724023314N6,Warning: The container &lt;secondary_outcome&gt; or its subtag was empty. Automatically filled with standard structure '-' to comply with the schema sequence.
IRCT20150724023314N6,Warning: The container &lt;secondary_sponsor&gt; or its subtag was empty. Automatically filled with standard structure '-' to comply with the schema sequence.
IRCT20130521013406N6,Warning: The container &lt;health_condition_code&gt; or its subtag was empty. Automatically filled with standard structure '-' to comply with the schema sequence.
IRCT20130521013406N6,Warning: The container &lt;secondary_sponsor&gt; or its subtag was empty. Automatically filled with standard structure '-' to comply with the schema sequence.
IRCT20181118041688N1,Warning: The container &lt;secondary_outcome&gt; or its subtag was empty. Automatically filled with standard structure '-' to comply with the schema sequence.
IRCT20181118041688N1,Warning: The container &lt;secondary_sponsor&gt; or its subtag was empty. Automatically filled with standard structure '-' to comply with the schema sequence.
IRCT20180714040466N9,Warning: The &lt;i_keyword&gt; tag exceeded the allowed limit. It will be truncated at 497 characters...
IRCT20180714040466N9,Warning: The &lt;i_keyword&gt; tag exceeded the allowed limit. It will be truncated at 497 characters...
IRCT20180714040466N9,Warning: The container &lt;secondary_outcome&gt; or its subtag was empty. Automatically filled with standard structure '-' to comply with the schema sequence.
IRCT20180714040466N9,Warning: The container &lt;secondary_sponsor&gt; or its subtag was empty. Automatically filled with standard structure '-' to comply with the schema sequence.
IRCT20250807066785N1,Warning: The &lt;study_design&gt; tag exceeded the allowed limit. It will be truncated at 997 characters...
IRCT20250807066785N1,Warning: The container &lt;health_condition_code&gt; or its subtag was empty. Automatically filled with standard structure '-' to comply with the schema sequence.
IRCT20250807066785N1,Warning: The container &lt;health_condition_keyword&gt; or its subtag was empty. Automatically filled with standard structure '-' to comply with the schema sequence.
IRCT20250807066785N1,Warning: The container &lt;secondary_sponsor&gt; or its subtag was empty. Automatically filled with standard structure '-' to comply with the schema sequence.
IRCT20250812066842N1,Warning: The &lt;study_design&gt; tag exceeded the allowed limit. It will be truncated at 997 characters...
IRCT20250812066842N1,Warning: The container &lt;health_condition_code&gt; or its subtag was empty. Automatically filled with standard structure '-' to comply with the schema sequence.
IRCT20250812066842N1,Warning: The container &lt;health_condition_keyword&gt; or its subtag was empty. Automatically filled with standard structure '-' to comply with the schema sequence.
IRCT20250812066842N1,Warning: The container &lt;secondary_outcome&gt; or its subtag was empty. Automatically filled with standard structure '-' to comply with the schema sequence.
IRCT20250812066842N1,Warning: The container &lt;secondary_sponsor&gt; or its subtag was empty. Automatically filled with standard structure '-' to comply with the schema sequence.
IRCT20090808002306N11,Warning: The container &lt;health_condition_code&gt; or its subtag was empty. Automatically filled with standard structure '-' to comply with the schema sequence.
IRCT20090808002306N11,Warning: The container &lt;health_condition_keyword&gt; or its subtag was empty. Automatically filled with standard structure '-' to comply with the schema sequence.
IRCT20090808002306N11,Warning: The container &lt;secondary_outcome&gt; or its subtag was empty. Automatically filled with standard structure '-' to comply with the schema sequence.
IRCT20090808002306N11,Warning: The container &lt;secondary_sponsor&gt; or its subtag was empty. Automatically filled with standard structure '-' to comply with the schema sequence.
IRCT20250725066628N1,Warning: The &lt;study_design&gt; tag exceeded the allowed limit. It will be truncated at 997 characters...
IRCT20250725066628N1,Warning: The &lt;i_keyword&gt; tag exceeded the allowed limit. It will be truncated at 497 characters...
IRCT20250725066628N1,Warning: The &lt;i_keyword&gt; tag exceeded the allowed limit. It will be truncated at 497 characters...
IRCT20250725066628N1,Warning: The container &lt;health_condition_code&gt; or its subtag was empty. Automatically filled with standard structure '-' to comply with the schema sequence.
IRCT20250725066628N1,Warning: The container &lt;health_condition_keyword&gt; or its subtag was empty. Automatically filled with standard structure '-' to comply with the schema sequence.
IRCT20250725066628N1,Warning: The container &lt;secondary_sponsor&gt; or its subtag was empty. Automatically filled with standard structure '-' to comply with the schema sequence.
IRCT20151107024919N21,Warning: The container &lt;secondary_outcome&gt; or its subtag was empty. Automatically filled with standard structure '-' to comply with the schema sequence.
IRCT20151107024919N21,Warning: The container &lt;secondary_sponsor&gt; or its subtag was empty. Automatically filled with standard structure '-' to comply with the schema sequence.
IRCT20240709062370N3,Warning: The &lt;study_design&gt; tag exceeded the allowed limit. It will be truncated at 997 characters...
IRCT20240709062370N3,Warning: The &lt;i_keyword&gt; tag exceeded the allowed limit. It will be truncated at 497 characters...
IRCT20240709062370N3,Warning: The container &lt;secondary_sponsor&gt; or its subtag was empty. Automatically filled with standard structure '-' to comply with the schema sequence.
IRCT20250821066938N1,Warning: The container &lt;health_condition_code&gt; or its subtag was empty. Automatically filled with standard structure '-' to comply with the schema sequence.
IRCT20250821066938N1,Warning: The container &lt;health_condition_keyword&gt; or its subtag was empty. Automatically filled with standard structure '-' to comply with the schema sequence.
IRCT20250821066938N1,Warning: The container &lt;secondary_outcome&gt; or its subtag was empty. Automatically filled with standard structure '-' to comply with the schema sequence.
IRCT20250821066938N1,Warning: The container &lt;secondary_sponsor&gt; or its subtag was empty. Automatically filled with standard structure '-' to comply with the schema sequence.
IRCT20250804066751N1,Warning: The &lt;study_design&gt; tag exceeded the allowed limit. It will be truncated at 997 characters...
IRCT20250804066751N1,Warning: The container &lt;secondary_sponsor&gt; or its subtag was empty. Automatically filled with standard structure '-' to comply with the schema sequence.
IRCT20140612018077N4,Warning: The &lt;study_design&gt; tag exceeded the allowed limit. It will be truncated at 997 characters...
IRCT20140612018077N4,Warning: The &lt;i_keyword&gt; tag exceeded the allowed limit. It will be truncated at 497 characters...
IRCT20140612018077N4,Warning: The container &lt;secondary_sponsor&gt; or its subtag was empty. Automatically filled with standard structure '-' to comply with the schema sequence.
IRCT20250815066860N1,Warning: The &lt;i_keyword&gt; tag exceeded the allowed limit. It will be truncated at 497 characters...
IRCT20250815066860N1,Warning: The &lt;i_keyword&gt; tag exceeded the allowed limit. It will be truncated at 497 characters...
IRCT20250815066860N1,Warning: The container &lt;secondary_sponsor&gt; or its subtag was empty. Automatically filled with standard structure '-' to comply with the schema sequence.
IRCT20250821066936N1,Warning: The &lt;i_keyword&gt; tag exceeded the allowed limit. It will be truncated at 497 characters...
IRCT20250821066936N1,Warning: The container &lt;health_condition_code&gt; or its subtag was empty. Automatically filled with standard structure '-' to comply with the schema sequence.
IRCT20250821066936N1,Warning: The container &lt;health_condition_keyword&gt; or its subtag was empty. Automatically filled with standard structure '-' to comply with the schema sequence.
IRCT20250821066936N1,Warning: The container &lt;secondary_sponsor&gt; or its subtag was empty. Automatically filled with standard structure '-' to comply with the schema sequence.
IRCT20240407061439N3,Warning: The &lt;study_design&gt; tag exceeded the allowed limit. It will be truncated at 997 characters...
IRCT20240407061439N3,Warning: The container &lt;secondary_sponsor&gt; or its subtag was empty. Automatically filled with standard structure '-' to comply with the schema sequence.
IRCT20130911014630N12,Warning: The &lt;study_design&gt; tag exceeded the allowed limit. It will be truncated at 997 characters...
IRCT20130911014630N12,Warning: The container &lt;secondary_outcome&gt; or its subtag was empty. Automatically filled with standard structure '-' to comply with the schema sequence.
IRCT20130911014630N12,Warning: The container &lt;secondary_sponsor&gt; or its subtag was empty. Automatically filled with standard structure '-' to comply with the schema sequence.
IRCT20250831067058N1,Warning: The container &lt;secondary_outcome&gt; or its subtag was empty. Automatically filled with standard structure '-' to comply with the schema sequence.
IRCT20250831067058N1,Warning: The container &lt;secondary_sponsor&gt; or its subtag was empty. Automatically filled with standard structure '-' to comply with the schema sequence.
IRCT20250825066984N1,Warning: The container &lt;secondary_sponsor&gt; or its subtag was empty. Automatically filled with standard structure '-' to comply with the schema sequence.
IRCT20250902067098N1,Warning: The &lt;study_design&gt; tag exceeded the allowed limit. It will be truncated at 997 characters...
IRCT20250902067098N1,Warning: The container &lt;secondary_outcome&gt; or its subtag was empty. Automatically filled with standard structure '-' to comply with the schema sequence.
IRCT20250902067098N1,Warning: The container &lt;secondary_sponsor&gt; or its subtag was empty. Automatically filled with standard structure '-' to comply with the schema sequence.
IRCT20250821066942N1,Warning: The container &lt;secondary_outcome&gt; or its subtag was empty. Automatically filled with standard structure '-' to comply with the schema sequence.
IRCT20250821066942N1,Warning: The container &lt;secondary_sponsor&gt; or its subtag was empty. Automatically filled with standard structure '-' to comply with the schema sequence.
IRCT20180611040061N3,Warning: The &lt;study_design&gt; tag exceeded the allowed limit. It will be truncated at 997 characters...
IRCT20180611040061N3,Warning: The container &lt;secondary_sponsor&gt; or its subtag was empty. Automatically filled with standard structure '-' to comply with the schema sequence.
IRCT20250719066551N1,Warning: The container &lt;health_condition_code&gt; or its subtag was empty. Automatically filled with standard structure '-' to comply with the schema sequence.
IRCT20250719066551N1,Warning: The container &lt;health_condition_keyword&gt; or its subtag was empty. Automatically filled with standard structure '-' to comply with the schema sequence.
IRCT20250719066551N1,Warning: The container &lt;secondary_outcome&gt; or its subtag was empty. Automatically filled with standard structure '-' to comply with the schema sequence.
IRCT20250719066551N1,Warning: The container &lt;secondary_sponsor&gt; or its subtag was empty. Automatically filled with standard structure '-' to comply with the schema sequence.
IRCT20250910067209N1,Warning: The &lt;study_design&gt; tag exceeded the allowed limit. It will be truncated at 997 characters...
IRCT20250910067209N1,Warning: The container &lt;health_condition_code&gt; or its subtag was empty. Automatically filled with standard structure '-' to comply with the schema sequence.
IRCT20250910067209N1,Warning: The container &lt;health_condition_keyword&gt; or its subtag was empty. Automatically filled with standard structure '-' to comply with the schema sequence.
IRCT20250910067209N1,Warning: The container &lt;secondary_outcome&gt; or its subtag was empty. Automatically filled with standard structure '-' to comply with the schema sequence.
IRCT20250910067209N1,Warning: The container &lt;secondary_sponsor&gt; or its subtag was empty. Automatically filled with standard structure '-' to comply with the schema sequence.
IRCT20250911067212N1,Warning: The &lt;study_design&gt; tag exceeded the allowed limit. It will be truncated at 997 characters...
IRCT20250911067212N1,Warning: The &lt;i_keyword&gt; tag exceeded the allowed limit. It will be truncated at 497 characters...
IRCT20250911067212N1,Warning: The &lt;i_keyword&gt; tag exceeded the allowed limit. It will be truncated at 497 characters...
IRCT20250911067212N1,Warning: The container &lt;secondary_sponsor&gt; or its subtag was empty. Automatically filled with standard structure '-' to comply with the schema sequence.
IRCT20110301005942N10,Warning: The &lt;i_keyword&gt; tag exceeded the allowed limit. It will be truncated at 497 characters...
IRCT20110301005942N10,Warning: The container &lt;secondary_sponsor&gt; or its subtag was empty. Automatically filled with standard structure '-' to comply with the schema sequence.
IRCT20240622062212N2,Warning: The &lt;results_IPD_description&gt; tag exceeded the allowed limit. It will be truncated at 1997 characters...
IRCT20240622062212N2,Warning: The &lt;i_keyword&gt; tag exceeded the allowed limit. It will be truncated at 497 characters...
IRCT20240622062212N2,Warning: The container &lt;secondary_outcome&gt; or its subtag was empty. Automatically filled with standard structure '-' to comply with the schema sequence.
IRCT20240622062212N2,Warning: The container &lt;secondary_sponsor&gt; or its subtag was empty. Automatically filled with standard structure '-' to comply with the schema sequence.
IRCT20250920067295N1,Warning: The container &lt;health_condition_code&gt; or its subtag was empty. Automatically filled with standard structure '-' to comply with the schema sequence.
IRCT20250920067295N1,Warning: The container &lt;health_condition_keyword&gt; or its subtag was empty. Automatically filled with standard structure '-' to comply with the schema sequence.
IRCT20250920067295N1,Warning: The container &lt;secondary_outcome&gt; or its subtag was empty. Automatically filled with standard structure '-' to comply with the schema sequence.
IRCT20250920067295N1,Warning: The container &lt;secondary_sponsor&gt; or its subtag was empty. Automatically filled with standard structure '-' to comply with the schema sequence.
IRCT20200708048051N4,Warning: The &lt;study_design&gt; tag exceeded the allowed limit. It will be truncated at 997 characters...
IRCT20200708048051N4,Warning: The container &lt;secondary_outcome&gt; or its subtag was empty. Automatically filled with standard structure '-' to comply with the schema sequence.
IRCT20250820066931N1,Warning: The &lt;study_design&gt; tag exceeded the allowed limit. It will be truncated at 997 characters...
IRCT20250820066931N1,Warning: The container &lt;health_condition_code&gt; or its subtag was empty. Automatically filled with standard structure '-' to comply with the schema sequence.
IRCT20250820066931N1,Warning: The container &lt;health_condition_keyword&gt; or its subtag was empty. Automatically filled with standard structure '-' to comply with the schema sequence.
IRCT20250820066931N1,Warning: The container &lt;secondary_sponsor&gt; or its subtag was empty. Automatically filled with standard structure '-' to comply with the schema sequence.
IRCT20250113064368N2,Warning: The &lt;study_design&gt; tag exceeded the allowed limit. It will be truncated at 997 characters...
IRCT20250113064368N2,Warning: The container &lt;health_condition_code&gt; or its subtag was empty. Automatically filled with standard structure '-' to comply with the schema sequence.
IRCT20250113064368N2,Warning: The container &lt;health_condition_keyword&gt; or its subtag was empty. Automatically filled with standard structure '-' to comply with the schema sequence.
IRCT20250113064368N2,Warning: The container &lt;secondary_outcome&gt; or its subtag was empty. Automatically filled with standard structure '-' to comply with the schema sequence.
IRCT20250113064368N2,Warning: The container &lt;secondary_sponsor&gt; or its subtag was empty. Automatically filled with standard structure '-' to comply with the schema sequence.
IRCT20250929067421N1,Warning: The &lt;study_design&gt; tag exceeded the allowed limit. It will be truncated at 997 characters...
IRCT20250929067421N1,Warning: The container &lt;secondary_sponsor&gt; or its subtag was empty. Automatically filled with standard structure '-' to comply with the schema sequence.
IRCT20250929067426N1,Warning: The &lt;study_design&gt; tag exceeded the allowed limit. It will be truncated at 997 characters...
IRCT20250929067426N1,Warning: The &lt;i_keyword&gt; tag exceeded the allowed limit. It will be truncated at 497 characters...
IRCT20250929067426N1,Warning: The &lt;i_keyword&gt; tag exceeded the allowed limit. It will be truncated at 497 characters...
IRCT20250929067426N1,Warning: The container &lt;secondary_sponsor&gt; or its subtag was empty. Automatically filled with standard structure '-' to comply with the schema sequence.
IRCT20251006067523N1,Warning: The &lt;study_design&gt; tag exceeded the allowed limit. It will be truncated at 997 characters...
IRCT20251006067523N1,Warning: The container &lt;secondary_outcome&gt; or its subtag was empty. Automatically filled with standard structure '-' to comply with the schema sequence.
IRCT20251006067523N1,Warning: The container &lt;secondary_sponsor&gt; or its subtag was empty. Automatically filled with standard structure '-' to comply with the schema sequence.
IRCT20251008067547N1,Warning: The &lt;i_keyword&gt; tag exceeded the allowed limit. It will be truncated at 497 characters...
IRCT20251008067547N1,Warning: The container &lt;secondary_outcome&gt; or its subtag was empty. Automatically filled with standard structure '-' to comply with the schema sequence.
IRCT20251008067547N1,Warning: The container &lt;secondary_sponsor&gt; or its subtag was empty. Automatically filled with standard structure '-' to comply with the schema sequence.
IRCT20180526039839N2,Warning: The &lt;study_design&gt; tag exceeded the allowed limit. It will be truncated at 997 characters...
IRCT20180526039839N2,Warning: The container &lt;secondary_sponsor&gt; or its subtag was empty. Automatically filled with standard structure '-' to comply with the schema sequence.
IRCT20211206053292N2,Warning: The &lt;study_design&gt; tag exceeded the allowed limit. It will be truncated at 997 characters...
IRCT20211206053292N2,Warning: The &lt;i_keyword&gt; tag exceeded the allowed limit. It will be truncated at 497 characters...
IRCT20211206053292N2,Warning: The container &lt;secondary_sponsor&gt; or its subtag was empty. Automatically filled with standard structure '-' to comply with the schema sequence.
IRCT20231108059993N13,Warning: The container &lt;health_condition_code&gt; or its subtag was empty. Automatically filled with standard structure '-' to comply with the schema sequence.
IRCT20231108059993N13,Warning: The container &lt;health_condition_keyword&gt; or its subtag was empty. Automatically filled with standard structure '-' to comply with the schema sequence.
IRCT20231108059993N13,Warning: The container &lt;secondary_outcome&gt; or its subtag was empty. Automatically filled with standard structure '-' to comply with the schema sequence.
IRCT20231108059993N13,Warning: The container &lt;secondary_sponsor&gt; or its subtag was empty. Automatically filled with standard structure '-' to comply with the schema sequence.
IRCT20251013067607N1,Warning: The &lt;i_keyword&gt; tag exceeded the allowed limit. It will be truncated at 497 characters...
IRCT20251013067607N1,Warning: The &lt;i_keyword&gt; tag exceeded the allowed limit. It will be truncated at 497 characters...
IRCT20251013067607N1,Warning: The container &lt;secondary_sponsor&gt; or its subtag was empty. Automatically filled with standard structure '-' to comply with the schema sequence.
IRCT20251014067622N1,Warning: The &lt;i_freetext&gt; tag exceeded the allowed limit. It will be truncated at 2997 characters...
IRCT20251014067622N1,Warning: The &lt;results_IPD_description&gt; tag exceeded the allowed limit. It will be truncated at 1997 characters...
IRCT20251014067622N1,Warning: The &lt;study_design&gt; tag exceeded the allowed limit. It will be truncated at 997 characters...
IRCT20251014067622N1,Warning: The &lt;i_keyword&gt; tag exceeded the allowed limit. It will be truncated at 497 characters...
IRCT20251014067622N1,Warning: The &lt;i_keyword&gt; tag exceeded the allowed limit. It will be truncated at 497 characters...
IRCT20251014067622N1,Warning: The &lt;i_keyword&gt; tag exceeded the allowed limit. It will be truncated at 497 characters...
IRCT20251014067622N1,Warning: The container &lt;secondary_outcome&gt; or its subtag was empty. Automatically filled with standard structure '-' to comply with the schema sequence.
IRCT20251014067622N1,Warning: The container &lt;secondary_sponsor&gt; or its subtag was empty. Automatically filled with standard structure '-' to comply with the schema sequence.
IRCT20251014067623N1,Warning: The &lt;study_design&gt; tag exceeded the allowed limit. It will be truncated at 997 characters...
IRCT20251014067623N1,Warning: The &lt;i_keyword&gt; tag exceeded the allowed limit. It will be truncated at 497 characters...
IRCT20251014067623N1,Warning: The container &lt;secondary_outcome&gt; or its subtag was empty. Automatically filled with standard structure '-' to comply with the schema sequence.
IRCT20251014067623N1,Warning: The container &lt;secondary_sponsor&gt; or its subtag was empty. Automatically filled with standard structure '-' to comply with the schema sequence.
IRCT20251007067540N1,Warning: The &lt;study_design&gt; tag exceeded the allowed limit. It will be truncated at 997 characters...
IRCT20251007067540N1,Warning: The container &lt;health_condition_code&gt; or its subtag was empty. Automatically filled with standard structure '-' to comply with the schema sequence.
IRCT20251007067540N1,Warning: The container &lt;health_condition_keyword&gt; or its subtag was empty. Automatically filled with standard structure '-' to comply with the schema sequence.
IRCT20251007067540N1,Warning: The container &lt;secondary_outcome&gt; or its subtag was empty. Automatically filled with standard structure '-' to comply with the schema sequence.
IRCT20251007067540N1,Warning: The container &lt;secondary_sponsor&gt; or its subtag was empty. Automatically filled with standard structure '-' to comply with the schema sequence.
IRCT20251009067565N1,Warning: The &lt;study_design&gt; tag exceeded the allowed limit. It will be truncated at 997 characters...
IRCT20251009067565N1,Warning: The container &lt;secondary_outcome&gt; or its subtag was empty. Automatically filled with standard structure '-' to comply with the schema sequence.
IRCT20251009067565N1,Warning: The container &lt;secondary_sponsor&gt; or its subtag was empty. Automatically filled with standard structure '-' to comply with the schema sequence.
IRCT20251002067477N1,Warning: The &lt;study_design&gt; tag exceeded the allowed limit. It will be truncated at 997 characters...
IRCT20251002067477N1,Warning: The container &lt;secondary_sponsor&gt; or its subtag was empty. Automatically filled with standard structure '-' to comply with the schema sequence.
IRCT20251018067668N1,Warning: The &lt;study_design&gt; tag exceeded the allowed limit. It will be truncated at 997 characters...
IRCT20251018067668N1,Warning: The container &lt;health_condition_code&gt; or its subtag was empty. Automatically filled with standard structure '-' to comply with the schema sequence.
IRCT20251018067668N1,Warning: The container &lt;health_condition_keyword&gt; or its subtag was empty. Automatically filled with standard structure '-' to comply with the schema sequence.
IRCT20251018067668N1,Warning: The container &lt;secondary_outcome&gt; or its subtag was empty. Automatically filled with standard structure '-' to comply with the schema sequence.
IRCT20251018067668N1,Warning: The container &lt;secondary_sponsor&gt; or its subtag was empty. Automatically filled with standard structure '-' to comply with the schema sequence.
IRCT20200305046700N11,Warning: The container &lt;health_condition_code&gt; or its subtag was empty. Automatically filled with standard structure '-' to comply with the schema sequence.
IRCT20200305046700N11,Warning: The container &lt;health_condition_keyword&gt; or its subtag was empty. Automatically filled with standard structure '-' to comply with the schema sequence.
IRCT20200305046700N11,Warning: The container &lt;secondary_outcome&gt; or its subtag was empty. Automatically filled with standard structure '-' to comply with the schema sequence.
IRCT20200305046700N11,Warning: The container &lt;secondary_sponsor&gt; or its subtag was empty. Automatically filled with standard structure '-' to comply with the schema sequence.
IRCT20200608047689N4,Warning: The container &lt;secondary_sponsor&gt; or its subtag was empty. Automatically filled with standard structure '-' to comply with the schema sequence.
IRCT20130313012810N91,Warning: The container &lt;health_condition_code&gt; or its subtag was empty. Automatically filled with standard structure '-' to comply with the schema sequence.
IRCT20130313012810N91,Warning: The container &lt;health_condition_keyword&gt; or its subtag was empty. Automatically filled with standard structure '-' to comply with the schema sequence.
IRCT20130313012810N91,Warning: The container &lt;secondary_outcome&gt; or its subtag was empty. Automatically filled with standard structure '-' to comply with the schema sequence.
IRCT20130313012810N91,Warning: The container &lt;secondary_sponsor&gt; or its subtag was empty. Automatically filled with standard structure '-' to comply with the schema sequence.
IRCT20251020067698N2,Warning: The &lt;study_design&gt; tag exceeded the allowed limit. It will be truncated at 997 characters...
IRCT20251020067698N2,Warning: The &lt;i_keyword&gt; tag exceeded the allowed limit. It will be truncated at 497 characters...
IRCT20251020067698N2,Warning: The container &lt;secondary_outcome&gt; or its subtag was empty. Automatically filled with standard structure '-' to comply with the schema sequence.
IRCT20251020067698N2,Warning: The container &lt;secondary_sponsor&gt; or its subtag was empty. Automatically filled with standard structure '-' to comply with the schema sequence.
IRCT20251020067698N3,Warning: The &lt;study_design&gt; tag exceeded the allowed limit. It will be truncated at 997 characters...
IRCT20251020067698N3,Warning: The container &lt;secondary_outcome&gt; or its subtag was empty. Automatically filled with standard structure '-' to comply with the schema sequence.
IRCT20251020067698N3,Warning: The container &lt;secondary_sponsor&gt; or its subtag was empty. Automatically filled with standard structure '-' to comply with the schema sequence.
IRCT20251026067770N1,Warning: The &lt;study_design&gt; tag exceeded the allowed limit. It will be truncated at 997 characters...
IRCT20251026067770N1,Warning: The &lt;i_keyword&gt; tag exceeded the allowed limit. It will be truncated at 497 characters...
IRCT20251026067770N1,Warning: The container &lt;secondary_outcome&gt; or its subtag was empty. Automatically filled with standard structure '-' to comply with the schema sequence.
IRCT20251026067770N1,Warning: The container &lt;secondary_sponsor&gt; or its subtag was empty. Automatically filled with standard structure '-' to comply with the schema sequence.
IRCT20180826040863N2,Warning: The &lt;study_design&gt; tag exceeded the allowed limit. It will be truncated at 997 characters...
IRCT20180826040863N2,Warning: The &lt;i_keyword&gt; tag exceeded the allowed limit. It will be truncated at 497 characters...
IRCT20180826040863N2,Warning: The container &lt;secondary_outcome&gt; or its subtag was empty. Automatically filled with standard structure '-' to comply with the schema sequence.
IRCT20180826040863N2,Warning: The container &lt;secondary_sponsor&gt; or its subtag was empty. Automatically filled with standard structure '-' to comply with the schema sequence.
IRCT20220404054404N2,Warning: The &lt;study_design&gt; tag exceeded the allowed limit. It will be truncated at 997 characters...
IRCT20220404054404N2,Warning: The container &lt;secondary_outcome&gt; or its subtag was empty. Automatically filled with standard structure '-' to comply with the schema sequence.
IRCT20220404054404N2,Warning: The container &lt;secondary_sponsor&gt; or its subtag was empty. Automatically filled with standard structure '-' to comply with the schema sequence.
IRCT20251002067466N1,Warning: The &lt;study_design&gt; tag exceeded the allowed limit. It will be truncated at 997 characters...
IRCT20251002067466N1,Warning: The container &lt;secondary_outcome&gt; or its subtag was empty. Automatically filled with standard structure '-' to comply with the schema sequence.
IRCT20251002067466N1,Warning: The container &lt;secondary_sponsor&gt; or its subtag was empty. Automatically filled with standard structure '-' to comply with the schema sequence.
IRCT20100107003014N28,Warning: The &lt;i_keyword&gt; tag exceeded the allowed limit. It will be truncated at 497 characters...
IRCT20100107003014N28,Warning: The container &lt;secondary_sponsor&gt; or its subtag was empty. Automatically filled with standard structure '-' to comply with the schema sequence.
IRCT20251016067650N1,Warning: The container &lt;secondary_outcome&gt; or its subtag was empty. Automatically filled with standard structure '-' to comply with the schema sequence.
IRCT20251016067650N1,Warning: The container &lt;secondary_sponsor&gt; or its subtag was empty. Automatically filled with standard structure '-' to comply with the schema sequence.
IRCT20170808035571N2,Warning: The container &lt;secondary_sponsor&gt; or its subtag was empty. Automatically filled with standard structure '-' to comply with the schema sequence.
IRCT20190122042453N4,Warning: The &lt;study_design&gt; tag exceeded the allowed limit. It will be truncated at 997 characters...
IRCT20190122042453N4,Warning: The &lt;i_keyword&gt; tag exceeded the allowed limit. It will be truncated at 497 characters...
IRCT20190122042453N4,Warning: The container &lt;secondary_sponsor&gt; or its subtag was empty. Automatically filled with standard structure '-' to comply with the schema sequence.
IRCT20251031067832N1,Warning: The &lt;study_design&gt; tag exceeded the allowed limit. It will be truncated at 997 characters...
IRCT20251031067832N1,Warning: The &lt;i_keyword&gt; tag exceeded the allowed limit. It will be truncated at 497 characters...
IRCT20251031067832N1,Warning: The container &lt;secondary_outcome&gt; or its subtag was empty. Automatically filled with standard structure '-' to comply with the schema sequence.
IRCT20251031067832N1,Warning: The container &lt;secondary_sponsor&gt; or its subtag was empty. Automatically filled with standard structure '-' to comply with the schema sequence.
IRCT20251028067794N1,Warning: The &lt;study_design&gt; tag exceeded the allowed limit. It will be truncated at 997 characters...
IRCT20251028067794N1,Warning: The &lt;i_keyword&gt; tag exceeded the allowed limit. It will be truncated at 497 characters...
IRCT20251028067794N1,Warning: The container &lt;secondary_sponsor&gt; or its subtag was empty. Automatically filled with standard structure '-' to comply with the schema sequence.
IRCT20200215046499N7,Warning: The &lt;study_design&gt; tag exceeded the allowed limit. It will be truncated at 997 characters...
IRCT20200215046499N7,Warning: The &lt;i_keyword&gt; tag exceeded the allowed limit. It will be truncated at 497 characters...
IRCT20200215046499N7,Warning: The &lt;i_keyword&gt; tag exceeded the allowed limit. It will be truncated at 497 characters...
IRCT20200215046499N7,Warning: The &lt;i_keyword&gt; tag exceeded the allowed limit. It will be truncated at 497 characters...
IRCT20200215046499N7,Warning: The container &lt;secondary_sponsor&gt; or its subtag was empty. Automatically filled with standard structure '-' to comply with the schema sequence.
IRCT20251025067751N1,Warning: The &lt;study_design&gt; tag exceeded the allowed limit. It will be truncated at 997 characters...
IRCT20251025067751N1,Warning: The container &lt;health_condition_code&gt; or its subtag was empty. Automatically filled with standard structure '-' to comply with the schema sequence.
IRCT20251025067751N1,Warning: The container &lt;health_condition_keyword&gt; or its subtag was empty. Automatically filled with standard structure '-' to comply with the schema sequence.
IRCT20251025067751N1,Warning: The container &lt;secondary_sponsor&gt; or its subtag was empty. Automatically filled with standard structure '-' to comply with the schema sequence.
IRCT20251104067879N1,Warning: The &lt;study_design&gt; tag exceeded the allowed limit. It will be truncated at 997 characters...
IRCT20251104067879N1,Warning: The &lt;i_keyword&gt; tag exceeded the allowed limit. It will be truncated at 497 characters...
IRCT20251104067879N1,Warning: The &lt;i_keyword&gt; tag exceeded the allowed limit. It will be truncated at 497 characters...
IRCT20251104067879N1,Warning: The container &lt;secondary_outcome&gt; or its subtag was empty. Automatically filled with standard structure '-' to comply with the schema sequence.
IRCT20251104067879N1,Warning: The container &lt;secondary_sponsor&gt; or its subtag was empty. Automatically filled with standard structure '-' to comply with the schema sequence.
IRCT20250725066627N1,Warning: The &lt;study_design&gt; tag exceeded the allowed limit. It will be truncated at 997 characters...
IRCT20250725066627N1,Warning: The container &lt;secondary_sponsor&gt; or its subtag was empty. Automatically filled with standard structure '-' to comply with the schema sequence.
IRCT20251027067788N1,Warning: The container &lt;secondary_outcome&gt; or its subtag was empty. Automatically filled with standard structure '-' to comply with the schema sequence.
IRCT20251027067788N1,Warning: The container &lt;secondary_sponsor&gt; or its subtag was empty. Automatically filled with standard structure '-' to comply with the schema sequence.
IRCT20251030067823N1,Warning: The container &lt;health_condition_code&gt; or its subtag was empty. Automatically filled with standard structure '-' to comply with the schema sequence.
IRCT20251030067823N1,Warning: The container &lt;health_condition_keyword&gt; or its subtag was empty. Automatically filled with standard structure '-' to comply with the schema sequence.
IRCT20251030067823N1,Warning: The container &lt;secondary_outcome&gt; or its subtag was empty. Automatically filled with standard structure '-' to comply with the schema sequence.
IRCT20251030067823N1,Warning: The container &lt;secondary_sponsor&gt; or its subtag was empty. Automatically filled with standard structure '-' to comply with the schema sequence.
IRCT20251031067831N1,Warning: The &lt;study_design&gt; tag exceeded the allowed limit. It will be truncated at 997 characters...
IRCT20251031067831N1,Warning: The container &lt;health_condition_code&gt; or its subtag was empty. Automatically filled with standard structure '-' to comply with the schema sequence.
IRCT20251031067831N1,Warning: The container &lt;health_condition_keyword&gt; or its subtag was empty. Automatically filled with standard structure '-' to comply with the schema sequence.
IRCT20251031067831N1,Warning: The container &lt;secondary_outcome&gt; or its subtag was empty. Automatically filled with standard structure '-' to comply with the schema sequence.
IRCT20251031067831N1,Warning: The container &lt;secondary_sponsor&gt; or its subtag was empty. Automatically filled with standard structure '-' to comply with the schema sequence.
IRCT20230629058615N12,Warning: The container &lt;secondary_sponsor&gt; or its subtag was empty. Automatically filled with standard structure '-' to comply with the schema sequence.
IRCT20150722023298N4,Warning: The container &lt;secondary_outcome&gt; or its subtag was empty. Automatically filled with standard structure '-' to comply with the schema sequence.
IRCT20150722023298N4,Warning: The container &lt;secondary_sponsor&gt; or its subtag was empty. Automatically filled with standard structure '-' to comply with the schema sequence.
IRCT20250819066911N1,Warning: The &lt;results_IPD_description&gt; tag exceeded the allowed limit. It will be truncated at 1997 characters...
IRCT20250819066911N1,Warning: The &lt;study_design&gt; tag exceeded the allowed limit. It will be truncated at 997 characters...
IRCT20250819066911N1,Warning: The &lt;i_keyword&gt; tag exceeded the allowed limit. It will be truncated at 497 characters...
IRCT20250819066911N1,Warning: The &lt;i_keyword&gt; tag exceeded the allowed limit. It will be truncated at 497 characters...
IRCT20250819066911N1,Warning: The container &lt;secondary_sponsor&gt; or its subtag was empty. Automatically filled with standard structure '-' to comply with the schema sequence.
IRCT20251024067744N1,Warning: The &lt;study_design&gt; tag exceeded the allowed limit. It will be truncated at 997 characters...
IRCT20251024067744N1,Warning: The &lt;i_keyword&gt; tag exceeded the allowed limit. It will be truncated at 497 characters...
IRCT20251024067744N1,Warning: The &lt;i_keyword&gt; tag exceeded the allowed limit. It will be truncated at 497 characters...
IRCT20251024067744N1,Warning: The container &lt;health_condition_code&gt; or its subtag was empty. Automatically filled with standard structure '-' to comply with the schema sequence.
IRCT20251024067744N1,Warning: The container &lt;health_condition_keyword&gt; or its subtag was empty. Automatically filled with standard structure '-' to comply with the schema sequence.
IRCT20251024067744N1,Warning: The container &lt;secondary_sponsor&gt; or its subtag was empty. Automatically filled with standard structure '-' to comply with the schema sequence.
IRCT20251005067513N1,Warning: The &lt;study_design&gt; tag exceeded the allowed limit. It will be truncated at 997 characters...
IRCT20251005067513N1,Warning: The &lt;i_keyword&gt; tag exceeded the allowed limit. It will be truncated at 497 characters...
IRCT20251005067513N1,Warning: The container &lt;health_condition_code&gt; or its subtag was empty. Automatically filled with standard structure '-' to comply with the schema sequence.
IRCT20251005067513N1,Warning: The container &lt;health_condition_keyword&gt; or its subtag was empty. Automatically filled with standard structure '-' to comply with the schema sequence.
IRCT20251005067513N1,Warning: The container &lt;secondary_outcome&gt; or its subtag was empty. Automatically filled with standard structure '-' to comply with the schema sequence.
IRCT20251005067513N1,Warning: The container &lt;secondary_sponsor&gt; or its subtag was empty. Automatically filled with standard structure '-' to comply with the schema sequence.
IRCT20231108059993N17,Warning: The &lt;study_design&gt; tag exceeded the allowed limit. It will be truncated at 997 characters...
IRCT20231108059993N17,Warning: The container &lt;health_condition_code&gt; or its subtag was empty. Automatically filled with standard structure '-' to comply with the schema sequence.
IRCT20231108059993N17,Warning: The container &lt;health_condition_keyword&gt; or its subtag was empty. Automatically filled with standard structure '-' to comply with the schema sequence.
IRCT20231108059993N17,Warning: The container &lt;secondary_outcome&gt; or its subtag was empty. Automatically filled with standard structure '-' to comply with the schema sequence.
IRCT20231108059993N17,Warning: The container &lt;secondary_sponsor&gt; or its subtag was empty. Automatically filled with standard structure '-' to comply with the schema sequence.
IRCT20251102067857N1,Warning: The container &lt;health_condition_code&gt; or its subtag was empty. Automatically filled with standard structure '-' to comply with the schema sequence.
IRCT20251102067857N1,Warning: The container &lt;health_condition_keyword&gt; or its subtag was empty. Automatically filled with standard structure '-' to comply with the schema sequence.
IRCT20251102067857N1,Warning: The container &lt;secondary_outcome&gt; or its subtag was empty. Automatically filled with standard structure '-' to comply with the schema sequence.
IRCT20251102067857N1,Warning: The container &lt;secondary_sponsor&gt; or its subtag was empty. Automatically filled with standard structure '-' to comply with the schema sequence.
IRCT20251112067972N1,Warning: The container &lt;secondary_outcome&gt; or its subtag was empty. Automatically filled with standard structure '-' to comply with the schema sequence.
IRCT20251112067972N1,Warning: The container &lt;secondary_sponsor&gt; or its subtag was empty. Automatically filled with standard structure '-' to comply with the schema sequence.
IRCT20251101067846N1,Warning: The &lt;study_design&gt; tag exceeded the allowed limit. It will be truncated at 997 characters...
IRCT20251101067846N1,Warning: The container &lt;secondary_outcome&gt; or its subtag was empty. Automatically filled with standard structure '-' to comply with the schema sequence.
IRCT20251101067846N1,Warning: The container &lt;secondary_sponsor&gt; or its subtag was empty. Automatically filled with standard structure '-' to comply with the schema sequence.
IRCT20251111067957N1,Warning: The &lt;study_design&gt; tag exceeded the allowed limit. It will be truncated at 997 characters...
IRCT20251111067957N1,Warning: The &lt;i_keyword&gt; tag exceeded the allowed limit. It will be truncated at 497 characters...
IRCT20251111067957N1,Warning: The container &lt;secondary_outcome&gt; or its subtag was empty. Automatically filled with standard structure '-' to comply with the schema sequence.
IRCT20251111067957N1,Warning: The container &lt;secondary_sponsor&gt; or its subtag was empty. Automatically filled with standard structure '-' to comply with the schema sequence.
IRCT20251108067920N1,Warning: The &lt;i_keyword&gt; tag exceeded the allowed limit. It will be truncated at 497 characters...
IRCT20251108067920N1,Warning: The &lt;i_keyword&gt; tag exceeded the allowed limit. It will be truncated at 497 characters...
IRCT20251108067920N1,Warning: The container &lt;secondary_outcome&gt; or its subtag was empty. Automatically filled with standard structure '-' to comply with the schema sequence.
IRCT20251108067920N1,Warning: The container &lt;secondary_sponsor&gt; or its subtag was empty. Automatically filled with standard structure '-' to comply with the schema sequence.
IRCT20251109067927N1,Warning: The &lt;study_design&gt; tag exceeded the allowed limit. It will be truncated at 997 characters...
IRCT20251109067927N1,Warning: The &lt;i_keyword&gt; tag exceeded the allowed limit. It will be truncated at 497 characters...
IRCT20251109067927N1,Warning: The container &lt;secondary_outcome&gt; or its subtag was empty. Automatically filled with standard structure '-' to comply with the schema sequence.
IRCT20251109067927N1,Warning: The container &lt;secondary_sponsor&gt; or its subtag was empty. Automatically filled with standard structure '-' to comply with the schema sequence.
IRCT20250917067281N1,Warning: The &lt;results_IPD_description&gt; tag exceeded the allowed limit. It will be truncated at 1997 characters...
IRCT20250917067281N1,Warning: The &lt;study_design&gt; tag exceeded the allowed limit. It will be truncated at 997 characters...
IRCT20250917067281N1,Warning: The container &lt;health_condition_code&gt; or its subtag was empty. Automatically filled with standard structure '-' to comply with the schema sequence.
IRCT20250917067281N1,Warning: The container &lt;health_condition_keyword&gt; or its subtag was empty. Automatically filled with standard structure '-' to comply with the schema sequence.
IRCT20250917067281N1,Warning: The container &lt;secondary_sponsor&gt; or its subtag was empty. Automatically filled with standard structure '-' to comply with the schema sequence.
IRCT20251022067728N1,Warning: The &lt;i_keyword&gt; tag exceeded the allowed limit. It will be truncated at 497 characters...
IRCT20251022067728N1,Warning: The container &lt;secondary_outcome&gt; or its subtag was empty. Automatically filled with standard structure '-' to comply with the schema sequence.
IRCT20251022067728N1,Warning: The container &lt;secondary_sponsor&gt; or its subtag was empty. Automatically filled with standard structure '-' to comply with the schema sequence.
IRCT20200721048159N10,Warning: The &lt;study_design&gt; tag exceeded the allowed limit. It will be truncated at 997 characters...
IRCT20200721048159N10,Warning: The container &lt;secondary_outcome&gt; or its subtag was empty. Automatically filled with standard structure '-' to comply with the schema sequence.
IRCT20200721048159N10,Warning: The container &lt;secondary_sponsor&gt; or its subtag was empty. Automatically filled with standard structure '-' to comply with the schema sequence.
IRCT20111122008170N16,Warning: The &lt;i_keyword&gt; tag exceeded the allowed limit. It will be truncated at 497 characters...
IRCT20111122008170N16,Warning: The container &lt;secondary_sponsor&gt; or its subtag was empty. Automatically filled with standard structure '-' to comply with the schema sequence.
IRCT20251118068041N1,Warning: The container &lt;secondary_sponsor&gt; or its subtag was empty. Automatically filled with standard structure '-' to comply with the schema sequence.
IRCT20251109067937N1,Warning: The &lt;study_design&gt; tag exceeded the allowed limit. It will be truncated at 997 characters...
IRCT20251109067937N1,Warning: The container &lt;secondary_outcome&gt; or its subtag was empty. Automatically filled with standard structure '-' to comply with the schema sequence.
IRCT20251109067937N1,Warning: The container &lt;secondary_sponsor&gt; or its subtag was empty. Automatically filled with standard structure '-' to comply with the schema sequence.
IRCT20251101067851N1,Warning: The &lt;i_freetext&gt; tag exceeded the allowed limit. It will be truncated at 2997 characters...
IRCT20251101067851N1,Warning: The &lt;study_design&gt; tag exceeded the allowed limit. It will be truncated at 997 characters...
IRCT20251101067851N1,Warning: The &lt;i_keyword&gt; tag exceeded the allowed limit. It will be truncated at 497 characters...
IRCT20251101067851N1,Warning: The &lt;i_keyword&gt; tag exceeded the allowed limit. It will be truncated at 497 characters...
IRCT20251101067851N1,Warning: The container &lt;secondary_outcome&gt; or its subtag was empty. Automatically filled with standard structure '-' to comply with the schema sequence.
IRCT20251101067851N1,Warning: The container &lt;secondary_sponsor&gt; or its subtag was empty. Automatically filled with standard structure '-' to comply with the schema sequence.
IRCT20201112049361N3,Warning: The &lt;study_design&gt; tag exceeded the allowed limit. It will be truncated at 997 characters...
IRCT20201112049361N3,Warning: The &lt;i_keyword&gt; tag exceeded the allowed limit. It will be truncated at 497 characters...
IRCT20201112049361N3,Warning: The &lt;i_keyword&gt; tag exceeded the allowed limit. It will be truncated at 497 characters...
IRCT20201112049361N3,Warning: The container &lt;secondary_outcome&gt; or its subtag was empty. Automatically filled with standard structure '-' to comply with the schema sequence.
IRCT20201112049361N3,Warning: The container &lt;secondary_sponsor&gt; or its subtag was empty. Automatically filled with standard structure '-' to comply with the schema sequence.
IRCT20250929067410N1,Warning: The &lt;study_design&gt; tag exceeded the allowed limit. It will be truncated at 997 characters...
IRCT20250929067410N1,Warning: The container &lt;secondary_sponsor&gt; or its subtag was empty. Automatically filled with standard structure '-' to comply with the schema sequence.
IRCT20180409039247N14,Warning: The &lt;i_keyword&gt; tag exceeded the allowed limit. It will be truncated at 497 characters...
IRCT20180409039247N14,Warning: The container &lt;secondary_outcome&gt; or its subtag was empty. Automatically filled with standard structure '-' to comply with the schema sequence.
IRCT20180409039247N14,Warning: The container &lt;secondary_sponsor&gt; or its subtag was empty. Automatically filled with standard structure '-' to comply with the schema sequence.
IRCT20250926067363N1,Warning: The &lt;study_design&gt; tag exceeded the allowed limit. It will be truncated at 997 characters...
IRCT20250926067363N1,Warning: The &lt;i_keyword&gt; tag exceeded the allowed limit. It will be truncated at 497 characters...
IRCT20250926067363N1,Warning: The container &lt;health_condition_code&gt; or its subtag was empty. Automatically filled with standard structure '-' to comply with the schema sequence.
IRCT20250926067363N1,Warning: The container &lt;health_condition_keyword&gt; or its subtag was empty. Automatically filled with standard structure '-' to comply with the schema sequence.
IRCT20250926067363N1,Warning: The container &lt;secondary_sponsor&gt; or its subtag was empty. Automatically filled with standard structure '-' to comply with the schema sequence.
IRCT20150420021869N11,Warning: The container &lt;secondary_outcome&gt; or its subtag was empty. Automatically filled with standard structure '-' to comply with the schema sequence.
IRCT20150420021869N11,Warning: The container &lt;secondary_sponsor&gt; or its subtag was empty. Automatically filled with standard structure '-' to comply with the schema sequence.
IRCT20221120056548N18,Warning: The container &lt;secondary_sponsor&gt; or its subtag was empty. Automatically filled with standard structure '-' to comply with the schema sequence.
IRCT20200716048118N3,Warning: The &lt;study_design&gt; tag exceeded the allowed limit. It will be truncated at 997 characters...
IRCT20200716048118N3,Warning: The container &lt;secondary_sponsor&gt; or its subtag was empty. Automatically filled with standard structure '-' to comply with the schema sequence.
IRCT20240609062065N5,Warning: The &lt;i_keyword&gt; tag exceeded the allowed limit. It will be truncated at 497 characters...
IRCT20240609062065N5,Warning: The container &lt;secondary_outcome&gt; or its subtag was empty. Automatically filled with standard structure '-' to comply with the schema sequence.
IRCT20240609062065N5,Warning: The container &lt;secondary_sponsor&gt; or its subtag was empty. Automatically filled with standard structure '-' to comply with the schema sequence.
IRCT20251125068103N1,Warning: The &lt;i_freetext&gt; tag exceeded the allowed limit. It will be truncated at 2997 characters...
IRCT20251125068103N1,Warning: The &lt;i_keyword&gt; tag exceeded the allowed limit. It will be truncated at 497 characters...
IRCT20251125068103N1,Warning: The &lt;i_keyword&gt; tag exceeded the allowed limit. It will be truncated at 497 characters...
IRCT20251125068103N1,Warning: The &lt;i_keyword&gt; tag exceeded the allowed limit. It will be truncated at 497 characters...
IRCT20251125068103N1,Warning: The container &lt;secondary_outcome&gt; or its subtag was empty. Automatically filled with standard structure '-' to comply with the schema sequence.
IRCT20251125068103N1,Warning: The container &lt;secondary_sponsor&gt; or its subtag was empty. Automatically filled with standard structure '-' to comply with the schema sequence.
IRCT20251117068027N1,Warning: The container &lt;health_condition_code&gt; or its subtag was empty. Automatically filled with standard structure '-' to comply with the schema sequence.
IRCT20251117068027N1,Warning: The container &lt;health_condition_keyword&gt; or its subtag was empty. Automatically filled with standard structure '-' to comply with the schema sequence.
IRCT20251117068027N1,Warning: The container &lt;secondary_sponsor&gt; or its subtag was empty. Automatically filled with standard structure '-' to comply with the schema sequence.
IRCT20250514065726N2,Warning: The &lt;i_keyword&gt; tag exceeded the allowed limit. It will be truncated at 497 characters...
IRCT20250514065726N2,Warning: The container &lt;health_condition_code&gt; or its subtag was empty. Automatically filled with standard structure '-' to comply with the schema sequence.
IRCT20250514065726N2,Warning: The container &lt;health_condition_keyword&gt; or its subtag was empty. Automatically filled with standard structure '-' to comply with the schema sequence.
IRCT20250514065726N2,Warning: The container &lt;secondary_outcome&gt; or its subtag was empty. Automatically filled with standard structure '-' to comply with the schema sequence.
IRCT20250514065726N2,Warning: The container &lt;secondary_sponsor&gt; or its subtag was empty. Automatically filled with standard structure '-' to comply with the schema sequence.
IRCT20251116068008N1,Warning: The &lt;results_IPD_description&gt; tag exceeded the allowed limit. It will be truncated at 1997 characters...
IRCT20251116068008N1,Warning: The &lt;study_design&gt; tag exceeded the allowed limit. It will be truncated at 997 characters...
IRCT20251116068008N1,Warning: The container &lt;health_condition_code&gt; or its subtag was empty. Automatically filled with standard structure '-' to comply with the schema sequence.
IRCT20251116068008N1,Warning: The container &lt;health_condition_keyword&gt; or its subtag was empty. Automatically filled with standard structure '-' to comply with the schema sequence.
IRCT20251116068008N1,Warning: The container &lt;secondary_outcome&gt; or its subtag was empty. Automatically filled with standard structure '-' to comply with the schema sequence.
IRCT20251116068008N1,Warning: The container &lt;secondary_sponsor&gt; or its subtag was empty. Automatically filled with standard structure '-' to comply with the schema sequence.
IRCT20200411047023N2,Warning: The &lt;i_keyword&gt; tag exceeded the allowed limit. It will be truncated at 497 characters...
IRCT20200411047023N2,Warning: The &lt;i_keyword&gt; tag exceeded the allowed limit. It will be truncated at 497 characters...
IRCT20200411047023N2,Warning: The container &lt;health_condition_code&gt; or its subtag was empty. Automatically filled with standard structure '-' to comply with the schema sequence.
IRCT20200411047023N2,Warning: The container &lt;health_condition_keyword&gt; or its subtag was empty. Automatically filled with standard structure '-' to comply with the schema sequence.
IRCT20200411047023N2,Warning: The container &lt;secondary_outcome&gt; or its subtag was empty. Automatically filled with standard structure '-' to comply with the schema sequence.
IRCT20200411047023N2,Warning: The container &lt;secondary_sponsor&gt; or its subtag was empty. Automatically filled with standard structure '-' to comply with the schema sequence.
IRCT20251124068097N1,Warning: The &lt;results_IPD_description&gt; tag exceeded the allowed limit. It will be truncated at 1997 characters...
IRCT20251124068097N1,Warning: The &lt;study_design&gt; tag exceeded the allowed limit. It will be truncated at 997 characters...
IRCT20251124068097N1,Warning: The container &lt;health_condition_code&gt; or its subtag was empty. Automatically filled with standard structure '-' to comply with the schema sequence.
IRCT20251124068097N1,Warning: The container &lt;health_condition_keyword&gt; or its subtag was empty. Automatically filled with standard structure '-' to comply with the schema sequence.
IRCT20251124068097N1,Warning: The container &lt;secondary_sponsor&gt; or its subtag was empty. Automatically filled with standard structure '-' to comply with the schema sequence.
IRCT20250114064382N2,Warning: The &lt;i_keyword&gt; tag exceeded the allowed limit. It will be truncated at 497 characters...
IRCT20250114064382N2,Warning: The container &lt;secondary_outcome&gt; or its subtag was empty. Automatically filled with standard structure '-' to comply with the schema sequence.
IRCT20250114064382N2,Warning: The container &lt;secondary_sponsor&gt; or its subtag was empty. Automatically filled with standard structure '-' to comply with the schema sequence.
IRCT20130313012810N88,Warning: The container &lt;health_condition_code&gt; or its subtag was empty. Automatically filled with standard structure '-' to comply with the schema sequence.
IRCT20130313012810N88,Warning: The container &lt;health_condition_keyword&gt; or its subtag was empty. Automatically filled with standard structure '-' to comply with the schema sequence.
IRCT20130313012810N88,Warning: The container &lt;secondary_outcome&gt; or its subtag was empty. Automatically filled with standard structure '-' to comply with the schema sequence.
IRCT20130313012810N88,Warning: The container &lt;secondary_sponsor&gt; or its subtag was empty. Automatically filled with standard structure '-' to comply with the schema sequence.
IRCT20231108059993N14,Warning: The &lt;study_design&gt; tag exceeded the allowed limit. It will be truncated at 997 characters...
IRCT20231108059993N14,Warning: The container &lt;health_condition_code&gt; or its subtag was empty. Automatically filled with standard structure '-' to comply with the schema sequence.
IRCT20231108059993N14,Warning: The container &lt;health_condition_keyword&gt; or its subtag was empty. Automatically filled with standard structure '-' to comply with the schema sequence.
IRCT20231108059993N14,Warning: The container &lt;secondary_outcome&gt; or its subtag was empty. Automatically filled with standard structure '-' to comply with the schema sequence.
IRCT20231108059993N14,Warning: The container &lt;secondary_sponsor&gt; or its subtag was empty. Automatically filled with standard structure '-' to comply with the schema sequence.
IRCT20251128068141N1,Warning: The &lt;i_freetext&gt; tag exceeded the allowed limit. It will be truncated at 2997 characters...
IRCT20251128068141N1,Warning: The &lt;study_design&gt; tag exceeded the allowed limit. It will be truncated at 997 characters...
IRCT20251128068141N1,Warning: The &lt;i_keyword&gt; tag exceeded the allowed limit. It will be truncated at 497 characters...
IRCT20251128068141N1,Warning: The &lt;i_keyword&gt; tag exceeded the allowed limit. It will be truncated at 497 characters...
IRCT20251128068141N1,Warning: The &lt;i_keyword&gt; tag exceeded the allowed limit. It will be truncated at 497 characters...
IRCT20251128068141N1,Warning: The container &lt;secondary_sponsor&gt; or its subtag was empty. Automatically filled with standard structure '-' to comply with the schema sequence.
IRCT20250729066676N1,Warning: The &lt;i_keyword&gt; tag exceeded the allowed limit. It will be truncated at 497 characters...
IRCT20250729066676N1,Warning: The container &lt;health_condition_code&gt; or its subtag was empty. Automatically filled with standard structure '-' to comply with the schema sequence.
IRCT20250729066676N1,Warning: The container &lt;health_condition_keyword&gt; or its subtag was empty. Automatically filled with standard structure '-' to comply with the schema sequence.
IRCT20250729066676N1,Warning: The container &lt;secondary_outcome&gt; or its subtag was empty. Automatically filled with standard structure '-' to comply with the schema sequence.
IRCT20250729066676N1,Warning: The container &lt;secondary_sponsor&gt; or its subtag was empty. Automatically filled with standard structure '-' to comply with the schema sequence.
IRCT20131204015650N10,Warning: The &lt;i_keyword&gt; tag exceeded the allowed limit. It will be truncated at 497 characters...
IRCT20131204015650N10,Warning: The container &lt;secondary_sponsor&gt; or its subtag was empty. Automatically filled with standard structure '-' to comply with the schema sequence.
IRCT20251201068178N1,Warning: The &lt;study_design&gt; tag exceeded the allowed limit. It will be truncated at 997 characters...
IRCT20251201068178N1,Warning: The &lt;i_keyword&gt; tag exceeded the allowed limit. It will be truncated at 497 characters...
IRCT20251201068178N1,Warning: The &lt;i_keyword&gt; tag exceeded the allowed limit. It will be truncated at 497 characters...
IRCT20251201068178N1,Warning: The container &lt;health_condition_code&gt; or its subtag was empty. Automatically filled with standard structure '-' to comply with the schema sequence.
IRCT20251201068178N1,Warning: The container &lt;health_condition_keyword&gt; or its subtag was empty. Automatically filled with standard structure '-' to comply with the schema sequence.
IRCT20251201068178N1,Warning: The container &lt;secondary_outcome&gt; or its subtag was empty. Automatically filled with standard structure '-' to comply with the schema sequence.
IRCT20251201068178N1,Warning: The container &lt;secondary_sponsor&gt; or its subtag was empty. Automatically filled with standard structure '-' to comply with the schema sequence.
IRCT20251205068219N1,Warning: The container &lt;secondary_sponsor&gt; or its subtag was empty. Automatically filled with standard structure '-' to comply with the schema sequence.
IRCT20251127068135N1,Warning: The container &lt;secondary_sponsor&gt; or its subtag was empty. Automatically filled with standard structure '-' to comply with the schema sequence.
IRCT20251210068272N1,Warning: The &lt;i_keyword&gt; tag exceeded the allowed limit. It will be truncated at 497 characters...
IRCT20251210068272N1,Warning: The container &lt;secondary_outcome&gt; or its subtag was empty. Automatically filled with standard structure '-' to comply with the schema sequence.
IRCT20251210068272N1,Warning: The container &lt;secondary_sponsor&gt; or its subtag was empty. Automatically filled with standard structure '-' to comply with the schema sequence.
IRCT20241115063717N2,Warning: The &lt;i_freetext&gt; tag exceeded the allowed limit. It will be truncated at 2997 characters...
IRCT20241115063717N2,Warning: The &lt;i_keyword&gt; tag exceeded the allowed limit. It will be truncated at 497 characters...
IRCT20241115063717N2,Warning: The &lt;i_keyword&gt; tag exceeded the allowed limit. It will be truncated at 497 characters...
IRCT20241115063717N2,Warning: The container &lt;health_condition_code&gt; or its subtag was empty. Automatically filled with standard structure '-' to comply with the schema sequence.
IRCT20241115063717N2,Warning: The container &lt;health_condition_keyword&gt; or its subtag was empty. Automatically filled with standard structure '-' to comply with the schema sequence.
IRCT20241115063717N2,Warning: The container &lt;secondary_sponsor&gt; or its subtag was empty. Automatically filled with standard structure '-' to comply with the schema sequence.
IRCT20251202068188N1,Warning: The &lt;study_design&gt; tag exceeded the allowed limit. It will be truncated at 997 characters...
IRCT20251202068188N1,Warning: The container &lt;secondary_sponsor&gt; or its subtag was empty. Automatically filled with standard structure '-' to comply with the schema sequence.
IRCT20190624043991N37,Warning: The &lt;study_design&gt; tag exceeded the allowed limit. It will be truncated at 997 characters...
IRCT20190624043991N37,Warning: The &lt;i_keyword&gt; tag exceeded the allowed limit. It will be truncated at 497 characters...
IRCT20190624043991N37,Warning: The container &lt;secondary_sponsor&gt; or its subtag was empty. Automatically filled with standard structure '-' to comply with the schema sequence.
IRCT20250520065818N1,Warning: The container &lt;health_condition_code&gt; or its subtag was empty. Automatically filled with standard structure '-' to comply with the schema sequence.
IRCT20250520065818N1,Warning: The container &lt;health_condition_keyword&gt; or its subtag was empty. Automatically filled with standard structure '-' to comply with the schema sequence.
IRCT20250520065818N1,Warning: The container &lt;secondary_sponsor&gt; or its subtag was empty. Automatically filled with standard structure '-' to comply with the schema sequence.
IRCT20230130057273N4,Warning: The &lt;study_design&gt; tag exceeded the allowed limit. It will be truncated at 997 characters...
IRCT20230130057273N4,Warning: The container &lt;secondary_outcome&gt; or its subtag was empty. Automatically filled with standard structure '-' to comply with the schema sequence.
IRCT20230130057273N4,Warning: The container &lt;secondary_sponsor&gt; or its subtag was empty. Automatically filled with standard structure '-' to comply with the schema sequence.
IRCT20251213068319N1,Warning: The &lt;i_freetext&gt; tag exceeded the allowed limit. It will be truncated at 2997 characters...
IRCT20251213068319N1,Warning: The &lt;study_design&gt; tag exceeded the allowed limit. It will be truncated at 997 characters...
IRCT20251213068319N1,Warning: The &lt;i_keyword&gt; tag exceeded the allowed limit. It will be truncated at 497 characters...
IRCT20251213068319N1,Warning: The &lt;i_keyword&gt; tag exceeded the allowed limit. It will be truncated at 497 characters...
IRCT20251213068319N1,Warning: The container &lt;health_condition_code&gt; or its subtag was empty. Automatically filled with standard structure '-' to comply with the schema sequence.
IRCT20251213068319N1,Warning: The container &lt;health_condition_keyword&gt; or its subtag was empty. Automatically filled with standard structure '-' to comply with the schema sequence.
IRCT20251213068319N1,Warning: The container &lt;secondary_sponsor&gt; or its subtag was empty. Automatically filled with standard structure '-' to comply with the schema sequence.
IRCT20251210068282N1,Warning: The &lt;i_keyword&gt; tag exceeded the allowed limit. It will be truncated at 497 characters...
IRCT20251210068282N1,Warning: The container &lt;secondary_outcome&gt; or its subtag was empty. Automatically filled with standard structure '-' to comply with the schema sequence.
IRCT20251210068282N1,Warning: The container &lt;secondary_sponsor&gt; or its subtag was empty. Automatically filled with standard structure '-' to comply with the schema sequence.
IRCT20130313012810N79,Warning: The container &lt;secondary_sponsor&gt; or its subtag was empty. Automatically filled with standard structure '-' to comply with the schema sequence.
IRCT20251208068248N1,Warning: The &lt;i_keyword&gt; tag exceeded the allowed limit. It will be truncated at 497 characters...
IRCT20251208068248N1,Warning: The &lt;i_keyword&gt; tag exceeded the allowed limit. It will be truncated at 497 characters...
IRCT20251208068248N1,Warning: The container &lt;secondary_sponsor&gt; or its subtag was empty. Automatically filled with standard structure '-' to comply with the schema sequence.
IRCT20251214068325N1,Warning: The &lt;study_design&gt; tag exceeded the allowed limit. It will be truncated at 997 characters...
IRCT20251214068325N1,Warning: The container &lt;secondary_sponsor&gt; or its subtag was empty. Automatically filled with standard structure '-' to comply with the schema sequence.
IRCT20251211068289N2,Warning: The &lt;study_design&gt; tag exceeded the allowed limit. It will be truncated at 997 characters...
IRCT20251211068289N2,Warning: The container &lt;secondary_outcome&gt; or its subtag was empty. Automatically filled with standard structure '-' to comply with the schema sequence.
IRCT20251211068289N2,Warning: The container &lt;secondary_sponsor&gt; or its subtag was empty. Automatically filled with standard structure '-' to comply with the schema sequence.
IRCT20180528039878N6,Warning: The container &lt;secondary_sponsor&gt; or its subtag was empty. Automatically filled with standard structure '-' to comply with the schema sequence.
IRCT20251211068287N4,Warning: The container &lt;secondary_sponsor&gt; or its subtag was empty. Automatically filled with standard structure '-' to comply with the schema sequence.
IRCT20251115067999N1,Warning: The container &lt;health_condition_code&gt; or its subtag was empty. Automatically filled with standard structure '-' to comply with the schema sequence.
IRCT20251115067999N1,Warning: The container &lt;secondary_sponsor&gt; or its subtag was empty. Automatically filled with standard structure '-' to comply with the schema sequence.
IRCT20251211068287N2,Warning: The &lt;study_design&gt; tag exceeded the allowed limit. It will be truncated at 997 characters...
IRCT20251211068287N2,Warning: The container &lt;health_condition_code&gt; or its subtag was empty. Automatically filled with standard structure '-' to comply with the schema sequence.
IRCT20251211068287N2,Warning: The container &lt;health_condition_keyword&gt; or its subtag was empty. Automatically filled with standard structure '-' to comply with the schema sequence.
IRCT20251211068287N2,Warning: The container &lt;secondary_sponsor&gt; or its subtag was empty. Automatically filled with standard structure '-' to comply with the schema sequence.
IRCT20251214068338N1,Warning: The &lt;study_design&gt; tag exceeded the allowed limit. It will be truncated at 997 characters...
IRCT20251214068338N1,Warning: The &lt;i_keyword&gt; tag exceeded the allowed limit. It will be truncated at 497 characters...
IRCT20251214068338N1,Warning: The container &lt;health_condition_code&gt; or its subtag was empty. Automatically filled with standard structure '-' to comply with the schema sequence.
IRCT20251214068338N1,Warning: The container &lt;health_condition_keyword&gt; or its subtag was empty. Automatically filled with standard structure '-' to comply with the schema sequence.
IRCT20251214068338N1,Warning: The container &lt;secondary_sponsor&gt; or its subtag was empty. Automatically filled with standard structure '-' to comply with the schema sequence.
IRCT20251213068320N1,Warning: The &lt;study_design&gt; tag exceeded the allowed limit. It will be truncated at 997 characters...
IRCT20251213068320N1,Warning: The &lt;i_keyword&gt; tag exceeded the allowed limit. It will be truncated at 497 characters...
IRCT20251213068320N1,Warning: The &lt;i_keyword&gt; tag exceeded the allowed limit. It will be truncated at 497 characters...
IRCT20251213068320N1,Warning: The container &lt;secondary_sponsor&gt; or its subtag was empty. Automatically filled with standard structure '-' to comply with the schema sequence.
IRCT20230123057193N8,Warning: The &lt;study_design&gt; tag exceeded the allowed limit. It will be truncated at 997 characters...
IRCT20230123057193N8,Warning: The container &lt;secondary_outcome&gt; or its subtag was empty. Automatically filled with standard structure '-' to comply with the schema sequence.
IRCT20230123057193N8,Warning: The container &lt;secondary_sponsor&gt; or its subtag was empty. Automatically filled with standard structure '-' to comply with the schema sequence.
IRCT20251216068360N1,Warning: The container &lt;secondary_outcome&gt; or its subtag was empty. Automatically filled with standard structure '-' to comply with the schema sequence.
IRCT20251216068360N1,Warning: The container &lt;secondary_sponsor&gt; or its subtag was empty. Automatically filled with standard structure '-' to comply with the schema sequence.
IRCT20200105046010N170,Warning: The &lt;study_design&gt; tag exceeded the allowed limit. It will be truncated at 997 characters...
IRCT20200105046010N170,Warning: The container &lt;health_condition_code&gt; or its subtag was empty. Automatically filled with standard structure '-' to comply with the schema sequence.
IRCT20200105046010N170,Warning: The container &lt;health_condition_keyword&gt; or its subtag was empty. Automatically filled with standard structure '-' to comply with the schema sequence.
IRCT20200105046010N170,Warning: The container &lt;secondary_sponsor&gt; or its subtag was empty. Automatically filled with standard structure '-' to comply with the schema sequence.
IRCT20251214068337N1,Warning: The &lt;study_design&gt; tag exceeded the allowed limit. It will be truncated at 997 characters...
IRCT20251214068337N1,Warning: The &lt;i_keyword&gt; tag exceeded the allowed limit. It will be truncated at 497 characters...
IRCT20251214068337N1,Warning: The container &lt;secondary_outcome&gt; or its subtag was empty. Automatically filled with standard structure '-' to comply with the schema sequence.
IRCT20251214068337N1,Warning: The container &lt;secondary_sponsor&gt; or its subtag was empty. Automatically filled with standard structure '-' to comply with the schema sequence.
IRCT20250410065283N2,Warning: The &lt;i_keyword&gt; tag exceeded the allowed limit. It will be truncated at 497 characters...
IRCT20250410065283N2,Warning: The &lt;i_keyword&gt; tag exceeded the allowed limit. It will be truncated at 497 characters...
IRCT20250410065283N2,Warning: The container &lt;secondary_outcome&gt; or its subtag was empty. Automatically filled with standard structure '-' to comply with the schema sequence.
IRCT20250410065283N2,Warning: The container &lt;secondary_sponsor&gt; or its subtag was empty. Automatically filled with standard structure '-' to comply with the schema sequence.
IRCT20150205020965N14,Warning: The &lt;study_design&gt; tag exceeded the allowed limit. It will be truncated at 997 characters...
IRCT20150205020965N14,Warning: The container &lt;health_condition_code&gt; or its subtag was empty. Automatically filled with standard structure '-' to comply with the schema sequence.
IRCT20150205020965N14,Warning: The container &lt;health_condition_keyword&gt; or its subtag was empty. Automatically filled with standard structure '-' to comply with the schema sequence.
IRCT20251022067720N1,Warning: The container &lt;secondary_outcome&gt; or its subtag was empty. Automatically filled with standard structure '-' to comply with the schema sequence.
IRCT20251022067720N1,Warning: The container &lt;secondary_sponsor&gt; or its subtag was empty. Automatically filled with standard structure '-' to comply with the schema sequence.
IRCT20251216068353N1,Warning: The &lt;results_IPD_description&gt; tag exceeded the allowed limit. It will be truncated at 1997 characters...
IRCT20251216068353N1,Warning: The &lt;study_design&gt; tag exceeded the allowed limit. It will be truncated at 997 characters...
IRCT20251216068353N1,Warning: The &lt;i_keyword&gt; tag exceeded the allowed limit. It will be truncated at 497 characters...
IRCT20251216068353N1,Warning: The &lt;i_keyword&gt; tag exceeded the allowed limit. It will be truncated at 497 characters...
IRCT20251216068353N1,Warning: The container &lt;secondary_sponsor&gt; or its subtag was empty. Automatically filled with standard structure '-' to comply with the schema sequence.
IRCT20251211068284N1,Warning: The &lt;i_keyword&gt; tag exceeded the allowed limit. It will be truncated at 497 characters...
IRCT20251211068284N1,Warning: The &lt;i_keyword&gt; tag exceeded the allowed limit. It will be truncated at 497 characters...
IRCT20251211068284N1,Warning: The container &lt;health_condition_code&gt; or its subtag was empty. Automatically filled with standard structure '-' to comply with the schema sequence.
IRCT20251211068284N1,Warning: The container &lt;health_condition_keyword&gt; or its subtag was empty. Automatically filled with standard structure '-' to comply with the schema sequence.
IRCT20251211068284N1,Warning: The container &lt;secondary_sponsor&gt; or its subtag was empty. Automatically filled with standard structure '-' to comply with the schema sequence.
IRCT20251208068255N1,Warning: The &lt;study_design&gt; tag exceeded the allowed limit. It will be truncated at 997 characters...
IRCT20251208068255N1,Warning: The &lt;i_keyword&gt; tag exceeded the allowed limit. It will be truncated at 497 characters...
IRCT20251208068255N1,Warning: The container &lt;secondary_sponsor&gt; or its subtag was empty. Automatically filled with standard structure '-' to comply with the schema sequence.
IRCT20200328046886N9,Warning: The &lt;study_design&gt; tag exceeded the allowed limit. It will be truncated at 997 characters...
IRCT20200328046886N9,Warning: The container &lt;secondary_sponsor&gt; or its subtag was empty. Automatically filled with standard structure '-' to comply with the schema sequence.
IRCT20160815029374N11,Warning: The container &lt;secondary_outcome&gt; or its subtag was empty. Automatically filled with standard structure '-' to comply with the schema sequence.
IRCT20160815029374N11,Warning: The container &lt;secondary_sponsor&gt; or its subtag was empty. Automatically filled with standard structure '-' to comply with the schema sequence.
IRCT20250420065398N1,Warning: The &lt;study_design&gt; tag exceeded the allowed limit. It will be truncated at 997 characters...
IRCT20250420065398N1,Warning: The &lt;i_keyword&gt; tag exceeded the allowed limit. It will be truncated at 497 characters...
IRCT20250420065398N1,Warning: The container &lt;secondary_sponsor&gt; or its subtag was empty. Automatically filled with standard structure '-' to comply with the schema sequence.
IRCT20251219068382N1,Warning: The &lt;i_keyword&gt; tag exceeded the allowed limit. It will be truncated at 497 characters...
IRCT20251219068382N1,Warning: The container &lt;secondary_sponsor&gt; or its subtag was empty. Automatically filled with standard structure '-' to comply with the schema sequence.
IRCT20251217068362N1,Warning: The &lt;study_design&gt; tag exceeded the allowed limit. It will be truncated at 997 characters...
IRCT20251217068362N1,Warning: The container &lt;health_condition_code&gt; or its subtag was empty. Automatically filled with standard structure '-' to comply with the schema sequence.
IRCT20251217068362N1,Warning: The container &lt;health_condition_keyword&gt; or its subtag was empty. Automatically filled with standard structure '-' to comply with the schema sequence.
IRCT20251217068362N1,Warning: The container &lt;secondary_outcome&gt; or its subtag was empty. Automatically filled with standard structure '-' to comply with the schema sequence.
IRCT20251217068362N1,Warning: The container &lt;secondary_sponsor&gt; or its subtag was empty. Automatically filled with standard structure '-' to comply with the schema sequence.
IRCT20130814014359N6,Warning: The &lt;study_design&gt; tag exceeded the allowed limit. It will be truncated at 997 characters...
IRCT20130814014359N6,Warning: The container &lt;secondary_sponsor&gt; or its subtag was empty. Automatically filled with standard structure '-' to comply with the schema sequence.
IRCT20251216068355N1,Warning: The &lt;study_design&gt; tag exceeded the allowed limit. It will be truncated at 997 characters...
IRCT20251216068355N1,Warning: The &lt;i_keyword&gt; tag exceeded the allowed limit. It will be truncated at 497 characters...
IRCT20251216068355N1,Warning: The container &lt;secondary_outcome&gt; or its subtag was empty. Automatically filled with standard structure '-' to comply with the schema sequence.
IRCT20251216068355N1,Warning: The container &lt;secondary_sponsor&gt; or its subtag was empty. Automatically filled with standard structure '-' to comply with the schema sequence.
IRCT20190908044722N14,Warning: The container &lt;health_condition_code&gt; or its subtag was empty. Automatically filled with standard structure '-' to comply with the schema sequence.
IRCT20190908044722N14,Warning: The container &lt;health_condition_keyword&gt; or its subtag was empty. Automatically filled with standard structure '-' to comply with the schema sequence.
IRCT20190908044722N14,Warning: The container &lt;secondary_outcome&gt; or its subtag was empty. Automatically filled with standard structure '-' to comply with the schema sequence.
IRCT20190908044722N14,Warning: The container &lt;secondary_sponsor&gt; or its subtag was empty. Automatically filled with standard structure '-' to comply with the schema sequence.
IRCT20251221068402N1,Warning: The &lt;study_design&gt; tag exceeded the allowed limit. It will be truncated at 997 characters...
IRCT20251221068402N1,Warning: The &lt;i_keyword&gt; tag exceeded the allowed limit. It will be truncated at 497 characters...
IRCT20251221068402N1,Warning: The &lt;i_keyword&gt; tag exceeded the allowed limit. It will be truncated at 497 characters...
IRCT20251221068402N1,Warning: The container &lt;secondary_sponsor&gt; or its subtag was empty. Automatically filled with standard structure '-' to comply with the schema sequence.
IRCT20251221068394N1,Warning: The &lt;i_keyword&gt; tag exceeded the allowed limit. It will be truncated at 497 characters...
IRCT20251221068394N1,Warning: The container &lt;health_condition_code&gt; or its subtag was empty. Automatically filled with standard structure '-' to comply with the schema sequence.
IRCT20251221068394N1,Warning: The container &lt;health_condition_keyword&gt; or its subtag was empty. Automatically filled with standard structure '-' to comply with the schema sequence.
IRCT20251221068394N1,Warning: The container &lt;secondary_outcome&gt; or its subtag was empty. Automatically filled with standard structure '-' to comply with the schema sequence.
IRCT20251221068394N1,Warning: The container &lt;secondary_sponsor&gt; or its subtag was empty. Automatically filled with standard structure '-' to comply with the schema sequence.
IRCT20251222068408N1,Warning: The &lt;study_design&gt; tag exceeded the allowed limit. It will be truncated at 997 characters...
IRCT20251222068408N1,Warning: The &lt;i_keyword&gt; tag exceeded the allowed limit. It will be truncated at 497 characters...
IRCT20251222068408N1,Warning: The &lt;i_keyword&gt; tag exceeded the allowed limit. It will be truncated at 497 characters...
IRCT20251222068408N1,Warning: The container &lt;secondary_sponsor&gt; or its subtag was empty. Automatically filled with standard structure '-' to comply with the schema sequence.
IRCT20251223068424N1,Warning: The &lt;study_design&gt; tag exceeded the allowed limit. It will be truncated at 997 characters...
IRCT20251223068424N1,Warning: The &lt;i_keyword&gt; tag exceeded the allowed limit. It will be truncated at 497 characters...
IRCT20251223068424N1,Warning: The &lt;i_keyword&gt; tag exceeded the allowed limit. It will be truncated at 497 characters...
IRCT20251223068424N1,Warning: The container &lt;health_condition_code&gt; or its subtag was empty. Automatically filled with standard structure '-' to comply with the schema sequence.
IRCT20251223068424N1,Warning: The container &lt;health_condition_keyword&gt; or its subtag was empty. Automatically filled with standard structure '-' to comply with the schema sequence.
IRCT20251223068424N1,Warning: The container &lt;secondary_outcome&gt; or its subtag was empty. Automatically filled with standard structure '-' to comply with the schema sequence.
IRCT20251223068424N1,Warning: The container &lt;secondary_sponsor&gt; or its subtag was empty. Automatically filled with standard structure '-' to comply with the schema sequence.
IRCT20251222068413N1,Warning: The &lt;study_design&gt; tag exceeded the allowed limit. It will be truncated at 997 characters...
IRCT20251222068413N1,Warning: The &lt;i_keyword&gt; tag exceeded the allowed limit. It will be truncated at 497 characters...
IRCT20251222068413N1,Warning: The &lt;i_keyword&gt; tag exceeded the allowed limit. It will be truncated at 497 characters...
IRCT20251222068413N1,Warning: The container &lt;secondary_outcome&gt; or its subtag was empty. Automatically filled with standard structure '-' to comply with the schema sequence.
IRCT20251222068413N1,Warning: The container &lt;secondary_sponsor&gt; or its subtag was empty. Automatically filled with standard structure '-' to comply with the schema sequence.
IRCT20251223068426N1,Warning: The container &lt;secondary_sponsor&gt; or its subtag was empty. Automatically filled with standard structure '-' to comply with the schema sequence.
IRCT20251213068314N1,Warning: The container &lt;health_condition_code&gt; or its subtag was empty. Automatically filled with standard structure '-' to comply with the schema sequence.
IRCT20251213068314N1,Warning: The container &lt;health_condition_keyword&gt; or its subtag was empty. Automatically filled with standard structure '-' to comply with the schema sequence.
IRCT20251213068314N1,Warning: The container &lt;secondary_outcome&gt; or its subtag was empty. Automatically filled with standard structure '-' to comply with the schema sequence.
IRCT20251213068314N1,Warning: The container &lt;secondary_sponsor&gt; or its subtag was empty. Automatically filled with standard structure '-' to comply with the schema sequence.
IRCT20251217068368N1,Warning: The &lt;study_design&gt; tag exceeded the allowed limit. It will be truncated at 997 characters...
IRCT20251217068368N1,Warning: The &lt;i_keyword&gt; tag exceeded the allowed limit. It will be truncated at 497 characters...
IRCT20251217068368N1,Warning: The &lt;i_keyword&gt; tag exceeded the allowed limit. It will be truncated at 497 characters...
IRCT20251217068368N1,Warning: The container &lt;health_condition_code&gt; or its subtag was empty. Automatically filled with standard structure '-' to comply with the schema sequence.
IRCT20251217068368N1,Warning: The container &lt;health_condition_keyword&gt; or its subtag was empty. Automatically filled with standard structure '-' to comply with the schema sequence.
IRCT20251217068368N1,Warning: The container &lt;secondary_sponsor&gt; or its subtag was empty. Automatically filled with standard structure '-' to comply with the schema sequence.
IRCT20251226068448N1,Warning: The &lt;study_design&gt; tag exceeded the allowed limit. It will be truncated at 997 characters...
IRCT20251226068448N1,Warning: The &lt;i_keyword&gt; tag exceeded the allowed limit. It will be truncated at 497 characters...
IRCT20251226068448N1,Warning: The &lt;i_keyword&gt; tag exceeded the allowed limit. It will be truncated at 497 characters...
IRCT20251226068448N1,Warning: The container &lt;secondary_sponsor&gt; or its subtag was empty. Automatically filled with standard structure '-' to comply with the schema sequence.
IRCT20240519061839N1,Warning: The &lt;i_keyword&gt; tag exceeded the allowed limit. It will be truncated at 497 characters...
IRCT20240519061839N1,Warning: The container &lt;secondary_sponsor&gt; or its subtag was empty. Automatically filled with standard structure '-' to comply with the schema sequence.
IRCT20251202068190N1,Warning: The &lt;i_keyword&gt; tag exceeded the allowed limit. It will be truncated at 497 characters...
IRCT20251202068190N1,Warning: The &lt;i_keyword&gt; tag exceeded the allowed limit. It will be truncated at 497 characters...
IRCT20251202068190N1,Warning: The container &lt;health_condition_code&gt; or its subtag was empty. Automatically filled with standard structure '-' to comply with the schema sequence.
IRCT20251202068190N1,Warning: The container &lt;health_condition_keyword&gt; or its subtag was empty. Automatically filled with standard structure '-' to comply with the schema sequence.
IRCT20251202068190N1,Warning: The container &lt;secondary_sponsor&gt; or its subtag was empty. Automatically filled with standard structure '-' to comply with the schema sequence.
IRCT20141222020401N10,Warning: The &lt;i_freetext&gt; tag exceeded the allowed limit. It will be truncated at 2997 characters...
IRCT20141222020401N10,Warning: The &lt;i_keyword&gt; tag exceeded the allowed limit. It will be truncated at 497 characters...
IRCT20141222020401N10,Warning: The &lt;i_keyword&gt; tag exceeded the allowed limit. It will be truncated at 497 characters...
IRCT20141222020401N10,Warning: The container &lt;secondary_sponsor&gt; or its subtag was empty. Automatically filled with standard structure '-' to comply with the schema sequence.
IRCT20251218068374N1,Warning: The container &lt;secondary_outcome&gt; or its subtag was empty. Automatically filled with standard structure '-' to comply with the schema sequence.
IRCT20251218068374N1,Warning: The container &lt;secondary_sponsor&gt; or its subtag was empty. Automatically filled with standard structure '-' to comply with the schema sequence.
IRCT20201121049457N3,Warning: The &lt;study_design&gt; tag exceeded the allowed limit. It will be truncated at 997 characters...
IRCT20201121049457N3,Warning: The container &lt;secondary_sponsor&gt; or its subtag was empty. Automatically filled with standard structure '-' to comply with the schema sequence.
IRCT20211201053244N7,Warning: The &lt;study_design&gt; tag exceeded the allowed limit. It will be truncated at 997 characters...
IRCT20211201053244N7,Warning: The &lt;i_keyword&gt; tag exceeded the allowed limit. It will be truncated at 497 characters...
IRCT20211201053244N7,Warning: The container &lt;secondary_outcome&gt; or its subtag was empty. Automatically filled with standard structure '-' to comply with the schema sequence.
IRCT20211201053244N7,Warning: The container &lt;secondary_sponsor&gt; or its subtag was empty. Automatically filled with standard structure '-' to comply with the schema sequence.
IRCT20251227068464N1,Warning: The &lt;study_design&gt; tag exceeded the allowed limit. It will be truncated at 997 characters...
IRCT20251227068464N1,Warning: The container &lt;secondary_outcome&gt; or its subtag was empty. Automatically filled with standard structure '-' to comply with the schema sequence.
IRCT20251227068464N1,Warning: The container &lt;secondary_sponsor&gt; or its subtag was empty. Automatically filled with standard structure '-' to comply with the schema sequence.
IRCT20120122008801N25,Warning: The &lt;study_design&gt; tag exceeded the allowed limit. It will be truncated at 997 characters...
IRCT20120122008801N25,Warning: The container &lt;secondary_sponsor&gt; or its subtag was empty. Automatically filled with standard structure '-' to comply with the schema sequence.
IRCT20250113064371N2,Warning: The &lt;study_design&gt; tag exceeded the allowed limit. It will be truncated at 997 characters...
IRCT20250113064371N2,Warning: The &lt;i_keyword&gt; tag exceeded the allowed limit. It will be truncated at 497 characters...
IRCT20250113064371N2,Warning: The container &lt;secondary_sponsor&gt; or its subtag was empty. Automatically filled with standard structure '-' to comply with the schema sequence.
IRCT20251228068478N1,Warning: The &lt;results_IPD_description&gt; tag exceeded the allowed limit. It will be truncated at 1997 characters...
IRCT20251228068478N1,Warning: The &lt;study_design&gt; tag exceeded the allowed limit. It will be truncated at 997 characters...
IRCT20251228068478N1,Warning: The &lt;i_keyword&gt; tag exceeded the allowed limit. It will be truncated at 497 characters...
IRCT20251228068478N1,Warning: The container &lt;secondary_outcome&gt; or its subtag was empty. Automatically filled with standard structure '-' to comply with the schema sequence.
IRCT20251228068478N1,Warning: The container &lt;secondary_sponsor&gt; or its subtag was empty. Automatically filled with standard structure '-' to comply with the schema sequence.
IRCT20251228068469N1,Warning: The &lt;study_design&gt; tag exceeded the allowed limit. It will be truncated at 997 characters...
IRCT20251228068469N1,Warning: The container &lt;secondary_outcome&gt; or its subtag was empty. Automatically filled with standard structure '-' to comply with the schema sequence.
IRCT20251228068469N1,Warning: The container &lt;secondary_sponsor&gt; or its subtag was empty. Automatically filled with standard structure '-' to comply with the schema sequence.
IRCT20130313012810N82,Warning: The container &lt;health_condition_code&gt; or its subtag was empty. Automatically filled with standard structure '-' to comply with the schema sequence.
IRCT20130313012810N82,Warning: The container &lt;health_condition_keyword&gt; or its subtag was empty. Automatically filled with standard structure '-' to comply with the schema sequence.
IRCT20130313012810N82,Warning: The container &lt;secondary_outcome&gt; or its subtag was empty. Automatically filled with standard structure '-' to comply with the schema sequence.
IRCT20130313012810N82,Warning: The container &lt;secondary_sponsor&gt; or its subtag was empty. Automatically filled with standard structure '-' to comply with the schema sequence.
IRCT20251221068398N1,Warning: The &lt;study_design&gt; tag exceeded the allowed limit. It will be truncated at 997 characters...
IRCT20251221068398N1,Warning: The container &lt;health_condition_code&gt; or its subtag was empty. Automatically filled with standard structure '-' to comply with the schema sequence.
IRCT20251221068398N1,Warning: The container &lt;health_condition_keyword&gt; or its subtag was empty. Automatically filled with standard structure '-' to comply with the schema sequence.
IRCT20251221068398N1,Warning: The container &lt;secondary_sponsor&gt; or its subtag was empty. Automatically filled with standard structure '-' to comply with the schema sequence.
IRCT20251229068482N1,Warning: The &lt;study_design&gt; tag exceeded the allowed limit. It will be truncated at 997 characters...
IRCT20251229068482N1,Warning: The &lt;i_keyword&gt; tag exceeded the allowed limit. It will be truncated at 497 characters...
IRCT20251229068482N1,Warning: The container &lt;secondary_outcome&gt; or its subtag was empty. Automatically filled with standard structure '-' to comply with the schema sequence.
IRCT20251229068482N1,Warning: The container &lt;secondary_sponsor&gt; or its subtag was empty. Automatically filled with standard structure '-' to comply with the schema sequence.
IRCT20251227068451N1,Warning: The &lt;i_keyword&gt; tag exceeded the allowed limit. It will be truncated at 497 characters...
IRCT20251227068451N1,Warning: The container &lt;secondary_outcome&gt; or its subtag was empty. Automatically filled with standard structure '-' to comply with the schema sequence.
IRCT20251227068451N1,Warning: The container &lt;secondary_sponsor&gt; or its subtag was empty. Automatically filled with standard structure '-' to comply with the schema sequence.
IRCT20251229068487N1,Warning: The container &lt;secondary_outcome&gt; or its subtag was empty. Automatically filled with standard structure '-' to comply with the schema sequence.
IRCT20251229068487N1,Warning: The container &lt;secondary_sponsor&gt; or its subtag was empty. Automatically filled with standard structure '-' to comply with the schema sequence.
IRCT20191104045328N52,Warning: The &lt;study_design&gt; tag exceeded the allowed limit. It will be truncated at 997 characters...
IRCT20191104045328N52,Warning: The container &lt;secondary_sponsor&gt; or its subtag was empty. Automatically filled with standard structure '-' to comply with the schema sequence.
IRCT20251116068013N1,Warning: The &lt;study_design&gt; tag exceeded the allowed limit. It will be truncated at 997 characters...
IRCT20251116068013N1,Warning: The container &lt;secondary_outcome&gt; or its subtag was empty. Automatically filled with standard structure '-' to comply with the schema sequence.
IRCT20251116068013N1,Warning: The container &lt;secondary_sponsor&gt; or its subtag was empty. Automatically filled with standard structure '-' to comply with the schema sequence.
IRCT20250105064277N2,Warning: The &lt;study_design&gt; tag exceeded the allowed limit. It will be truncated at 997 characters...
IRCT20250105064277N2,Warning: The container &lt;secondary_outcome&gt; or its subtag was empty. Automatically filled with standard structure '-' to comply with the schema sequence.
IRCT20250105064277N2,Warning: The container &lt;secondary_sponsor&gt; or its subtag was empty. Automatically filled with standard structure '-' to comply with the schema sequence.
IRCT20220313054265N2,Warning: The &lt;results_IPD_description&gt; tag exceeded the allowed limit. It will be truncated at 1997 characters...
IRCT20220313054265N2,Warning: The &lt;i_keyword&gt; tag exceeded the allowed limit. It will be truncated at 497 characters...
IRCT20220313054265N2,Warning: The container &lt;secondary_sponsor&gt; or its subtag was empty. Automatically filled with standard structure '-' to comply with the schema sequence.
IRCT20210423051054N2,Warning: The container &lt;secondary_sponsor&gt; or its subtag was empty. Automatically filled with standard structure '-' to comply with the schema sequence.
IRCT20251110067945N1,Warning: The container &lt;health_condition_code&gt; or its subtag was empty. Automatically filled with standard structure '-' to comply with the schema sequence.
IRCT20251110067945N1,Warning: The container &lt;health_condition_keyword&gt; or its subtag was empty. Automatically filled with standard structure '-' to comply with the schema sequence.
IRCT20251110067945N1,Warning: The container &lt;secondary_outcome&gt; or its subtag was empty. Automatically filled with standard structure '-' to comply with the schema sequence.
IRCT20251110067945N1,Warning: The container &lt;secondary_sponsor&gt; or its subtag was empty. Automatically filled with standard structure '-' to comply with the schema sequence.
IRCT20251229068485N1,Warning: The &lt;study_design&gt; tag exceeded the allowed limit. It will be truncated at 997 characters...
IRCT20251229068485N1,Warning: The &lt;i_keyword&gt; tag exceeded the allowed limit. It will be truncated at 497 characters...
IRCT20251229068485N1,Warning: The &lt;i_keyword&gt; tag exceeded the allowed limit. It will be truncated at 497 characters...
IRCT20251229068485N1,Warning: The container &lt;secondary_outcome&gt; or its subtag was empty. Automatically filled with standard structure '-' to comply with the schema sequence.
IRCT20251229068485N1,Warning: The container &lt;secondary_sponsor&gt; or its subtag was empty. Automatically filled with standard structure '-' to comply with the schema sequence.
IRCT20251228068479N1,Warning: The &lt;study_design&gt; tag exceeded the allowed limit. It will be truncated at 997 characters...
IRCT20251228068479N1,Warning: The &lt;i_keyword&gt; tag exceeded the allowed limit. It will be truncated at 497 characters...
IRCT20251228068479N1,Warning: The container &lt;secondary_outcome&gt; or its subtag was empty. Automatically filled with standard structure '-' to comply with the schema sequence.
IRCT20251228068479N1,Warning: The container &lt;secondary_sponsor&gt; or its subtag was empty. Automatically filled with standard structure '-' to comply with the schema sequence.
IRCT20251225068436N1,Warning: The container &lt;secondary_sponsor&gt; or its subtag was empty. Automatically filled with standard structure '-' to comply with the schema sequence.
IRCT20251230068500N1,Warning: The &lt;study_design&gt; tag exceeded the allowed limit. It will be truncated at 997 characters...
IRCT20251230068500N1,Warning: The &lt;i_keyword&gt; tag exceeded the allowed limit. It will be truncated at 497 characters...
IRCT20251230068500N1,Warning: The container &lt;health_condition_code&gt; or its subtag was empty. Automatically filled with standard structure '-' to comply with the schema sequence.
IRCT20251230068500N1,Warning: The container &lt;health_condition_keyword&gt; or its subtag was empty. Automatically filled with standard structure '-' to comply with the schema sequence.
IRCT20251230068500N1,Warning: The container &lt;secondary_sponsor&gt; or its subtag was empty. Automatically filled with standard structure '-' to comply with the schema sequence.
IRCT20251227068456N1,Warning: The &lt;i_keyword&gt; tag exceeded the allowed limit. It will be truncated at 497 characters...
IRCT20251227068456N1,Warning: The container &lt;health_condition_code&gt; or its subtag was empty. Automatically filled with standard structure '-' to comply with the schema sequence.
IRCT20251227068456N1,Warning: The container &lt;health_condition_keyword&gt; or its subtag was empty. Automatically filled with standard structure '-' to comply with the schema sequence.
IRCT20251227068456N1,Warning: The container &lt;secondary_outcome&gt; or its subtag was empty. Automatically filled with standard structure '-' to comply with the schema sequence.
IRCT20251227068456N1,Warning: The container &lt;secondary_sponsor&gt; or its subtag was empty. Automatically filled with standard structure '-' to comply with the schema sequence.
IRCT20260101068521N1,Warning: The &lt;i_freetext&gt; tag exceeded the allowed limit. It will be truncated at 2997 characters...
IRCT20260101068521N1,Warning: The &lt;study_design&gt; tag exceeded the allowed limit. It will be truncated at 997 characters...
IRCT20260101068521N1,Warning: The &lt;i_keyword&gt; tag exceeded the allowed limit. It will be truncated at 497 characters...
IRCT20260101068521N1,Warning: The &lt;i_keyword&gt; tag exceeded the allowed limit. It will be truncated at 497 characters...
IRCT20260101068521N1,Warning: The &lt;i_keyword&gt; tag exceeded the allowed limit. It will be truncated at 497 characters...
IRCT20260101068521N1,Warning: The container &lt;secondary_outcome&gt; or its subtag was empty. Automatically filled with standard structure '-' to comply with the schema sequence.
IRCT20260101068521N1,Warning: The container &lt;secondary_sponsor&gt; or its subtag was empty. Automatically filled with standard structure '-' to comply with the schema sequence.
IRCT20181103041536N1,Warning: The &lt;study_design&gt; tag exceeded the allowed limit. It will be truncated at 997 characters...
IRCT20181103041536N1,Warning: The &lt;i_keyword&gt; tag exceeded the allowed limit. It will be truncated at 497 characters...
IRCT20181103041536N1,Warning: The &lt;i_keyword&gt; tag exceeded the allowed limit. It will be truncated at 497 characters...
IRCT20181103041536N1,Warning: The container &lt;health_condition_code&gt; or its subtag was empty. Automatically filled with standard structure '-' to comply with the schema sequence.
IRCT20181103041536N1,Warning: The container &lt;health_condition_keyword&gt; or its subtag was empty. Automatically filled with standard structure '-' to comply with the schema sequence.
IRCT20181103041536N1,Warning: The container &lt;secondary_outcome&gt; or its subtag was empty. Automatically filled with standard structure '-' to comply with the schema sequence.
IRCT20181103041536N1,Warning: The container &lt;secondary_sponsor&gt; or its subtag was empty. Automatically filled with standard structure '-' to comply with the schema sequence.
IRCT20260101068519N1,Warning: The &lt;i_freetext&gt; tag exceeded the allowed limit. It will be truncated at 2997 characters...
IRCT20260101068519N1,Warning: The &lt;results_IPD_description&gt; tag exceeded the allowed limit. It will be truncated at 1997 characters...
IRCT20260101068519N1,Warning: The &lt;study_design&gt; tag exceeded the allowed limit. It will be truncated at 997 characters...
IRCT20260101068519N1,Warning: The &lt;i_keyword&gt; tag exceeded the allowed limit. It will be truncated at 497 characters...
IRCT20260101068519N1,Warning: The &lt;i_keyword&gt; tag exceeded the allowed limit. It will be truncated at 497 characters...
IRCT20260101068519N1,Warning: The container &lt;secondary_sponsor&gt; or its subtag was empty. Automatically filled with standard structure '-' to comply with the schema sequence.
IRCT20251228068473N1,Warning: The &lt;study_design&gt; tag exceeded the allowed limit. It will be truncated at 997 characters...
IRCT20251228068473N1,Warning: The &lt;i_keyword&gt; tag exceeded the allowed limit. It will be truncated at 497 characters...
IRCT20251228068473N1,Warning: The container &lt;secondary_outcome&gt; or its subtag was empty. Automatically filled with standard structure '-' to comply with the schema sequence.
IRCT20251228068473N1,Warning: The container &lt;secondary_sponsor&gt; or its subtag was empty. Automatically filled with standard structure '-' to comply with the schema sequence.
IRCT20251223068421N1,Warning: The &lt;i_keyword&gt; tag exceeded the allowed limit. It will be truncated at 497 characters...
IRCT20251223068421N1,Warning: The container &lt;secondary_sponsor&gt; or its subtag was empty. Automatically filled with standard structure '-' to comply with the schema sequence.
IRCT20260103068537N1,Warning: The &lt;i_freetext&gt; tag exceeded the allowed limit. It will be truncated at 2997 characters...
IRCT20260103068537N1,Warning: The &lt;study_design&gt; tag exceeded the allowed limit. It will be truncated at 997 characters...
IRCT20260103068537N1,Warning: The &lt;i_keyword&gt; tag exceeded the allowed limit. It will be truncated at 497 characters...
IRCT20260103068537N1,Warning: The &lt;i_keyword&gt; tag exceeded the allowed limit. It will be truncated at 497 characters...
IRCT20260103068537N1,Warning: The &lt;i_keyword&gt; tag exceeded the allowed limit. It will be truncated at 497 characters...
IRCT20260103068537N1,Warning: The &lt;i_keyword&gt; tag exceeded the allowed limit. It will be truncated at 497 characters...
IRCT20260103068537N1,Warning: The container &lt;secondary_outcome&gt; or its subtag was empty. Automatically filled with standard structure '-' to comply with the schema sequence.
IRCT20260103068537N1,Warning: The container &lt;secondary_sponsor&gt; or its subtag was empty. Automatically filled with standard structure '-' to comply with the schema sequence.
IRCT20140907019073N8,Warning: The &lt;i_freetext&gt; tag exceeded the allowed limit. It will be truncated at 2997 characters...
IRCT20140907019073N8,Warning: The &lt;study_design&gt; tag exceeded the allowed limit. It will be truncated at 997 characters...
IRCT20140907019073N8,Warning: The &lt;i_keyword&gt; tag exceeded the allowed limit. It will be truncated at 497 characters...
IRCT20140907019073N8,Warning: The &lt;i_keyword&gt; tag exceeded the allowed limit. It will be truncated at 497 characters...
IRCT20140907019073N8,Warning: The container &lt;secondary_sponsor&gt; or its subtag was empty. Automatically filled with standard structure '-' to comply with the schema sequence.
IRCT20230315057726N2,Warning: The &lt;i_keyword&gt; tag exceeded the allowed limit. It will be truncated at 497 characters...
IRCT20230315057726N2,Warning: The &lt;i_keyword&gt; tag exceeded the allowed limit. It will be truncated at 497 characters...
IRCT20230315057726N2,Warning: The container &lt;secondary_sponsor&gt; or its subtag was empty. Automatically filled with standard structure '-' to comply with the schema sequence.
IRCT20221203056693N2,Warning: The &lt;study_design&gt; tag exceeded the allowed limit. It will be truncated at 997 characters...
IRCT20221203056693N2,Warning: The container &lt;health_condition_code&gt; or its subtag was empty. Automatically filled with standard structure '-' to comply with the schema sequence.
IRCT20221203056693N2,Warning: The container &lt;health_condition_keyword&gt; or its subtag was empty. Automatically filled with standard structure '-' to comply with the schema sequence.
IRCT20221203056693N2,Warning: The container &lt;secondary_outcome&gt; or its subtag was empty. Automatically filled with standard structure '-' to comply with the schema sequence.
IRCT20221203056693N2,Warning: The container &lt;secondary_sponsor&gt; or its subtag was empty. Automatically filled with standard structure '-' to comply with the schema sequence.
IRCT20251226068442N1,Warning: The &lt;study_design&gt; tag exceeded the allowed limit. It will be truncated at 997 characters...
IRCT20251226068442N1,Warning: The container &lt;secondary_sponsor&gt; or its subtag was empty. Automatically filled with standard structure '-' to comply with the schema sequence.
IRCT20260104068545N1,Warning: The &lt;study_design&gt; tag exceeded the allowed limit. It will be truncated at 997 characters...
IRCT20260104068545N1,Warning: The &lt;i_keyword&gt; tag exceeded the allowed limit. It will be truncated at 497 characters...
IRCT20260104068545N1,Warning: The container &lt;secondary_sponsor&gt; or its subtag was empty. Automatically filled with standard structure '-' to comply with the schema sequence.
IRCT20250611066184N3,Warning: The container &lt;secondary_sponsor&gt; or its subtag was empty. Automatically filled with standard structure '-' to comply with the schema sequence.
IRCT20251125068111N1,Warning: The &lt;study_design&gt; tag exceeded the allowed limit. It will be truncated at 997 characters...
IRCT20251125068111N1,Warning: The container &lt;secondary_sponsor&gt; or its subtag was empty. Automatically filled with standard structure '-' to comply with the schema sequence.
IRCT20240310061242N2,Warning: The &lt;study_design&gt; tag exceeded the allowed limit. It will be truncated at 997 characters...
IRCT20240310061242N2,Warning: The &lt;i_keyword&gt; tag exceeded the allowed limit. It will be truncated at 497 characters...
IRCT20240310061242N2,Warning: The container &lt;secondary_outcome&gt; or its subtag was empty. Automatically filled with standard structure '-' to comply with the schema sequence.
IRCT20240310061242N2,Warning: The container &lt;secondary_sponsor&gt; or its subtag was empty. Automatically filled with standard structure '-' to comply with the schema sequence.
IRCT20230225057532N2,Warning: The &lt;study_design&gt; tag exceeded the allowed limit. It will be truncated at 997 characters...
IRCT20230225057532N2,Warning: The &lt;i_keyword&gt; tag exceeded the allowed limit. It will be truncated at 497 characters...
IRCT20230225057532N2,Warning: The &lt;i_keyword&gt; tag exceeded the allowed limit. It will be truncated at 497 characters...
IRCT20230225057532N2,Warning: The container &lt;health_condition_code&gt; or its subtag was empty. Automatically filled with standard structure '-' to comply with the schema sequence.
IRCT20230225057532N2,Warning: The container &lt;health_condition_keyword&gt; or its subtag was empty. Automatically filled with standard structure '-' to comply with the schema sequence.
IRCT20230225057532N2,Warning: The container &lt;secondary_outcome&gt; or its subtag was empty. Automatically filled with standard structure '-' to comply with the schema sequence.
IRCT20230225057532N2,Warning: The container &lt;secondary_sponsor&gt; or its subtag was empty. Automatically filled with standard structure '-' to comply with the schema sequence.
IRCT20250408065259N2,Warning: The &lt;i_keyword&gt; tag exceeded the allowed limit. It will be truncated at 497 characters...
IRCT20250408065259N2,Warning: The &lt;i_keyword&gt; tag exceeded the allowed limit. It will be truncated at 497 characters...
IRCT20250408065259N2,Warning: The container &lt;health_condition_code&gt; or its subtag was empty. Automatically filled with standard structure '-' to comply with the schema sequence.
IRCT20250408065259N2,Warning: The container &lt;health_condition_keyword&gt; or its subtag was empty. Automatically filled with standard structure '-' to comply with the schema sequence.
IRCT20250408065259N2,Warning: The container &lt;secondary_sponsor&gt; or its subtag was empty. Automatically filled with standard structure '-' to comply with the schema sequence.
IRCT20171210037809N14,Warning: The &lt;i_keyword&gt; tag exceeded the allowed limit. It will be truncated at 497 characters...
IRCT20171210037809N14,Warning: The &lt;i_keyword&gt; tag exceeded the allowed limit. It will be truncated at 497 characters...
IRCT20171210037809N14,Warning: The container &lt;health_condition_code&gt; or its subtag was empty. Automatically filled with standard structure '-' to comply with the schema sequence.
IRCT20171210037809N14,Warning: The container &lt;health_condition_keyword&gt; or its subtag was empty. Automatically filled with standard structure '-' to comply with the schema sequence.
IRCT20171210037809N14,Warning: The container &lt;secondary_sponsor&gt; or its subtag was empty. Automatically filled with standard structure '-' to comply with the schema sequence.
IRCT20260105068553N1,Warning: The &lt;study_design&gt; tag exceeded the allowed limit. It will be truncated at 997 characters...
IRCT20260105068553N1,Warning: The container &lt;health_condition_code&gt; or its subtag was empty. Automatically filled with standard structure '-' to comply with the schema sequence.
IRCT20260105068553N1,Warning: The container &lt;health_condition_keyword&gt; or its subtag was empty. Automatically filled with standard structure '-' to comply with the schema sequence.
IRCT20260105068553N1,Warning: The container &lt;secondary_outcome&gt; or its subtag was empty. Automatically filled with standard structure '-' to comply with the schema sequence.
IRCT20260105068553N1,Warning: The container &lt;secondary_sponsor&gt; or its subtag was empty. Automatically filled with standard structure '-' to comply with the schema sequence.
IRCT20240804062637N2,Warning: The &lt;study_design&gt; tag exceeded the allowed limit. It will be truncated at 997 characters...
IRCT20240804062637N2,Warning: The container &lt;secondary_sponsor&gt; or its subtag was empty. Automatically filled with standard structure '-' to comply with the schema sequence.
IRCT20260107068581N1,Warning: The &lt;i_keyword&gt; tag exceeded the allowed limit. It will be truncated at 497 characters...
IRCT20260107068581N1,Warning: The container &lt;secondary_sponsor&gt; or its subtag was empty. Automatically filled with standard structure '-' to comply with the schema sequence.
IRCT20240517061818N2,Warning: The &lt;study_design&gt; tag exceeded the allowed limit. It will be truncated at 997 characters...
IRCT20240517061818N2,Warning: The &lt;i_keyword&gt; tag exceeded the allowed limit. It will be truncated at 497 characters...
IRCT20240517061818N2,Warning: The &lt;i_keyword&gt; tag exceeded the allowed limit. It will be truncated at 497 characters...
IRCT20240517061818N2,Warning: The container &lt;secondary_outcome&gt; or its subtag was empty. Automatically filled with standard structure '-' to comply with the schema sequence.
IRCT20240517061818N2,Warning: The container &lt;secondary_sponsor&gt; or its subtag was empty. Automatically filled with standard structure '-' to comply with the schema sequence.
IRCT20260103068536N1,Warning: The &lt;study_design&gt; tag exceeded the allowed limit. It will be truncated at 997 characters...
IRCT20260103068536N1,Warning: The &lt;i_keyword&gt; tag exceeded the allowed limit. It will be truncated at 497 characters...
IRCT20260103068536N1,Warning: The &lt;i_keyword&gt; tag exceeded the allowed limit. It will be truncated at 497 characters...
IRCT20260103068536N1,Warning: The container &lt;secondary_outcome&gt; or its subtag was empty. Automatically filled with standard structure '-' to comply with the schema sequence.
IRCT20260103068536N1,Warning: The container &lt;secondary_sponsor&gt; or its subtag was empty. Automatically filled with standard structure '-' to comply with the schema sequence.
IRCT20130612013656N2,Warning: The container &lt;secondary_sponsor&gt; or its subtag was empty. Automatically filled with standard structure '-' to comply with the schema sequence.
IRCT20260104068546N1,Warning: The container &lt;health_condition_code&gt; or its subtag was empty. Automatically filled with standard structure '-' to comply with the schema sequence.
IRCT20260104068546N1,Warning: The container &lt;health_condition_keyword&gt; or its subtag was empty. Automatically filled with standard structure '-' to comply with the schema sequence.
IRCT20260104068546N1,Warning: The container &lt;secondary_sponsor&gt; or its subtag was empty. Automatically filled with standard structure '-' to comply with the schema sequence.
IRCT20151019024604N4,Warning: The &lt;i_keyword&gt; tag exceeded the allowed limit. It will be truncated at 497 characters...
IRCT20151019024604N4,Warning: The container &lt;secondary_sponsor&gt; or its subtag was empty. Automatically filled with standard structure '-' to comply with the schema sequence.
IRCT20180521039762N4,Warning: The &lt;results_IPD_description&gt; tag exceeded the allowed limit. It will be truncated at 1997 characters...
IRCT20180521039762N4,Warning: The container &lt;secondary_sponsor&gt; or its subtag was empty. Automatically filled with standard structure '-' to comply with the schema sequence.
IRCT20181103041536N2,Warning: The &lt;study_design&gt; tag exceeded the allowed limit. It will be truncated at 997 characters...
IRCT20181103041536N2,Warning: The &lt;i_keyword&gt; tag exceeded the allowed limit. It will be truncated at 497 characters...
IRCT20181103041536N2,Warning: The &lt;i_keyword&gt; tag exceeded the allowed limit. It will be truncated at 497 characters...
IRCT20181103041536N2,Warning: The container &lt;health_condition_code&gt; or its subtag was empty. Automatically filled with standard structure '-' to comply with the schema sequence.
IRCT20181103041536N2,Warning: The container &lt;health_condition_keyword&gt; or its subtag was empty. Automatically filled with standard structure '-' to comply with the schema sequence.
IRCT20181103041536N2,Warning: The container &lt;secondary_outcome&gt; or its subtag was empty. Automatically filled with standard structure '-' to comply with the schema sequence.
IRCT20181103041536N2,Warning: The container &lt;secondary_sponsor&gt; or its subtag was empty. Automatically filled with standard structure '-' to comply with the schema sequence.
IRCT20220515054852N3,Warning: The &lt;study_design&gt; tag exceeded the allowed limit. It will be truncated at 997 characters...
IRCT20220515054852N3,Warning: The container &lt;secondary_outcome&gt; or its subtag was empty. Automatically filled with standard structure '-' to comply with the schema sequence.
IRCT20220515054852N3,Warning: The container &lt;secondary_sponsor&gt; or its subtag was empty. Automatically filled with standard structure '-' to comply with the schema sequence.
IRCT20260105068563N1,Warning: The container &lt;health_condition_code&gt; or its subtag was empty. Automatically filled with standard structure '-' to comply with the schema sequence.
IRCT20260105068563N1,Warning: The container &lt;health_condition_keyword&gt; or its subtag was empty. Automatically filled with standard structure '-' to comply with the schema sequence.
IRCT20260105068563N1,Warning: The container &lt;secondary_outcome&gt; or its subtag was empty. Automatically filled with standard structure '-' to comply with the schema sequence.
IRCT20260105068563N1,Warning: The container &lt;secondary_sponsor&gt; or its subtag was empty. Automatically filled with standard structure '-' to comply with the schema sequence.
IRCT20260105068555N1,Warning: The &lt;i_freetext&gt; tag exceeded the allowed limit. It will be truncated at 2997 characters...
IRCT20260105068555N1,Warning: The &lt;i_keyword&gt; tag exceeded the allowed limit. It will be truncated at 497 characters...
IRCT20260105068555N1,Warning: The &lt;i_keyword&gt; tag exceeded the allowed limit. It will be truncated at 497 characters...
IRCT20260105068555N1,Warning: The &lt;i_keyword&gt; tag exceeded the allowed limit. It will be truncated at 497 characters...
IRCT20260105068555N1,Warning: The container &lt;secondary_outcome&gt; or its subtag was empty. Automatically filled with standard structure '-' to comply with the schema sequence.
IRCT20260105068555N1,Warning: The container &lt;secondary_sponsor&gt; or its subtag was empty. Automatically filled with standard structure '-' to comply with the schema sequence.
IRCT20180620040164N104,Warning: The container &lt;secondary_sponsor&gt; or its subtag was empty. Automatically filled with standard structure '-' to comply with the schema sequence.
IRCT20141001019359N20,Warning: The &lt;study_design&gt; tag exceeded the allowed limit. It will be truncated at 997 characters...
IRCT20141001019359N20,Warning: The container &lt;secondary_sponsor&gt; or its subtag was empty. Automatically filled with standard structure '-' to comply with the schema sequence.
IRCT20250622066220N1,Warning: The container &lt;secondary_outcome&gt; or its subtag was empty. Automatically filled with standard structure '-' to comply with the schema sequence.
IRCT20250622066220N1,Warning: The container &lt;secondary_sponsor&gt; or its subtag was empty. Automatically filled with standard structure '-' to comply with the schema sequence.
IRCT20260105068556N1,Warning: The container &lt;secondary_sponsor&gt; or its subtag was empty. Automatically filled with standard structure '-' to comply with the schema sequence.
IRCT20150529022468N7,Warning: The &lt;study_design&gt; tag exceeded the allowed limit. It will be truncated at 997 characters...
IRCT20150529022468N7,Warning: The &lt;i_keyword&gt; tag exceeded the allowed limit. It will be truncated at 497 characters...
IRCT20150529022468N7,Warning: The &lt;i_keyword&gt; tag exceeded the allowed limit. It will be truncated at 497 characters...
IRCT20150529022468N7,Warning: The container &lt;health_condition_code&gt; or its subtag was empty. Automatically filled with standard structure '-' to comply with the schema sequence.
IRCT20150529022468N7,Warning: The container &lt;health_condition_keyword&gt; or its subtag was empty. Automatically filled with standard structure '-' to comply with the schema sequence.
IRCT20150529022468N7,Warning: The container &lt;secondary_sponsor&gt; or its subtag was empty. Automatically filled with standard structure '-' to comply with the schema sequence.
IRCT20251216068350N1,Warning: The &lt;study_design&gt; tag exceeded the allowed limit. It will be truncated at 997 characters...
IRCT20251216068350N1,Warning: The container &lt;secondary_outcome&gt; or its subtag was empty. Automatically filled with standard structure '-' to comply with the schema sequence.
IRCT20251216068350N1,Warning: The container &lt;secondary_sponsor&gt; or its subtag was empty. Automatically filled with standard structure '-' to comply with the schema sequence.
IRCT20140911019125N16,Warning: The &lt;i_keyword&gt; tag exceeded the allowed limit. It will be truncated at 497 characters...
IRCT20140911019125N16,Warning: The container &lt;secondary_outcome&gt; or its subtag was empty. Automatically filled with standard structure '-' to comply with the schema sequence.
IRCT20140911019125N16,Warning: The container &lt;secondary_sponsor&gt; or its subtag was empty. Automatically filled with standard structure '-' to comply with the schema sequence.
IRCT20260108068595N1,Warning: The container &lt;secondary_outcome&gt; or its subtag was empty. Automatically filled with standard structure '-' to comply with the schema sequence.
IRCT20260108068595N1,Warning: The container &lt;secondary_sponsor&gt; or its subtag was empty. Automatically filled with standard structure '-' to comply with the schema sequence.
IRCT20230909059387N1,Warning: The &lt;study_design&gt; tag exceeded the allowed limit. It will be truncated at 997 characters...
IRCT20230909059387N1,Warning: The container &lt;secondary_sponsor&gt; or its subtag was empty. Automatically filled with standard structure '-' to comply with the schema sequence.
IRCT20260114068602N1,Warning: The &lt;i_freetext&gt; tag exceeded the allowed limit. It will be truncated at 2997 characters...
IRCT20260114068602N1,Warning: The &lt;i_keyword&gt; tag exceeded the allowed limit. It will be truncated at 497 characters...
IRCT20260114068602N1,Warning: The &lt;i_keyword&gt; tag exceeded the allowed limit. It will be truncated at 497 characters...
IRCT20260114068602N1,Warning: The container &lt;secondary_outcome&gt; or its subtag was empty. Automatically filled with standard structure '-' to comply with the schema sequence.
IRCT20260114068602N1,Warning: The container &lt;secondary_sponsor&gt; or its subtag was empty. Automatically filled with standard structure '-' to comply with the schema sequence.
IRCT20251127068127N1,Warning: The &lt;study_design&gt; tag exceeded the allowed limit. It will be truncated at 997 characters...
IRCT20251127068127N1,Warning: The &lt;i_keyword&gt; tag exceeded the allowed limit. It will be truncated at 497 characters...
IRCT20251127068127N1,Warning: The container &lt;health_condition_code&gt; or its subtag was empty. Automatically filled with standard structure '-' to comply with the schema sequence.
IRCT20251127068127N1,Warning: The container &lt;health_condition_keyword&gt; or its subtag was empty. Automatically filled with standard structure '-' to comply with the schema sequence.
IRCT20251127068127N1,Warning: The container &lt;secondary_sponsor&gt; or its subtag was empty. Automatically filled with standard structure '-' to comply with the schema sequence.
IRCT20251229068488N1,Warning: The &lt;results_IPD_description&gt; tag exceeded the allowed limit. It will be truncated at 1997 characters...
IRCT20251229068488N1,Warning: The &lt;i_keyword&gt; tag exceeded the allowed limit. It will be truncated at 497 characters...
IRCT20251229068488N1,Warning: The container &lt;secondary_sponsor&gt; or its subtag was empty. Automatically filled with standard structure '-' to comply with the schema sequence.
IRCT20180908040970N3,Warning: The container &lt;secondary_sponsor&gt; or its subtag was empty. Automatically filled with standard structure '-' to comply with the schema sequence.
IRCT20180521039762N5,Warning: The &lt;results_IPD_description&gt; tag exceeded the allowed limit. It will be truncated at 1997 characters...
IRCT20180521039762N5,Warning: The &lt;study_design&gt; tag exceeded the allowed limit. It will be truncated at 997 characters...
IRCT20180521039762N5,Warning: The container &lt;health_condition_code&gt; or its subtag was empty. Automatically filled with standard structure '-' to comply with the schema sequence.
IRCT20180521039762N5,Warning: The container &lt;health_condition_keyword&gt; or its subtag was empty. Automatically filled with standard structure '-' to comply with the schema sequence.
IRCT20180521039762N5,Warning: The container &lt;secondary_sponsor&gt; or its subtag was empty. Automatically filled with standard structure '-' to comply with the schema sequence.
IRCT20190425043368N4,Warning: The &lt;study_design&gt; tag exceeded the allowed limit. It will be truncated at 997 characters...
IRCT20190425043368N4,Warning: The &lt;i_keyword&gt; tag exceeded the allowed limit. It will be truncated at 497 characters...
IRCT20190425043368N4,Warning: The container &lt;secondary_outcome&gt; or its subtag was empty. Automatically filled with standard structure '-' to comply with the schema sequence.
IRCT20190425043368N4,Warning: The container &lt;secondary_sponsor&gt; or its subtag was empty. Automatically filled with standard structure '-' to comply with the schema sequence.
IRCT20250517065763N4,Warning: The &lt;study_design&gt; tag exceeded the allowed limit. It will be truncated at 997 characters...
IRCT20250517065763N4,Warning: The container &lt;secondary_sponsor&gt; or its subtag was empty. Automatically filled with standard structure '-' to comply with the schema sequence.
IRCT20260119068612N1,Warning: The &lt;results_IPD_description&gt; tag exceeded the allowed limit. It will be truncated at 1997 characters...
IRCT20260119068612N1,Warning: The &lt;study_design&gt; tag exceeded the allowed limit. It will be truncated at 997 characters...
IRCT20260119068612N1,Warning: The &lt;i_keyword&gt; tag exceeded the allowed limit. It will be truncated at 497 characters...
IRCT20260119068612N1,Warning: The container &lt;health_condition_code&gt; or its subtag was empty. Automatically filled with standard structure '-' to comply with the schema sequence.
IRCT20260119068612N1,Warning: The container &lt;health_condition_keyword&gt; or its subtag was empty. Automatically filled with standard structure '-' to comply with the schema sequence.
IRCT20260119068612N1,Warning: The container &lt;secondary_outcome&gt; or its subtag was empty. Automatically filled with standard structure '-' to comply with the schema sequence.
IRCT20260119068612N1,Warning: The container &lt;secondary_sponsor&gt; or its subtag was empty. Automatically filled with standard structure '-' to comply with the schema sequence.
IRCT20251208068252N1,Warning: The container &lt;secondary_outcome&gt; or its subtag was empty. Automatically filled with standard structure '-' to comply with the schema sequence.
IRCT20251208068252N1,Warning: The container &lt;secondary_sponsor&gt; or its subtag was empty. Automatically filled with standard structure '-' to comply with the schema sequence.
IRCT20260119068617N1,Warning: The container &lt;health_condition_code&gt; or its subtag was empty. Automatically filled with standard structure '-' to comply with the schema sequence.
IRCT20260119068617N1,Warning: The container &lt;health_condition_keyword&gt; or its subtag was empty. Automatically filled with standard structure '-' to comply with the schema sequence.
IRCT20260119068617N1,Warning: The container &lt;secondary_sponsor&gt; or its subtag was empty. Automatically filled with standard structure '-' to comply with the schema sequence.
IRCT20130808014301N4,Warning: The &lt;i_keyword&gt; tag exceeded the allowed limit. It will be truncated at 497 characters...
IRCT20130808014301N4,Warning: The &lt;i_keyword&gt; tag exceeded the allowed limit. It will be truncated at 497 characters...
IRCT20130808014301N4,Warning: The &lt;i_keyword&gt; tag exceeded the allowed limit. It will be truncated at 497 characters...
IRCT20130808014301N4,Warning: The container &lt;health_condition_code&gt; or its subtag was empty. Automatically filled with standard structure '-' to comply with the schema sequence.
IRCT20130808014301N4,Warning: The container &lt;secondary_sponsor&gt; or its subtag was empty. Automatically filled with standard structure '-' to comply with the schema sequence.
IRCT20231108059993N16,Warning: The &lt;study_design&gt; tag exceeded the allowed limit. It will be truncated at 997 characters...
IRCT20231108059993N16,Warning: The container &lt;health_condition_code&gt; or its subtag was empty. Automatically filled with standard structure '-' to comply with the schema sequence.
IRCT20231108059993N16,Warning: The container &lt;health_condition_keyword&gt; or its subtag was empty. Automatically filled with standard structure '-' to comply with the schema sequence.
IRCT20231108059993N16,Warning: The container &lt;secondary_outcome&gt; or its subtag was empty. Automatically filled with standard structure '-' to comply with the schema sequence.
IRCT20231108059993N16,Warning: The container &lt;secondary_sponsor&gt; or its subtag was empty. Automatically filled with standard structure '-' to comply with the schema sequence.
IRCT20130811014330N11,Warning: The &lt;i_keyword&gt; tag exceeded the allowed limit. It will be truncated at 497 characters...
IRCT20130811014330N11,Warning: The &lt;i_keyword&gt; tag exceeded the allowed limit. It will be truncated at 497 characters...
IRCT20130811014330N11,Warning: The container &lt;health_condition_code&gt; or its subtag was empty. Automatically filled with standard structure '-' to comply with the schema sequence.
IRCT20130811014330N11,Warning: The container &lt;health_condition_keyword&gt; or its subtag was empty. Automatically filled with standard structure '-' to comply with the schema sequence.
IRCT20130811014330N11,Warning: The container &lt;secondary_sponsor&gt; or its subtag was empty. Automatically filled with standard structure '-' to comply with the schema sequence.
IRCT20100510003902N8,Warning: The &lt;i_keyword&gt; tag exceeded the allowed limit. It will be truncated at 497 characters...
IRCT20100510003902N8,Warning: The container &lt;secondary_sponsor&gt; or its subtag was empty. Automatically filled with standard structure '-' to comply with the schema sequence.
IRCT20230728058946N3,Warning: The &lt;study_design&gt; tag exceeded the allowed limit. It will be truncated at 997 characters...
IRCT20230728058946N3,Warning: The &lt;i_keyword&gt; tag exceeded the allowed limit. It will be truncated at 497 characters...
IRCT20230728058946N3,Warning: The &lt;i_keyword&gt; tag exceeded the allowed limit. It will be truncated at 497 characters...
IRCT20230728058946N3,Warning: The &lt;i_keyword&gt; tag exceeded the allowed limit. It will be truncated at 497 characters...
IRCT20230728058946N3,Warning: The &lt;i_keyword&gt; tag exceeded the allowed limit. It will be truncated at 497 characters...
IRCT20230728058946N3,Warning: The container &lt;health_condition_code&gt; or its subtag was empty. Automatically filled with standard structure '-' to comply with the schema sequence.
IRCT20230728058946N3,Warning: The container &lt;health_condition_keyword&gt; or its subtag was empty. Automatically filled with standard structure '-' to comply with the schema sequence.
IRCT20230728058946N3,Warning: The container &lt;secondary_outcome&gt; or its subtag was empty. Automatically filled with standard structure '-' to comply with the schema sequence.
IRCT20230728058946N3,Warning: The container &lt;secondary_sponsor&gt; or its subtag was empty. Automatically filled with standard structure '-' to comply with the schema sequence.
IRCT20240728062565N2,Warning: The container &lt;secondary_outcome&gt; or its subtag was empty. Automatically filled with standard structure '-' to comply with the schema sequence.
IRCT20240728062565N2,Warning: The container &lt;secondary_sponsor&gt; or its subtag was empty. Automatically filled with standard structure '-' to comply with the schema sequence.
IRCT20260120068618N1,Warning: The &lt;i_keyword&gt; tag exceeded the allowed limit. It will be truncated at 497 characters...
IRCT20260120068618N1,Warning: The container &lt;health_condition_code&gt; or its subtag was empty. Automatically filled with standard structure '-' to comply with the schema sequence.
IRCT20260120068618N1,Warning: The container &lt;health_condition_keyword&gt; or its subtag was empty. Automatically filled with standard structure '-' to comply with the schema sequence.
IRCT20260120068618N1,Warning: The container &lt;secondary_outcome&gt; or its subtag was empty. Automatically filled with standard structure '-' to comply with the schema sequence.
IRCT20260120068618N1,Warning: The container &lt;secondary_sponsor&gt; or its subtag was empty. Automatically filled with standard structure '-' to comply with the schema sequence.
IRCT20220322054338N5,Warning: The &lt;study_design&gt; tag exceeded the allowed limit. It will be truncated at 997 characters...
IRCT20220322054338N5,Warning: The &lt;i_keyword&gt; tag exceeded the allowed limit. It will be truncated at 497 characters...
IRCT20220322054338N5,Warning: The &lt;i_keyword&gt; tag exceeded the allowed limit. It will be truncated at 497 characters...
IRCT20220322054338N5,Warning: The container &lt;health_condition_code&gt; or its subtag was empty. Automatically filled with standard structure '-' to comply with the schema sequence.
IRCT20220322054338N5,Warning: The container &lt;health_condition_keyword&gt; or its subtag was empty. Automatically filled with standard structure '-' to comply with the schema sequence.
IRCT20220322054338N5,Warning: The container &lt;secondary_sponsor&gt; or its subtag was empty. Automatically filled with standard structure '-' to comply with the schema sequence.
IRCT20110427006318N18,Warning: The &lt;study_design&gt; tag exceeded the allowed limit. It will be truncated at 997 characters...
IRCT20110427006318N18,Warning: The &lt;i_keyword&gt; tag exceeded the allowed limit. It will be truncated at 497 characters...
IRCT20110427006318N18,Warning: The &lt;i_keyword&gt; tag exceeded the allowed limit. It will be truncated at 497 characters...
IRCT20110427006318N18,Warning: The container &lt;secondary_sponsor&gt; or its subtag was empty. Automatically filled with standard structure '-' to comply with the schema sequence.
IRCT20210118050075N2,Warning: The &lt;i_keyword&gt; tag exceeded the allowed limit. It will be truncated at 497 characters...
IRCT20210118050075N2,Warning: The container &lt;secondary_outcome&gt; or its subtag was empty. Automatically filled with standard structure '-' to comply with the schema sequence.
IRCT20210118050075N2,Warning: The container &lt;secondary_sponsor&gt; or its subtag was empty. Automatically filled with standard structure '-' to comply with the schema sequence.
IRCT20260118068607N1,Warning: The &lt;study_design&gt; tag exceeded the allowed limit. It will be truncated at 997 characters...
IRCT20260118068607N1,Warning: The &lt;i_keyword&gt; tag exceeded the allowed limit. It will be truncated at 497 characters...
IRCT20260118068607N1,Warning: The container &lt;health_condition_code&gt; or its subtag was empty. Automatically filled with standard structure '-' to comply with the schema sequence.
IRCT20260118068607N1,Warning: The container &lt;health_condition_keyword&gt; or its subtag was empty. Automatically filled with standard structure '-' to comply with the schema sequence.
IRCT20260118068607N1,Warning: The container &lt;secondary_outcome&gt; or its subtag was empty. Automatically filled with standard structure '-' to comply with the schema sequence.
IRCT20260118068607N1,Warning: The container &lt;secondary_sponsor&gt; or its subtag was empty. Automatically filled with standard structure '-' to comply with the schema sequence.
IRCT20141227020448N3,Warning: The &lt;results_IPD_description&gt; tag exceeded the allowed limit. It will be truncated at 1997 characters...
IRCT20141227020448N3,Warning: The &lt;i_keyword&gt; tag exceeded the allowed limit. It will be truncated at 497 characters...
IRCT20141227020448N3,Warning: The container &lt;secondary_sponsor&gt; or its subtag was empty. Automatically filled with standard structure '-' to comply with the schema sequence.
IRCT20251229068486N1,Warning: The container &lt;secondary_sponsor&gt; or its subtag was empty. Automatically filled with standard structure '-' to comply with the schema sequence.
IRCT20260122068638N1,Warning: The &lt;study_design&gt; tag exceeded the allowed limit. It will be truncated at 997 characters...
IRCT20260122068638N1,Warning: The &lt;i_keyword&gt; tag exceeded the allowed limit. It will be truncated at 497 characters...
IRCT20260122068638N1,Warning: The container &lt;secondary_outcome&gt; or its subtag was empty. Automatically filled with standard structure '-' to comply with the schema sequence.
IRCT20260122068638N1,Warning: The container &lt;secondary_sponsor&gt; or its subtag was empty. Automatically filled with standard structure '-' to comply with the schema sequence.
IRCT20231108059993N15,Warning: The &lt;study_design&gt; tag exceeded the allowed limit. It will be truncated at 997 characters...
IRCT20231108059993N15,Warning: The container &lt;health_condition_code&gt; or its subtag was empty. Automatically filled with standard structure '-' to comply with the schema sequence.
IRCT20231108059993N15,Warning: The container &lt;health_condition_keyword&gt; or its subtag was empty. Automatically filled with standard structure '-' to comply with the schema sequence.
IRCT20231108059993N15,Warning: The container &lt;secondary_outcome&gt; or its subtag was empty. Automatically filled with standard structure '-' to comply with the schema sequence.
IRCT20231108059993N15,Warning: The container &lt;secondary_sponsor&gt; or its subtag was empty. Automatically filled with standard structure '-' to comply with the schema sequence.
IRCT20220211053992N59,Warning: The container &lt;health_condition_code&gt; or its subtag was empty. Automatically filled with standard structure '-' to comply with the schema sequence.
IRCT20220211053992N59,Warning: The container &lt;health_condition_keyword&gt; or its subtag was empty. Automatically filled with standard structure '-' to comply with the schema sequence.
IRCT20220211053992N59,Warning: The container &lt;secondary_outcome&gt; or its subtag was empty. Automatically filled with standard structure '-' to comply with the schema sequence.
IRCT20220211053992N59,Warning: The container &lt;secondary_sponsor&gt; or its subtag was empty. Automatically filled with standard structure '-' to comply with the schema sequence.
IRCT20260124068646N1,Warning: The &lt;study_design&gt; tag exceeded the allowed limit. It will be truncated at 997 characters...
IRCT20260124068646N1,Warning: The &lt;i_keyword&gt; tag exceeded the allowed limit. It will be truncated at 497 characters...
IRCT20260124068646N1,Warning: The &lt;i_keyword&gt; tag exceeded the allowed limit. It will be truncated at 497 characters...
IRCT20260124068646N1,Warning: The container &lt;secondary_outcome&gt; or its subtag was empty. Automatically filled with standard structure '-' to comply with the schema sequence.
IRCT20260124068646N1,Warning: The container &lt;secondary_sponsor&gt; or its subtag was empty. Automatically filled with standard structure '-' to comply with the schema sequence.
IRCT20260123068643N1,Warning: The &lt;study_design&gt; tag exceeded the allowed limit. It will be truncated at 997 characters...
IRCT20260123068643N1,Warning: The container &lt;secondary_outcome&gt; or its subtag was empty. Automatically filled with standard structure '-' to comply with the schema sequence.
IRCT20260123068643N1,Warning: The container &lt;secondary_sponsor&gt; or its subtag was empty. Automatically filled with standard structure '-' to comply with the schema sequence.
IRCT20260120068626N1,Warning: The container &lt;secondary_sponsor&gt; or its subtag was empty. Automatically filled with standard structure '-' to comply with the schema sequence.
IRCT20170608034390N19,Warning: The container &lt;secondary_sponsor&gt; or its subtag was empty. Automatically filled with standard structure '-' to comply with the schema sequence.
IRCT20260122068639N1,Warning: The container &lt;secondary_sponsor&gt; or its subtag was empty. Automatically filled with standard structure '-' to comply with the schema sequence.
IRCT20190423043360N2,Warning: The &lt;study_design&gt; tag exceeded the allowed limit. It will be truncated at 997 characters...
IRCT20190423043360N2,Warning: The &lt;i_keyword&gt; tag exceeded the allowed limit. It will be truncated at 497 characters...
IRCT20190423043360N2,Warning: The &lt;i_keyword&gt; tag exceeded the allowed limit. It will be truncated at 497 characters...
IRCT20190423043360N2,Warning: The container &lt;secondary_outcome&gt; or its subtag was empty. Automatically filled with standard structure '-' to comply with the schema sequence.
IRCT20190423043360N2,Warning: The container &lt;secondary_sponsor&gt; or its subtag was empty. Automatically filled with standard structure '-' to comply with the schema sequence.
IRCT20180722040555N5,Warning: The &lt;study_design&gt; tag exceeded the allowed limit. It will be truncated at 997 characters...
IRCT20180722040555N5,Warning: The &lt;i_keyword&gt; tag exceeded the allowed limit. It will be truncated at 497 characters...
IRCT20180722040555N5,Warning: The container &lt;secondary_sponsor&gt; or its subtag was empty. Automatically filled with standard structure '-' to comply with the schema sequence.
IRCT20251208068244N1,Warning: The &lt;study_design&gt; tag exceeded the allowed limit. It will be truncated at 997 characters...
IRCT20251208068244N1,Warning: The container &lt;secondary_outcome&gt; or its subtag was empty. Automatically filled with standard structure '-' to comply with the schema sequence.
IRCT20251208068244N1,Warning: The container &lt;secondary_sponsor&gt; or its subtag was empty. Automatically filled with standard structure '-' to comply with the schema sequence.
IRCT20260122068635N1,Warning: The &lt;i_keyword&gt; tag exceeded the allowed limit. It will be truncated at 497 characters...
IRCT20260122068635N1,Warning: The container &lt;secondary_outcome&gt; or its subtag was empty. Automatically filled with standard structure '-' to comply with the schema sequence.
IRCT20260122068635N1,Warning: The container &lt;secondary_sponsor&gt; or its subtag was empty. Automatically filled with standard structure '-' to comply with the schema sequence.
IRCT20260123068641N1,Warning: The &lt;study_design&gt; tag exceeded the allowed limit. It will be truncated at 997 characters...
IRCT20260123068641N1,Warning: The container &lt;secondary_sponsor&gt; or its subtag was empty. Automatically filled with standard structure '-' to comply with the schema sequence.
IRCT20260125068660N1,Warning: The &lt;study_design&gt; tag exceeded the allowed limit. It will be truncated at 997 characters...
IRCT20260121068634N1,Warning: The container &lt;secondary_outcome&gt; or its subtag was empty. Automatically filled with standard structure '-' to comply with the schema sequence.
IRCT20260121068634N1,Warning: The container &lt;secondary_sponsor&gt; or its subtag was empty. Automatically filled with standard structure '-' to comply with the schema sequence.
IRCT20260125068655N1,Warning: The container &lt;health_condition_code&gt; or its subtag was empty. Automatically filled with standard structure '-' to comply with the schema sequence.
IRCT20260125068655N1,Warning: The container &lt;health_condition_keyword&gt; or its subtag was empty. Automatically filled with standard structure '-' to comply with the schema sequence.
IRCT20260125068655N1,Warning: The container &lt;secondary_outcome&gt; or its subtag was empty. Automatically filled with standard structure '-' to comply with the schema sequence.
IRCT20260125068655N1,Warning: The container &lt;secondary_sponsor&gt; or its subtag was empty. Automatically filled with standard structure '-' to comply with the schema sequence.
IRCT20220725055553N1,Warning: The &lt;study_design&gt; tag exceeded the allowed limit. It will be truncated at 997 characters...
IRCT20220725055553N1,Warning: The &lt;i_keyword&gt; tag exceeded the allowed limit. It will be truncated at 497 characters...
IRCT20220725055553N1,Warning: The &lt;i_keyword&gt; tag exceeded the allowed limit. It will be truncated at 497 characters...
IRCT20220725055553N1,Warning: The container &lt;secondary_outcome&gt; or its subtag was empty. Automatically filled with standard structure '-' to comply with the schema sequence.
IRCT20220725055553N1,Warning: The container &lt;secondary_sponsor&gt; or its subtag was empty. Automatically filled with standard structure '-' to comply with the schema sequence.
IRCT20120821010635N4,Warning: The container &lt;secondary_sponsor&gt; or its subtag was empty. Automatically filled with standard structure '-' to comply with the schema sequence.
IRCT20140212016564N17,Warning: The container &lt;secondary_outcome&gt; or its subtag was empty. Automatically filled with standard structure '-' to comply with the schema sequence.
IRCT20140212016564N17,Warning: The container &lt;secondary_sponsor&gt; or its subtag was empty. Automatically filled with standard structure '-' to comply with the schema sequence.
IRCT20260101068525N1,Warning: The &lt;study_design&gt; tag exceeded the allowed limit. It will be truncated at 997 characters...
IRCT20260101068525N1,Warning: The &lt;i_keyword&gt; tag exceeded the allowed limit. It will be truncated at 497 characters...
IRCT20260101068525N1,Warning: The &lt;i_keyword&gt; tag exceeded the allowed limit. It will be truncated at 497 characters...
IRCT20260101068525N1,Warning: The container &lt;secondary_outcome&gt; or its subtag was empty. Automatically filled with standard structure '-' to comply with the schema sequence.
IRCT20260101068525N1,Warning: The container &lt;secondary_sponsor&gt; or its subtag was empty. Automatically filled with standard structure '-' to comply with the schema sequence.
IRCT20260126068669N1,Warning: The container &lt;health_condition_code&gt; or its subtag was empty. Automatically filled with standard structure '-' to comply with the schema sequence.
IRCT20260126068669N1,Warning: The container &lt;health_condition_keyword&gt; or its subtag was empty. Automatically filled with standard structure '-' to comply with the schema sequence.
IRCT20260126068669N1,Warning: The container &lt;secondary_outcome&gt; or its subtag was empty. Automatically filled with standard structure '-' to comply with the schema sequence.
IRCT20260126068669N1,Warning: The container &lt;secondary_sponsor&gt; or its subtag was empty. Automatically filled with standard structure '-' to comply with the schema sequence.
IRCT20251213068298N1,Warning: The &lt;study_design&gt; tag exceeded the allowed limit. It will be truncated at 997 characters...
IRCT20251213068298N1,Warning: The container &lt;secondary_outcome&gt; or its subtag was empty. Automatically filled with standard structure '-' to comply with the schema sequence.
IRCT20251213068298N1,Warning: The container &lt;secondary_sponsor&gt; or its subtag was empty. Automatically filled with standard structure '-' to comply with the schema sequence.
IRCT20260125068662N1,Warning: The &lt;study_design&gt; tag exceeded the allowed limit. It will be truncated at 997 characters...
IRCT20260125068662N1,Warning: The container &lt;secondary_outcome&gt; or its subtag was empty. Automatically filled with standard structure '-' to comply with the schema sequence.
IRCT20260125068662N1,Warning: The container &lt;secondary_sponsor&gt; or its subtag was empty. Automatically filled with standard structure '-' to comply with the schema sequence.
IRCT20250722066589N4,Warning: The &lt;study_design&gt; tag exceeded the allowed limit. It will be truncated at 997 characters...
IRCT20250722066589N4,Warning: The container &lt;secondary_sponsor&gt; or its subtag was empty. Automatically filled with standard structure '-' to comply with the schema sequence.
IRCT20251224068430N1,Warning: The &lt;study_design&gt; tag exceeded the allowed limit. It will be truncated at 997 characters...
IRCT20251224068430N1,Warning: The container &lt;health_condition_code&gt; or its subtag was empty. Automatically filled with standard structure '-' to comply with the schema sequence.
IRCT20251224068430N1,Warning: The container &lt;health_condition_keyword&gt; or its subtag was empty. Automatically filled with standard structure '-' to comply with the schema sequence.
IRCT20251224068430N1,Warning: The container &lt;secondary_outcome&gt; or its subtag was empty. Automatically filled with standard structure '-' to comply with the schema sequence.
IRCT20251224068430N1,Warning: The container &lt;secondary_sponsor&gt; or its subtag was empty. Automatically filled with standard structure '-' to comply with the schema sequence.
IRCT20250509065657N1,Warning: The &lt;i_keyword&gt; tag exceeded the allowed limit. It will be truncated at 497 characters...
IRCT20250509065657N1,Warning: The container &lt;secondary_sponsor&gt; or its subtag was empty. Automatically filled with standard structure '-' to comply with the schema sequence.
IRCT20250723066609N4,Warning: The &lt;i_keyword&gt; tag exceeded the allowed limit. It will be truncated at 497 characters...
IRCT20250723066609N4,Warning: The container &lt;health_condition_code&gt; or its subtag was empty. Automatically filled with standard structure '-' to comply with the schema sequence.
IRCT20250723066609N4,Warning: The container &lt;health_condition_keyword&gt; or its subtag was empty. Automatically filled with standard structure '-' to comply with the schema sequence.
IRCT20250723066609N4,Warning: The container &lt;secondary_outcome&gt; or its subtag was empty. Automatically filled with standard structure '-' to comply with the schema sequence.
IRCT20250723066609N4,Warning: The container &lt;secondary_sponsor&gt; or its subtag was empty. Automatically filled with standard structure '-' to comply with the schema sequence.
IRCT20131124015510N7,Warning: The &lt;study_design&gt; tag exceeded the allowed limit. It will be truncated at 997 characters...
IRCT20131124015510N7,Warning: The &lt;i_keyword&gt; tag exceeded the allowed limit. It will be truncated at 497 characters...
IRCT20131124015510N7,Warning: The &lt;i_keyword&gt; tag exceeded the allowed limit. It will be truncated at 497 characters...
IRCT20131124015510N7,Warning: The container &lt;secondary_sponsor&gt; or its subtag was empty. Automatically filled with standard structure '-' to comply with the schema sequence.
IRCT20260121068627N1,Warning: The &lt;i_freetext&gt; tag exceeded the allowed limit. It will be truncated at 2997 characters...
IRCT20260121068627N1,Warning: The &lt;study_design&gt; tag exceeded the allowed limit. It will be truncated at 997 characters...
IRCT20260121068627N1,Warning: The &lt;i_keyword&gt; tag exceeded the allowed limit. It will be truncated at 497 characters...
IRCT20260121068627N1,Warning: The container &lt;health_condition_code&gt; or its subtag was empty. Automatically filled with standard structure '-' to comply with the schema sequence.
IRCT20260121068627N1,Warning: The container &lt;health_condition_keyword&gt; or its subtag was empty. Automatically filled with standard structure '-' to comply with the schema sequence.
IRCT20260121068627N1,Warning: The container &lt;secondary_outcome&gt; or its subtag was empty. Automatically filled with standard structure '-' to comply with the schema sequence.
IRCT20260121068627N1,Warning: The container &lt;secondary_sponsor&gt; or its subtag was empty. Automatically filled with standard structure '-' to comply with the schema sequence.
IRCT20260128068679N1,Warning: The &lt;results_IPD_description&gt; tag exceeded the allowed limit. It will be truncated at 1997 characters...
IRCT20260128068679N1,Warning: The &lt;study_design&gt; tag exceeded the allowed limit. It will be truncated at 997 characters...
IRCT20260128068679N1,Warning: The &lt;i_keyword&gt; tag exceeded the allowed limit. It will be truncated at 497 characters...
IRCT20260128068679N1,Warning: The container &lt;secondary_outcome&gt; or its subtag was empty. Automatically filled with standard structure '-' to comply with the schema sequence.
IRCT20260128068679N1,Warning: The container &lt;secondary_sponsor&gt; or its subtag was empty. Automatically filled with standard structure '-' to comply with the schema sequence.
IRCT20180310039030N5,Warning: The &lt;i_keyword&gt; tag exceeded the allowed limit. It will be truncated at 497 characters...
IRCT20180310039030N5,Warning: The container &lt;secondary_sponsor&gt; or its subtag was empty. Automatically filled with standard structure '-' to comply with the schema sequence.
IRCT20260126068665N1,Warning: The container &lt;secondary_sponsor&gt; or its subtag was empty. Automatically filled with standard structure '-' to comply with the schema sequence.
IRCT20251205068220N1,Warning: The &lt;results_IPD_description&gt; tag exceeded the allowed limit. It will be truncated at 1997 characters...
IRCT20251205068220N1,Warning: The &lt;i_keyword&gt; tag exceeded the allowed limit. It will be truncated at 497 characters...
IRCT20251205068220N1,Warning: The container &lt;secondary_outcome&gt; or its subtag was empty. Automatically filled with standard structure '-' to comply with the schema sequence.
IRCT20251205068220N1,Warning: The container &lt;secondary_sponsor&gt; or its subtag was empty. Automatically filled with standard structure '-' to comply with the schema sequence.
IRCT20260128068683N1,Warning: The &lt;i_keyword&gt; tag exceeded the allowed limit. It will be truncated at 497 characters...
IRCT20260128068683N1,Warning: The &lt;i_keyword&gt; tag exceeded the allowed limit. It will be truncated at 497 characters...
IRCT20260128068683N1,Warning: The container &lt;secondary_outcome&gt; or its subtag was empty. Automatically filled with standard structure '-' to comply with the schema sequence.
IRCT20260128068683N1,Warning: The container &lt;secondary_sponsor&gt; or its subtag was empty. Automatically filled with standard structure '-' to comply with the schema sequence.
IRCT20251221068403N1,Warning: The &lt;i_keyword&gt; tag exceeded the allowed limit. It will be truncated at 497 characters...
IRCT20251221068403N1,Warning: The container &lt;secondary_sponsor&gt; or its subtag was empty. Automatically filled with standard structure '-' to comply with the schema sequence.
IRCT20150423021910N9,Warning: The &lt;i_freetext&gt; tag exceeded the allowed limit. It will be truncated at 2997 characters...
IRCT20150423021910N9,Warning: The &lt;i_keyword&gt; tag exceeded the allowed limit. It will be truncated at 497 characters...
IRCT20150423021910N9,Warning: The &lt;i_keyword&gt; tag exceeded the allowed limit. It will be truncated at 497 characters...
IRCT20150423021910N9,Warning: The container &lt;secondary_sponsor&gt; or its subtag was empty. Automatically filled with standard structure '-' to comply with the schema sequence.
IRCT20251228068470N1,Warning: The container &lt;secondary_outcome&gt; or its subtag was empty. Automatically filled with standard structure '-' to comply with the schema sequence.
IRCT20251228068470N1,Warning: The container &lt;secondary_sponsor&gt; or its subtag was empty. Automatically filled with standard structure '-' to comply with the schema sequence.
IRCT20251015067633N1,Warning: The container &lt;health_condition_code&gt; or its subtag was empty. Automatically filled with standard structure '-' to comply with the schema sequence.
IRCT20251015067633N1,Warning: The container &lt;health_condition_keyword&gt; or its subtag was empty. Automatically filled with standard structure '-' to comply with the schema sequence.
IRCT20251015067633N1,Warning: The container &lt;secondary_outcome&gt; or its subtag was empty. Automatically filled with standard structure '-' to comply with the schema sequence.
IRCT20251015067633N1,Warning: The container &lt;secondary_sponsor&gt; or its subtag was empty. Automatically filled with standard structure '-' to comply with the schema sequence.
IRCT20220518054911N1,Warning: The &lt;i_freetext&gt; tag exceeded the allowed limit. It will be truncated at 2997 characters...
IRCT20220518054911N1,Warning: The &lt;study_design&gt; tag exceeded the allowed limit. It will be truncated at 997 characters...
IRCT20220518054911N1,Warning: The &lt;i_keyword&gt; tag exceeded the allowed limit. It will be truncated at 497 characters...
IRCT20220518054911N1,Warning: The &lt;i_keyword&gt; tag exceeded the allowed limit. It will be truncated at 497 characters...
IRCT20220518054911N1,Warning: The container &lt;health_condition_code&gt; or its subtag was empty. Automatically filled with standard structure '-' to comply with the schema sequence.
IRCT20220518054911N1,Warning: The container &lt;health_condition_keyword&gt; or its subtag was empty. Automatically filled with standard structure '-' to comply with the schema sequence.
IRCT20220518054911N1,Warning: The container &lt;secondary_sponsor&gt; or its subtag was empty. Automatically filled with standard structure '-' to comply with the schema sequence.
IRCT20260123068644N1,Warning: The &lt;i_keyword&gt; tag exceeded the allowed limit. It will be truncated at 497 characters...
IRCT20260123068644N1,Warning: The container &lt;health_condition_code&gt; or its subtag was empty. Automatically filled with standard structure '-' to comply with the schema sequence.
IRCT20260123068644N1,Warning: The container &lt;health_condition_keyword&gt; or its subtag was empty. Automatically filled with standard structure '-' to comply with the schema sequence.
IRCT20260123068644N1,Warning: The container &lt;secondary_sponsor&gt; or its subtag was empty. Automatically filled with standard structure '-' to comply with the schema sequence.
IRCT20200825048515N87,Warning: The container &lt;secondary_outcome&gt; or its subtag was empty. Automatically filled with standard structure '-' to comply with the schema sequence.
IRCT20200825048515N87,Warning: The container &lt;secondary_sponsor&gt; or its subtag was empty. Automatically filled with standard structure '-' to comply with the schema sequence.
IRCT20250929067414N3,Warning: The &lt;study_design&gt; tag exceeded the allowed limit. It will be truncated at 997 characters...
IRCT20250929067414N3,Warning: The container &lt;secondary_sponsor&gt; or its subtag was empty. Automatically filled with standard structure '-' to comply with the schema sequence.
IRCT20150303021315N41,Warning: The &lt;study_design&gt; tag exceeded the allowed limit. It will be truncated at 997 characters...
IRCT20150303021315N41,Warning: The container &lt;secondary_sponsor&gt; or its subtag was empty. Automatically filled with standard structure '-' to comply with the schema sequence.
IRCT20260128068684N1,Warning: The &lt;i_keyword&gt; tag exceeded the allowed limit. It will be truncated at 497 characters...
IRCT20260128068684N1,Warning: The container &lt;health_condition_code&gt; or its subtag was empty. Automatically filled with standard structure '-' to comply with the schema sequence.
IRCT20260128068684N1,Warning: The container &lt;health_condition_keyword&gt; or its subtag was empty. Automatically filled with standard structure '-' to comply with the schema sequence.
IRCT20260128068684N1,Warning: The container &lt;secondary_outcome&gt; or its subtag was empty. Automatically filled with standard structure '-' to comply with the schema sequence.
IRCT20260128068684N1,Warning: The container &lt;secondary_sponsor&gt; or its subtag was empty. Automatically filled with standard structure '-' to comply with the schema sequence.
IRCT20240711062391N2,Warning: The &lt;i_keyword&gt; tag exceeded the allowed limit. It will be truncated at 497 characters...
IRCT20240711062391N2,Warning: The &lt;i_keyword&gt; tag exceeded the allowed limit. It will be truncated at 497 characters...
IRCT20240711062391N2,Warning: The container &lt;health_condition_code&gt; or its subtag was empty. Automatically filled with standard structure '-' to comply with the schema sequence.
IRCT20240711062391N2,Warning: The container &lt;health_condition_keyword&gt; or its subtag was empty. Automatically filled with standard structure '-' to comply with the schema sequence.
IRCT20240711062391N2,Warning: The container &lt;secondary_outcome&gt; or its subtag was empty. Automatically filled with standard structure '-' to comply with the schema sequence.
IRCT20240711062391N2,Warning: The container &lt;secondary_sponsor&gt; or its subtag was empty. Automatically filled with standard structure '-' to comply with the schema sequence.
IRCT20251021067706N1,Warning: The &lt;study_design&gt; tag exceeded the allowed limit. It will be truncated at 997 characters...
IRCT20251021067706N1,Warning: The container &lt;secondary_outcome&gt; or its subtag was empty. Automatically filled with standard structure '-' to comply with the schema sequence.
IRCT20251021067706N1,Warning: The container &lt;secondary_sponsor&gt; or its subtag was empty. Automatically filled with standard structure '-' to comply with the schema sequence.
IRCT20191021045178N8,Warning: The &lt;study_design&gt; tag exceeded the allowed limit. It will be truncated at 997 characters...
IRCT20191021045178N8,Warning: The &lt;i_keyword&gt; tag exceeded the allowed limit. It will be truncated at 497 characters...
IRCT20191021045178N8,Warning: The &lt;i_keyword&gt; tag exceeded the allowed limit. It will be truncated at 497 characters...
IRCT20191021045178N8,Warning: The container &lt;secondary_outcome&gt; or its subtag was empty. Automatically filled with standard structure '-' to comply with the schema sequence.
IRCT20191021045178N8,Warning: The container &lt;secondary_sponsor&gt; or its subtag was empty. Automatically filled with standard structure '-' to comply with the schema sequence.
IRCT20260131068712N1,Warning: The &lt;results_IPD_description&gt; tag exceeded the allowed limit. It will be truncated at 1997 characters...
IRCT20260131068712N1,Warning: The &lt;i_keyword&gt; tag exceeded the allowed limit. It will be truncated at 497 characters...
IRCT20260131068712N1,Warning: The &lt;i_keyword&gt; tag exceeded the allowed limit. It will be truncated at 497 characters...
IRCT20260131068712N1,Warning: The container &lt;secondary_outcome&gt; or its subtag was empty. Automatically filled with standard structure '-' to comply with the schema sequence.
IRCT20260131068712N1,Warning: The container &lt;secondary_sponsor&gt; or its subtag was empty. Automatically filled with standard structure '-' to comply with the schema sequence.
IRCT20260201068720N1,Warning: The &lt;results_IPD_description&gt; tag exceeded the allowed limit. It will be truncated at 1997 characters...
IRCT20260201068720N1,Warning: The &lt;i_keyword&gt; tag exceeded the allowed limit. It will be truncated at 497 characters...
IRCT20260201068720N1,Warning: The &lt;i_keyword&gt; tag exceeded the allowed limit. It will be truncated at 497 characters...
IRCT20260201068720N1,Warning: The container &lt;secondary_sponsor&gt; or its subtag was empty. Automatically filled with standard structure '-' to comply with the schema sequence.
IRCT20260131068711N1,Warning: The &lt;i_keyword&gt; tag exceeded the allowed limit. It will be truncated at 497 characters...
IRCT20260131068711N1,Warning: The container &lt;health_condition_code&gt; or its subtag was empty. Automatically filled with standard structure '-' to comply with the schema sequence.
IRCT20260131068711N1,Warning: The container &lt;health_condition_keyword&gt; or its subtag was empty. Automatically filled with standard structure '-' to comply with the schema sequence.
IRCT20260131068711N1,Warning: The container &lt;secondary_outcome&gt; or its subtag was empty. Automatically filled with standard structure '-' to comply with the schema sequence.
IRCT20260131068711N1,Warning: The container &lt;secondary_sponsor&gt; or its subtag was empty. Automatically filled with standard structure '-' to comply with the schema sequence.
IRCT20190203042605N4,Warning: The container &lt;health_condition_code&gt; or its subtag was empty. Automatically filled with standard structure '-' to comply with the schema sequence.
IRCT20190203042605N4,Warning: The container &lt;health_condition_keyword&gt; or its subtag was empty. Automatically filled with standard structure '-' to comply with the schema sequence.
IRCT20190203042605N4,Warning: The container &lt;secondary_sponsor&gt; or its subtag was empty. Automatically filled with standard structure '-' to comply with the schema sequence.
IRCT20260128068689N1,Warning: The container &lt;health_condition_code&gt; or its subtag was empty. Automatically filled with standard structure '-' to comply with the schema sequence.
IRCT20260128068689N1,Warning: The container &lt;health_condition_keyword&gt; or its subtag was empty. Automatically filled with standard structure '-' to comply with the schema sequence.
IRCT20260128068689N1,Warning: The container &lt;secondary_sponsor&gt; or its subtag was empty. Automatically filled with standard structure '-' to comply with the schema sequence.
IRCT20210306050606N4,Warning: The &lt;i_keyword&gt; tag exceeded the allowed limit. It will be truncated at 497 characters...
IRCT20210306050606N4,Warning: The &lt;i_keyword&gt; tag exceeded the allowed limit. It will be truncated at 497 characters...
IRCT20210306050606N4,Warning: The container &lt;secondary_outcome&gt; or its subtag was empty. Automatically filled with standard structure '-' to comply with the schema sequence.
IRCT20210306050606N4,Warning: The container &lt;secondary_sponsor&gt; or its subtag was empty. Automatically filled with standard structure '-' to comply with the schema sequence.
IRCT20110827007422N9,Warning: The &lt;study_design&gt; tag exceeded the allowed limit. It will be truncated at 997 characters...
IRCT20110827007422N9,Warning: The &lt;i_keyword&gt; tag exceeded the allowed limit. It will be truncated at 497 characters...
IRCT20110827007422N9,Warning: The &lt;i_keyword&gt; tag exceeded the allowed limit. It will be truncated at 497 characters...
IRCT20110827007422N9,Warning: The container &lt;health_condition_code&gt; or its subtag was empty. Automatically filled with standard structure '-' to comply with the schema sequence.
IRCT20110827007422N9,Warning: The container &lt;health_condition_keyword&gt; or its subtag was empty. Automatically filled with standard structure '-' to comply with the schema sequence.
IRCT20110827007422N9,Warning: The container &lt;secondary_sponsor&gt; or its subtag was empty. Automatically filled with standard structure '-' to comply with the schema sequence.
IRCT20260108068588N1,Warning: The container &lt;secondary_sponsor&gt; or its subtag was empty. Automatically filled with standard structure '-' to comply with the schema sequence.
IRCT20260128068681N1,Warning: The &lt;results_IPD_description&gt; tag exceeded the allowed limit. It will be truncated at 1997 characters...
IRCT20260128068681N1,Warning: The &lt;study_design&gt; tag exceeded the allowed limit. It will be truncated at 997 characters...
IRCT20260128068681N1,Warning: The &lt;i_keyword&gt; tag exceeded the allowed limit. It will be truncated at 497 characters...
IRCT20260128068681N1,Warning: The &lt;i_keyword&gt; tag exceeded the allowed limit. It will be truncated at 497 characters...
IRCT20260128068681N1,Warning: The container &lt;secondary_sponsor&gt; or its subtag was empty. Automatically filled with standard structure '-' to comply with the schema sequence.
IRCT20260201068726N1,Warning: The container &lt;secondary_outcome&gt; or its subtag was empty. Automatically filled with standard structure '-' to comply with the schema sequence.
IRCT20260201068726N1,Warning: The container &lt;secondary_sponsor&gt; or its subtag was empty. Automatically filled with standard structure '-' to comply with the schema sequence.
IRCT20260128068687N1,Warning: The &lt;study_design&gt; tag exceeded the allowed limit. It will be truncated at 997 characters...
IRCT20260128068687N1,Warning: The &lt;i_keyword&gt; tag exceeded the allowed limit. It will be truncated at 497 characters...
IRCT20260128068687N1,Warning: The container &lt;secondary_sponsor&gt; or its subtag was empty. Automatically filled with standard structure '-' to comply with the schema sequence.
IRCT20251209068269N1,Warning: The container &lt;secondary_outcome&gt; or its subtag was empty. Automatically filled with standard structure '-' to comply with the schema sequence.
IRCT20251209068269N1,Warning: The container &lt;secondary_sponsor&gt; or its subtag was empty. Automatically filled with standard structure '-' to comply with the schema sequence.
IRCT20260131068715N1,Warning: The &lt;i_freetext&gt; tag exceeded the allowed limit. It will be truncated at 2997 characters...
IRCT20260131068715N1,Warning: The &lt;study_design&gt; tag exceeded the allowed limit. It will be truncated at 997 characters...
IRCT20260131068715N1,Warning: The &lt;i_keyword&gt; tag exceeded the allowed limit. It will be truncated at 497 characters...
IRCT20260131068715N1,Warning: The &lt;i_keyword&gt; tag exceeded the allowed limit. It will be truncated at 497 characters...
IRCT20260131068715N1,Warning: The container &lt;secondary_sponsor&gt; or its subtag was empty. Automatically filled with standard structure '-' to comply with the schema sequence.
IRCT20251218068375N1,Warning: The container &lt;health_condition_code&gt; or its subtag was empty. Automatically filled with standard structure '-' to comply with the schema sequence.
IRCT20251218068375N1,Warning: The container &lt;health_condition_keyword&gt; or its subtag was empty. Automatically filled with standard structure '-' to comply with the schema sequence.
IRCT20251218068375N1,Warning: The container &lt;secondary_outcome&gt; or its subtag was empty. Automatically filled with standard structure '-' to comply with the schema sequence.
IRCT20251218068375N1,Warning: The container &lt;secondary_sponsor&gt; or its subtag was empty. Automatically filled with standard structure '-' to comply with the schema sequence.
IRCT20090801002266N22,Warning: The &lt;study_design&gt; tag exceeded the allowed limit. It will be truncated at 997 characters...
IRCT20090801002266N22,Warning: The container &lt;secondary_sponsor&gt; or its subtag was empty. Automatically filled with standard structure '-' to comply with the schema sequence.
IRCT20180620040164N105,Warning: The container &lt;secondary_sponsor&gt; or its subtag was empty. Automatically filled with standard structure '-' to comply with the schema sequence.
IRCT20251228068472N1,Warning: The &lt;study_design&gt; tag exceeded the allowed limit. It will be truncated at 997 characters...
IRCT20251228068472N1,Warning: The &lt;i_keyword&gt; tag exceeded the allowed limit. It will be truncated at 497 characters...
IRCT20251228068472N1,Warning: The &lt;i_keyword&gt; tag exceeded the allowed limit. It will be truncated at 497 characters...
IRCT20251228068472N1,Warning: The container &lt;secondary_outcome&gt; or its subtag was empty. Automatically filled with standard structure '-' to comply with the schema sequence.
IRCT20251228068472N1,Warning: The container &lt;secondary_sponsor&gt; or its subtag was empty. Automatically filled with standard structure '-' to comply with the schema sequence.
IRCT20260201068718N2,Warning: The &lt;i_keyword&gt; tag exceeded the allowed limit. It will be truncated at 497 characters...
IRCT20260201068718N2,Warning: The container &lt;secondary_sponsor&gt; or its subtag was empty. Automatically filled with standard structure '-' to comply with the schema sequence.
IRCT20260201068725N1,Warning: The &lt;study_design&gt; tag exceeded the allowed limit. It will be truncated at 997 characters...
IRCT20260201068725N1,Warning: The &lt;i_keyword&gt; tag exceeded the allowed limit. It will be truncated at 497 characters...
IRCT20260201068725N1,Warning: The container &lt;secondary_sponsor&gt; or its subtag was empty. Automatically filled with standard structure '-' to comply with the schema sequence.
IRCT20260129068694N1,Warning: The &lt;i_keyword&gt; tag exceeded the allowed limit. It will be truncated at 497 characters...
IRCT20260129068694N1,Warning: The container &lt;secondary_sponsor&gt; or its subtag was empty. Automatically filled with standard structure '-' to comply with the schema sequence.
IRCT20251110067938N1,Warning: The &lt;study_design&gt; tag exceeded the allowed limit. It will be truncated at 997 characters...
IRCT20251110067938N1,Warning: The container &lt;secondary_outcome&gt; or its subtag was empty. Automatically filled with standard structure '-' to comply with the schema sequence.
IRCT20251110067938N1,Warning: The container &lt;secondary_sponsor&gt; or its subtag was empty. Automatically filled with standard structure '-' to comply with the schema sequence.
IRCT20260201068718N1,Warning: The container &lt;secondary_sponsor&gt; or its subtag was empty. Automatically filled with standard structure '-' to comply with the schema sequence.
IRCT20220515054852N4,Warning: The &lt;study_design&gt; tag exceeded the allowed limit. It will be truncated at 997 characters...
IRCT20220515054852N4,Warning: The &lt;i_keyword&gt; tag exceeded the allowed limit. It will be truncated at 497 characters...
IRCT20220515054852N4,Warning: The &lt;i_keyword&gt; tag exceeded the allowed limit. It will be truncated at 497 characters...
IRCT20220515054852N4,Warning: The container &lt;secondary_sponsor&gt; or its subtag was empty. Automatically filled with standard structure '-' to comply with the schema sequence.
IRCT20260131068710N1,Warning: The &lt;i_keyword&gt; tag exceeded the allowed limit. It will be truncated at 497 characters...
IRCT20260131068710N1,Warning: The container &lt;secondary_outcome&gt; or its subtag was empty. Automatically filled with standard structure '-' to comply with the schema sequence.
IRCT20260131068710N1,Warning: The container &lt;secondary_sponsor&gt; or its subtag was empty. Automatically filled with standard structure '-' to comply with the schema sequence.
IRCT20250122064473N1,Warning: The &lt;study_design&gt; tag exceeded the allowed limit. It will be truncated at 997 characters...
IRCT20250122064473N1,Warning: The container &lt;secondary_sponsor&gt; or its subtag was empty. Automatically filled with standard structure '-' to comply with the schema sequence.
IRCT20260128068686N1,Warning: The &lt;i_keyword&gt; tag exceeded the allowed limit. It will be truncated at 497 characters...
IRCT20260128068686N1,Warning: The container &lt;health_condition_code&gt; or its subtag was empty. Automatically filled with standard structure '-' to comply with the schema sequence.
IRCT20260128068686N1,Warning: The container &lt;health_condition_keyword&gt; or its subtag was empty. Automatically filled with standard structure '-' to comply with the schema sequence.
IRCT20260128068686N1,Warning: The container &lt;secondary_outcome&gt; or its subtag was empty. Automatically filled with standard structure '-' to comply with the schema sequence.
IRCT20260128068686N1,Warning: The container &lt;secondary_sponsor&gt; or its subtag was empty. Automatically filled with standard structure '-' to comply with the schema sequence.
IRCT20260201068730N1,Warning: The container &lt;secondary_outcome&gt; or its subtag was empty. Automatically filled with standard structure '-' to comply with the schema sequence.
IRCT20260201068730N1,Warning: The container &lt;secondary_sponsor&gt; or its subtag was empty. Automatically filled with standard structure '-' to comply with the schema sequence.
IRCT20250928067388N1,Warning: The &lt;study_design&gt; tag exceeded the allowed limit. It will be truncated at 997 characters...
IRCT20250928067388N1,Warning: The container &lt;secondary_outcome&gt; or its subtag was empty. Automatically filled with standard structure '-' to comply with the schema sequence.
IRCT20250928067388N1,Warning: The container &lt;secondary_sponsor&gt; or its subtag was empty. Automatically filled with standard structure '-' to comply with the schema sequence.
IRCT20250629066291N2,Warning: The &lt;i_keyword&gt; tag exceeded the allowed limit. It will be truncated at 497 characters...
IRCT20250629066291N2,Warning: The container &lt;secondary_outcome&gt; or its subtag was empty. Automatically filled with standard structure '-' to comply with the schema sequence.
IRCT20250629066291N2,Warning: The container &lt;secondary_sponsor&gt; or its subtag was empty. Automatically filled with standard structure '-' to comply with the schema sequence.
IRCT20230522058253N10,Warning: The &lt;study_design&gt; tag exceeded the allowed limit. It will be truncated at 997 characters...
IRCT20230522058253N10,Warning: The container &lt;health_condition_code&gt; or its subtag was empty. Automatically filled with standard structure '-' to comply with the schema sequence.
IRCT20230522058253N10,Warning: The container &lt;health_condition_keyword&gt; or its subtag was empty. Automatically filled with standard structure '-' to comply with the schema sequence.
IRCT20230522058253N10,Warning: The container &lt;secondary_outcome&gt; or its subtag was empty. Automatically filled with standard structure '-' to comply with the schema sequence.
IRCT20230522058253N10,Warning: The container &lt;secondary_sponsor&gt; or its subtag was empty. Automatically filled with standard structure '-' to comply with the schema sequence.
IRCT20180627040251N15,Warning: The &lt;study_design&gt; tag exceeded the allowed limit. It will be truncated at 997 characters...
IRCT20180627040251N15,Warning: The &lt;i_keyword&gt; tag exceeded the allowed limit. It will be truncated at 497 characters...
IRCT20180627040251N15,Warning: The &lt;i_keyword&gt; tag exceeded the allowed limit. It will be truncated at 497 characters...
IRCT20180627040251N15,Warning: The container &lt;secondary_sponsor&gt; or its subtag was empty. Automatically filled with standard structure '-' to comply with the schema sequence.
IRCT20260201068723N1,Warning: The &lt;study_design&gt; tag exceeded the allowed limit. It will be truncated at 997 characters...
IRCT20260201068723N1,Warning: The container &lt;secondary_outcome&gt; or its subtag was empty. Automatically filled with standard structure '-' to comply with the schema sequence.
IRCT20260201068723N1,Warning: The container &lt;secondary_sponsor&gt; or its subtag was empty. Automatically filled with standard structure '-' to comply with the schema sequence.
IRCT20260202068734N1,Warning: The container &lt;secondary_outcome&gt; or its subtag was empty. Automatically filled with standard structure '-' to comply with the schema sequence.
IRCT20260202068734N1,Warning: The container &lt;secondary_sponsor&gt; or its subtag was empty. Automatically filled with standard structure '-' to comply with the schema sequence.
IRCT20130313012810N86,Warning: The container &lt;health_condition_code&gt; or its subtag was empty. Automatically filled with standard structure '-' to comply with the schema sequence.
IRCT20130313012810N86,Warning: The container &lt;health_condition_keyword&gt; or its subtag was empty. Automatically filled with standard structure '-' to comply with the schema sequence.
IRCT20130313012810N86,Warning: The container &lt;secondary_outcome&gt; or its subtag was empty. Automatically filled with standard structure '-' to comply with the schema sequence.
IRCT20130313012810N86,Warning: The container &lt;secondary_sponsor&gt; or its subtag was empty. Automatically filled with standard structure '-' to comply with the schema sequence.
IRCT20260203068748N1,Warning: The &lt;i_keyword&gt; tag exceeded the allowed limit. It will be truncated at 497 characters...
IRCT20260203068748N1,Warning: The &lt;i_keyword&gt; tag exceeded the allowed limit. It will be truncated at 497 characters...
IRCT20260203068748N1,Warning: The container &lt;health_condition_code&gt; or its subtag was empty. Automatically filled with standard structure '-' to comply with the schema sequence.
IRCT20260203068748N1,Warning: The container &lt;health_condition_keyword&gt; or its subtag was empty. Automatically filled with standard structure '-' to comply with the schema sequence.
IRCT20260203068748N1,Warning: The container &lt;secondary_outcome&gt; or its subtag was empty. Automatically filled with standard structure '-' to comply with the schema sequence.
IRCT20260203068748N1,Warning: The container &lt;secondary_sponsor&gt; or its subtag was empty. Automatically filled with standard structure '-' to comply with the schema sequence.
IRCT20191228045924N10,Warning: The &lt;i_keyword&gt; tag exceeded the allowed limit. It will be truncated at 497 characters...
IRCT20191228045924N10,Warning: The container &lt;secondary_sponsor&gt; or its subtag was empty. Automatically filled with standard structure '-' to comply with the schema sequence.
IRCT20250723066609N3,Warning: The &lt;i_keyword&gt; tag exceeded the allowed limit. It will be truncated at 497 characters...
IRCT20250723066609N3,Warning: The &lt;i_keyword&gt; tag exceeded the allowed limit. It will be truncated at 497 characters...
IRCT20250723066609N3,Warning: The container &lt;health_condition_code&gt; or its subtag was empty. Automatically filled with standard structure '-' to comply with the schema sequence.
IRCT20250723066609N3,Warning: The container &lt;health_condition_keyword&gt; or its subtag was empty. Automatically filled with standard structure '-' to comply with the schema sequence.
IRCT20250723066609N3,Warning: The container &lt;secondary_outcome&gt; or its subtag was empty. Automatically filled with standard structure '-' to comply with the schema sequence.
IRCT20250723066609N3,Warning: The container &lt;secondary_sponsor&gt; or its subtag was empty. Automatically filled with standard structure '-' to comply with the schema sequence.
IRCT20260201068728N1,Warning: The &lt;study_design&gt; tag exceeded the allowed limit. It will be truncated at 997 characters...
IRCT20260201068728N1,Warning: The container &lt;secondary_outcome&gt; or its subtag was empty. Automatically filled with standard structure '-' to comply with the schema sequence.
IRCT20260201068728N1,Warning: The container &lt;secondary_sponsor&gt; or its subtag was empty. Automatically filled with standard structure '-' to comply with the schema sequence.
IRCT20251014067632N1,Warning: The container &lt;secondary_outcome&gt; or its subtag was empty. Automatically filled with standard structure '-' to comply with the schema sequence.
IRCT20251014067632N1,Warning: The container &lt;secondary_sponsor&gt; or its subtag was empty. Automatically filled with standard structure '-' to comply with the schema sequence.
IRCT20251230068494N1,Warning: The &lt;results_IPD_description&gt; tag exceeded the allowed limit. It will be truncated at 1997 characters...
IRCT20251230068494N1,Warning: The container &lt;secondary_outcome&gt; or its subtag was empty. Automatically filled with standard structure '-' to comply with the schema sequence.
IRCT20251230068494N1,Warning: The container &lt;secondary_sponsor&gt; or its subtag was empty. Automatically filled with standard structure '-' to comply with the schema sequence.
IRCT20260125068657N1,Warning: The &lt;study_design&gt; tag exceeded the allowed limit. It will be truncated at 997 characters...
IRCT20260125068657N1,Warning: The container &lt;secondary_outcome&gt; or its subtag was empty. Automatically filled with standard structure '-' to comply with the schema sequence.
IRCT20260125068657N1,Warning: The container &lt;secondary_sponsor&gt; or its subtag was empty. Automatically filled with standard structure '-' to comply with the schema sequence.
IRCT20260203068753N1,Warning: The &lt;study_design&gt; tag exceeded the allowed limit. It will be truncated at 997 characters...
IRCT20260203068753N1,Warning: The &lt;i_keyword&gt; tag exceeded the allowed limit. It will be truncated at 497 characters...
IRCT20260203068753N1,Warning: The &lt;i_keyword&gt; tag exceeded the allowed limit. It will be truncated at 497 characters...
IRCT20260203068753N1,Warning: The container &lt;health_condition_code&gt; or its subtag was empty. Automatically filled with standard structure '-' to comply with the schema sequence.
IRCT20260203068753N1,Warning: The container &lt;health_condition_keyword&gt; or its subtag was empty. Automatically filled with standard structure '-' to comply with the schema sequence.
IRCT20260203068753N1,Warning: The container &lt;secondary_outcome&gt; or its subtag was empty. Automatically filled with standard structure '-' to comply with the schema sequence.
IRCT20260203068753N1,Warning: The container &lt;secondary_sponsor&gt; or its subtag was empty. Automatically filled with standard structure '-' to comply with the schema sequence.
IRCT20251211068287N5,Warning: The &lt;study_design&gt; tag exceeded the allowed limit. It will be truncated at 997 characters...
IRCT20251211068287N5,Warning: The container &lt;health_condition_code&gt; or its subtag was empty. Automatically filled with standard structure '-' to comply with the schema sequence.
IRCT20251211068287N5,Warning: The container &lt;health_condition_keyword&gt; or its subtag was empty. Automatically filled with standard structure '-' to comply with the schema sequence.
IRCT20251211068287N5,Warning: The container &lt;secondary_outcome&gt; or its subtag was empty. Automatically filled with standard structure '-' to comply with the schema sequence.
IRCT20251211068287N5,Warning: The container &lt;secondary_sponsor&gt; or its subtag was empty. Automatically filled with standard structure '-' to comply with the schema sequence.
IRCT20251116068014N3,Warning: The &lt;study_design&gt; tag exceeded the allowed limit. It will be truncated at 997 characters...
IRCT20251116068014N3,Warning: The &lt;i_keyword&gt; tag exceeded the allowed limit. It will be truncated at 497 characters...
IRCT20251116068014N3,Warning: The &lt;i_keyword&gt; tag exceeded the allowed limit. It will be truncated at 497 characters...
IRCT20251116068014N3,Warning: The container &lt;health_condition_code&gt; or its subtag was empty. Automatically filled with standard structure '-' to comply with the schema sequence.
IRCT20251116068014N3,Warning: The container &lt;health_condition_keyword&gt; or its subtag was empty. Automatically filled with standard structure '-' to comply with the schema sequence.
IRCT20251116068014N3,Warning: The container &lt;secondary_sponsor&gt; or its subtag was empty. Automatically filled with standard structure '-' to comply with the schema sequence.
IRCT20260202068746N1,Warning: The &lt;study_design&gt; tag exceeded the allowed limit. It will be truncated at 997 characters...
IRCT20260202068746N1,Warning: The &lt;i_keyword&gt; tag exceeded the allowed limit. It will be truncated at 497 characters...
IRCT20260202068746N1,Warning: The &lt;i_keyword&gt; tag exceeded the allowed limit. It will be truncated at 497 characters...
IRCT20260202068746N1,Warning: The container &lt;secondary_outcome&gt; or its subtag was empty. Automatically filled with standard structure '-' to comply with the schema sequence.
IRCT20260202068746N1,Warning: The container &lt;secondary_sponsor&gt; or its subtag was empty. Automatically filled with standard structure '-' to comply with the schema sequence.
IRCT20260130068698N1,Warning: The &lt;i_freetext&gt; tag exceeded the allowed limit. It will be truncated at 2997 characters...
IRCT20260130068698N1,Warning: The &lt;study_design&gt; tag exceeded the allowed limit. It will be truncated at 997 characters...
IRCT20260130068698N1,Warning: The &lt;i_keyword&gt; tag exceeded the allowed limit. It will be truncated at 497 characters...
IRCT20260130068698N1,Warning: The &lt;i_keyword&gt; tag exceeded the allowed limit. It will be truncated at 497 characters...
IRCT20260130068698N1,Warning: The container &lt;secondary_sponsor&gt; or its subtag was empty. Automatically filled with standard structure '-' to comply with the schema sequence.
IRCT20200402046915N4,Warning: The container &lt;secondary_sponsor&gt; or its subtag was empty. Automatically filled with standard structure '-' to comply with the schema sequence.
IRCT20260202068737N1,Warning: The container &lt;secondary_sponsor&gt; or its subtag was empty. Automatically filled with standard structure '-' to comply with the schema sequence.
IRCT20251211068287N1,Warning: The &lt;i_keyword&gt; tag exceeded the allowed limit. It will be truncated at 497 characters...
IRCT20251211068287N1,Warning: The container &lt;secondary_sponsor&gt; or its subtag was empty. Automatically filled with standard structure '-' to comply with the schema sequence.
IRCT20251121068066N8,Warning: The container &lt;secondary_outcome&gt; or its subtag was empty. Automatically filled with standard structure '-' to comply with the schema sequence.
IRCT20251121068066N8,Warning: The container &lt;secondary_sponsor&gt; or its subtag was empty. Automatically filled with standard structure '-' to comply with the schema sequence.
IRCT20190130042555N2,Warning: The &lt;i_freetext&gt; tag exceeded the allowed limit. It will be truncated at 2997 characters...
IRCT20190130042555N2,Warning: The &lt;study_design&gt; tag exceeded the allowed limit. It will be truncated at 997 characters...
IRCT20190130042555N2,Warning: The &lt;i_keyword&gt; tag exceeded the allowed limit. It will be truncated at 497 characters...
IRCT20190130042555N2,Warning: The &lt;i_keyword&gt; tag exceeded the allowed limit. It will be truncated at 497 characters...
IRCT20190130042555N2,Warning: The &lt;i_keyword&gt; tag exceeded the allowed limit. It will be truncated at 497 characters...
IRCT20190130042555N2,Warning: The container &lt;secondary_sponsor&gt; or its subtag was empty. Automatically filled with standard structure '-' to comply with the schema sequence.
IRCT20260127068674N1,Warning: The &lt;study_design&gt; tag exceeded the allowed limit. It will be truncated at 997 characters...
IRCT20260127068674N1,Warning: The container &lt;secondary_outcome&gt; or its subtag was empty. Automatically filled with standard structure '-' to comply with the schema sequence.
IRCT20260127068674N1,Warning: The container &lt;secondary_sponsor&gt; or its subtag was empty. Automatically filled with standard structure '-' to comply with the schema sequence.
IRCT20260203068749N1,Warning: The &lt;i_keyword&gt; tag exceeded the allowed limit. It will be truncated at 497 characters...
IRCT20260203068749N1,Warning: The &lt;i_keyword&gt; tag exceeded the allowed limit. It will be truncated at 497 characters...
IRCT20260203068749N1,Warning: The container &lt;health_condition_code&gt; or its subtag was empty. Automatically filled with standard structure '-' to comply with the schema sequence.
IRCT20260203068749N1,Warning: The container &lt;health_condition_keyword&gt; or its subtag was empty. Automatically filled with standard structure '-' to comply with the schema sequence.
IRCT20260203068749N1,Warning: The container &lt;secondary_outcome&gt; or its subtag was empty. Automatically filled with standard structure '-' to comply with the schema sequence.
IRCT20260203068749N1,Warning: The container &lt;secondary_sponsor&gt; or its subtag was empty. Automatically filled with standard structure '-' to comply with the schema sequence.
IRCT20180521039762N6,Warning: The &lt;results_IPD_description&gt; tag exceeded the allowed limit. It will be truncated at 1997 characters...
IRCT20180521039762N6,Warning: The &lt;study_design&gt; tag exceeded the allowed limit. It will be truncated at 997 characters...
IRCT20180521039762N6,Warning: The &lt;i_keyword&gt; tag exceeded the allowed limit. It will be truncated at 497 characters...
IRCT20180521039762N6,Warning: The container &lt;secondary_sponsor&gt; or its subtag was empty. Automatically filled with standard structure '-' to comply with the schema sequence.
IRCT20251001067458N1,Warning: The &lt;study_design&gt; tag exceeded the allowed limit. It will be truncated at 997 characters...
IRCT20251001067458N1,Warning: The &lt;i_keyword&gt; tag exceeded the allowed limit. It will be truncated at 497 characters...
IRCT20251001067458N1,Warning: The container &lt;health_condition_code&gt; or its subtag was empty. Automatically filled with standard structure '-' to comply with the schema sequence.
IRCT20251001067458N1,Warning: The container &lt;health_condition_keyword&gt; or its subtag was empty. Automatically filled with standard structure '-' to comply with the schema sequence.
IRCT20251001067458N1,Warning: The container &lt;secondary_outcome&gt; or its subtag was empty. Automatically filled with standard structure '-' to comply with the schema sequence.
IRCT20251001067458N1,Warning: The container &lt;secondary_sponsor&gt; or its subtag was empty. Automatically filled with standard structure '-' to comply with the schema sequence.
IRCT20260131068707N1,Warning: The &lt;i_keyword&gt; tag exceeded the allowed limit. It will be truncated at 497 characters...
IRCT20260131068707N1,Warning: The container &lt;health_condition_code&gt; or its subtag was empty. Automatically filled with standard structure '-' to comply with the schema sequence.
IRCT20260131068707N1,Warning: The container &lt;health_condition_keyword&gt; or its subtag was empty. Automatically filled with standard structure '-' to comply with the schema sequence.
IRCT20260131068707N1,Warning: The container &lt;secondary_sponsor&gt; or its subtag was empty. Automatically filled with standard structure '-' to comply with the schema sequence.
IRCT20251225068439N1,Warning: The container &lt;secondary_outcome&gt; or its subtag was empty. Automatically filled with standard structure '-' to comply with the schema sequence.
IRCT20251225068439N1,Warning: The container &lt;secondary_sponsor&gt; or its subtag was empty. Automatically filled with standard structure '-' to comply with the schema sequence.
IRCT20250331065185N1,Warning: The &lt;study_design&gt; tag exceeded the allowed limit. It will be truncated at 997 characters...
IRCT20250331065185N1,Warning: The &lt;i_keyword&gt; tag exceeded the allowed limit. It will be truncated at 497 characters...
IRCT20250331065185N1,Warning: The &lt;i_keyword&gt; tag exceeded the allowed limit. It will be truncated at 497 characters...
IRCT20250331065185N1,Warning: The container &lt;secondary_sponsor&gt; or its subtag was empty. Automatically filled with standard structure '-' to comply with the schema sequence.
IRCT20260202068738N1,Warning: The container &lt;health_condition_code&gt; or its subtag was empty. Automatically filled with standard structure '-' to comply with the schema sequence.
IRCT20260202068738N1,Warning: The container &lt;health_condition_keyword&gt; or its subtag was empty. Automatically filled with standard structure '-' to comply with the schema sequence.
IRCT20260202068738N1,Warning: The container &lt;secondary_sponsor&gt; or its subtag was empty. Automatically filled with standard structure '-' to comply with the schema sequence.
IRCT20240514061800N12,Warning: The container &lt;secondary_outcome&gt; or its subtag was empty. Automatically filled with standard structure '-' to comply with the schema sequence.
IRCT20240514061800N12,Warning: The container &lt;secondary_sponsor&gt; or its subtag was empty. Automatically filled with standard structure '-' to comply with the schema sequence.
IRCT20251230068491N1,Warning: The &lt;results_IPD_description&gt; tag exceeded the allowed limit. It will be truncated at 1997 characters...
IRCT20251230068491N1,Warning: The container &lt;secondary_sponsor&gt; or its subtag was empty. Automatically filled with standard structure '-' to comply with the schema sequence.
IRCT20260125068653N1,Warning: The container &lt;health_condition_code&gt; or its subtag was empty. Automatically filled with standard structure '-' to comply with the schema sequence.
IRCT20260125068653N1,Warning: The container &lt;health_condition_keyword&gt; or its subtag was empty. Automatically filled with standard structure '-' to comply with the schema sequence.
IRCT20260125068653N1,Warning: The container &lt;secondary_outcome&gt; or its subtag was empty. Automatically filled with standard structure '-' to comply with the schema sequence.
IRCT20260125068653N1,Warning: The container &lt;secondary_sponsor&gt; or its subtag was empty. Automatically filled with standard structure '-' to comply with the schema sequence.
IRCT20260205068766N1,Warning: The container &lt;secondary_sponsor&gt; or its subtag was empty. Automatically filled with standard structure '-' to comply with the schema sequence.
IRCT20260203068759N1,Warning: The &lt;study_design&gt; tag exceeded the allowed limit. It will be truncated at 997 characters...
IRCT20260203068759N1,Warning: The &lt;i_keyword&gt; tag exceeded the allowed limit. It will be truncated at 497 characters...
IRCT20260203068759N1,Warning: The container &lt;secondary_outcome&gt; or its subtag was empty. Automatically filled with standard structure '-' to comply with the schema sequence.
IRCT20260203068759N1,Warning: The container &lt;secondary_sponsor&gt; or its subtag was empty. Automatically filled with standard structure '-' to comply with the schema sequence.
IRCT20200122046228N8,Warning: The &lt;i_freetext&gt; tag exceeded the allowed limit. It will be truncated at 2997 characters...
IRCT20200122046228N8,Warning: The &lt;study_design&gt; tag exceeded the allowed limit. It will be truncated at 997 characters...
IRCT20200122046228N8,Warning: The &lt;i_keyword&gt; tag exceeded the allowed limit. It will be truncated at 497 characters...
IRCT20200122046228N8,Warning: The &lt;i_keyword&gt; tag exceeded the allowed limit. It will be truncated at 497 characters...
IRCT20200122046228N8,Warning: The container &lt;secondary_sponsor&gt; or its subtag was empty. Automatically filled with standard structure '-' to comply with the schema sequence.
IRCT20260207068781N1,Warning: The &lt;study_design&gt; tag exceeded the allowed limit. It will be truncated at 997 characters...
IRCT20260207068781N1,Warning: The &lt;i_keyword&gt; tag exceeded the allowed limit. It will be truncated at 497 characters...
IRCT20260207068781N1,Warning: The &lt;i_keyword&gt; tag exceeded the allowed limit. It will be truncated at 497 characters...
IRCT20260207068781N1,Warning: The container &lt;secondary_outcome&gt; or its subtag was empty. Automatically filled with standard structure '-' to comply with the schema sequence.
IRCT20260207068781N1,Warning: The container &lt;secondary_sponsor&gt; or its subtag was empty. Automatically filled with standard structure '-' to comply with the schema sequence.
IRCT20260206068776N1,Warning: The &lt;i_keyword&gt; tag exceeded the allowed limit. It will be truncated at 497 characters...
IRCT20260206068776N1,Warning: The container &lt;secondary_sponsor&gt; or its subtag was empty. Automatically filled with standard structure '-' to comply with the schema sequence.
IRCT20260201068719N1,Warning: The &lt;study_design&gt; tag exceeded the allowed limit. It will be truncated at 997 characters...
IRCT20260201068719N1,Warning: The container &lt;secondary_outcome&gt; or its subtag was empty. Automatically filled with standard structure '-' to comply with the schema sequence.
IRCT20260201068719N1,Warning: The container &lt;secondary_sponsor&gt; or its subtag was empty. Automatically filled with standard structure '-' to comply with the schema sequence.
IRCT20220206053958N4,Warning: The &lt;results_IPD_description&gt; tag exceeded the allowed limit. It will be truncated at 1997 characters...
IRCT20220206053958N4,Warning: The &lt;study_design&gt; tag exceeded the allowed limit. It will be truncated at 997 characters...
IRCT20220206053958N4,Warning: The &lt;i_keyword&gt; tag exceeded the allowed limit. It will be truncated at 497 characters...
IRCT20220206053958N4,Warning: The container &lt;secondary_sponsor&gt; or its subtag was empty. Automatically filled with standard structure '-' to comply with the schema sequence.
IRCT20180521039762N7,Warning: The &lt;results_IPD_description&gt; tag exceeded the allowed limit. It will be truncated at 1997 characters...
IRCT20180521039762N7,Warning: The &lt;study_design&gt; tag exceeded the allowed limit. It will be truncated at 997 characters...
IRCT20180521039762N7,Warning: The container &lt;secondary_outcome&gt; or its subtag was empty. Automatically filled with standard structure '-' to comply with the schema sequence.
IRCT20180521039762N7,Warning: The container &lt;secondary_sponsor&gt; or its subtag was empty. Automatically filled with standard structure '-' to comply with the schema sequence.
IRCT20251231068515N1,Warning: The container &lt;secondary_outcome&gt; or its subtag was empty. Automatically filled with standard structure '-' to comply with the schema sequence.
IRCT20251231068515N1,Warning: The container &lt;secondary_sponsor&gt; or its subtag was empty. Automatically filled with standard structure '-' to comply with the schema sequence.
IRCT20160307026950N78,Warning: The &lt;study_design&gt; tag exceeded the allowed limit. It will be truncated at 997 characters...
IRCT20160307026950N78,Warning: The container &lt;secondary_sponsor&gt; or its subtag was empty. Automatically filled with standard structure '-' to comply with the schema sequence.
IRCT20260127068675N1,Warning: The &lt;study_design&gt; tag exceeded the allowed limit. It will be truncated at 997 characters...
IRCT20260127068675N1,Warning: The &lt;i_keyword&gt; tag exceeded the allowed limit. It will be truncated at 497 characters...
IRCT20260127068675N1,Warning: The container &lt;secondary_sponsor&gt; or its subtag was empty. Automatically filled with standard structure '-' to comply with the schema sequence.
IRCT20260205068769N1,Warning: The &lt;study_design&gt; tag exceeded the allowed limit. It will be truncated at 997 characters...
IRCT20260205068769N1,Warning: The container &lt;secondary_sponsor&gt; or its subtag was empty. Automatically filled with standard structure '-' to comply with the schema sequence.
IRCT20250923067343N2,Warning: The &lt;study_design&gt; tag exceeded the allowed limit. It will be truncated at 997 characters...
IRCT20250923067343N2,Warning: The container &lt;secondary_sponsor&gt; or its subtag was empty. Automatically filled with standard structure '-' to comply with the schema sequence.
IRCT20260119068615N1,Warning: The &lt;study_design&gt; tag exceeded the allowed limit. It will be truncated at 997 characters...
IRCT20260119068615N1,Warning: The container &lt;secondary_sponsor&gt; or its subtag was empty. Automatically filled with standard structure '-' to comply with the schema sequence.
IRCT20241118063757N1,Warning: The container &lt;secondary_sponsor&gt; or its subtag was empty. Automatically filled with standard structure '-' to comply with the schema sequence.
IRCT20260203068754N1,Warning: The &lt;i_keyword&gt; tag exceeded the allowed limit. It will be truncated at 497 characters...
IRCT20260203068754N1,Warning: The &lt;i_keyword&gt; tag exceeded the allowed limit. It will be truncated at 497 characters...
IRCT20260203068754N1,Warning: The container &lt;secondary_outcome&gt; or its subtag was empty. Automatically filled with standard structure '-' to comply with the schema sequence.
IRCT20260203068754N1,Warning: The container &lt;secondary_sponsor&gt; or its subtag was empty. Automatically filled with standard structure '-' to comply with the schema sequence.
IRCT20260206068772N1,Warning: The &lt;i_keyword&gt; tag exceeded the allowed limit. It will be truncated at 497 characters...
IRCT20260206068772N1,Warning: The container &lt;health_condition_code&gt; or its subtag was empty. Automatically filled with standard structure '-' to comply with the schema sequence.
IRCT20260206068772N1,Warning: The container &lt;health_condition_keyword&gt; or its subtag was empty. Automatically filled with standard structure '-' to comply with the schema sequence.
IRCT20260206068772N1,Warning: The container &lt;secondary_outcome&gt; or its subtag was empty. Automatically filled with standard structure '-' to comply with the schema sequence.
IRCT20260206068772N1,Warning: The container &lt;secondary_sponsor&gt; or its subtag was empty. Automatically filled with standard structure '-' to comply with the schema sequence.
IRCT20200128046288N7,Warning: The container &lt;secondary_outcome&gt; or its subtag was empty. Automatically filled with standard structure '-' to comply with the schema sequence.
IRCT20200128046288N7,Warning: The container &lt;secondary_sponsor&gt; or its subtag was empty. Automatically filled with standard structure '-' to comply with the schema sequence.
IRCT20250913067225N3,Warning: The &lt;study_design&gt; tag exceeded the allowed limit. It will be truncated at 997 characters...
IRCT20250913067225N3,Warning: The &lt;i_keyword&gt; tag exceeded the allowed limit. It will be truncated at 497 characters...
IRCT20250913067225N3,Warning: The container &lt;secondary_sponsor&gt; or its subtag was empty. Automatically filled with standard structure '-' to comply with the schema sequence.
IRCT20110803007211N7,Warning: The &lt;i_keyword&gt; tag exceeded the allowed limit. It will be truncated at 497 characters...
IRCT20110803007211N7,Warning: The &lt;i_keyword&gt; tag exceeded the allowed limit. It will be truncated at 497 characters...
IRCT20110803007211N7,Warning: The container &lt;health_condition_code&gt; or its subtag was empty. Automatically filled with standard structure '-' to comply with the schema sequence.
IRCT20110803007211N7,Warning: The container &lt;health_condition_keyword&gt; or its subtag was empty. Automatically filled with standard structure '-' to comply with the schema sequence.
IRCT20110803007211N7,Warning: The container &lt;secondary_outcome&gt; or its subtag was empty. Automatically filled with standard structure '-' to comply with the schema sequence.
IRCT20110803007211N7,Warning: The container &lt;secondary_sponsor&gt; or its subtag was empty. Automatically filled with standard structure '-' to comply with the schema sequence.
IRCT20260204068760N1,Warning: The &lt;i_keyword&gt; tag exceeded the allowed limit. It will be truncated at 497 characters...
IRCT20260204068760N1,Warning: The container &lt;health_condition_code&gt; or its subtag was empty. Automatically filled with standard structure '-' to comply with the schema sequence.
IRCT20260204068760N1,Warning: The container &lt;health_condition_keyword&gt; or its subtag was empty. Automatically filled with standard structure '-' to comply with the schema sequence.
IRCT20260204068760N1,Warning: The container &lt;secondary_sponsor&gt; or its subtag was empty. Automatically filled with standard structure '-' to comply with the schema sequence.
IRCT20150721023282N31,Warning: The container &lt;secondary_sponsor&gt; or its subtag was empty. Automatically filled with standard structure '-' to comply with the schema sequence.
IRCT20250117064406N3,Warning: The container &lt;secondary_sponsor&gt; or its subtag was empty. Automatically filled with standard structure '-' to comply with the schema sequence.
IRCT20100524004010N44,Warning: The &lt;study_design&gt; tag exceeded the allowed limit. It will be truncated at 997 characters...
IRCT20100524004010N44,Warning: The container &lt;secondary_sponsor&gt; or its subtag was empty. Automatically filled with standard structure '-' to comply with the schema sequence.
IRCT20251103067867N1,Warning: The container &lt;health_condition_code&gt; or its subtag was empty. Automatically filled with standard structure '-' to comply with the schema sequence.
IRCT20251103067867N1,Warning: The container &lt;health_condition_keyword&gt; or its subtag was empty. Automatically filled with standard structure '-' to comply with the schema sequence.
IRCT20251103067867N1,Warning: The container &lt;secondary_outcome&gt; or its subtag was empty. Automatically filled with standard structure '-' to comply with the schema sequence.
IRCT20251103067867N1,Warning: The container &lt;secondary_sponsor&gt; or its subtag was empty. Automatically filled with standard structure '-' to comply with the schema sequence.
IRCT20260208068794N1,Warning: The &lt;study_design&gt; tag exceeded the allowed limit. It will be truncated at 997 characters...
IRCT20260208068794N1,Warning: The container &lt;health_condition_code&gt; or its subtag was empty. Automatically filled with standard structure '-' to comply with the schema sequence.
IRCT20260208068794N1,Warning: The container &lt;health_condition_keyword&gt; or its subtag was empty. Automatically filled with standard structure '-' to comply with the schema sequence.
IRCT20260208068794N1,Warning: The container &lt;secondary_outcome&gt; or its subtag was empty. Automatically filled with standard structure '-' to comply with the schema sequence.
IRCT20260208068794N1,Warning: The container &lt;secondary_sponsor&gt; or its subtag was empty. Automatically filled with standard structure '-' to comply with the schema sequence.
IRCT20251214068324N1,Warning: The &lt;study_design&gt; tag exceeded the allowed limit. It will be truncated at 997 characters...
IRCT20251214068324N1,Warning: The &lt;i_keyword&gt; tag exceeded the allowed limit. It will be truncated at 497 characters...
IRCT20251214068324N1,Warning: The &lt;i_keyword&gt; tag exceeded the allowed limit. It will be truncated at 497 characters...
IRCT20251214068324N1,Warning: The container &lt;secondary_sponsor&gt; or its subtag was empty. Automatically filled with standard structure '-' to comply with the schema sequence.
IRCT20260208068791N1,Warning: The container &lt;secondary_sponsor&gt; or its subtag was empty. Automatically filled with standard structure '-' to comply with the schema sequence.
IRCT20190603043804N2,Warning: The &lt;study_design&gt; tag exceeded the allowed limit. It will be truncated at 997 characters...
IRCT20190603043804N2,Warning: The &lt;i_keyword&gt; tag exceeded the allowed limit. It will be truncated at 497 characters...
IRCT20190603043804N2,Warning: The container &lt;secondary_outcome&gt; or its subtag was empty. Automatically filled with standard structure '-' to comply with the schema sequence.
IRCT20190603043804N2,Warning: The container &lt;secondary_sponsor&gt; or its subtag was empty. Automatically filled with standard structure '-' to comply with the schema sequence.
IRCT20260207068787N1,Warning: The container &lt;secondary_sponsor&gt; or its subtag was empty. Automatically filled with standard structure '-' to comply with the schema sequence.
IRCT20260125068659N1,Warning: The &lt;study_design&gt; tag exceeded the allowed limit. It will be truncated at 997 characters...
IRCT20260125068659N1,Warning: The &lt;i_keyword&gt; tag exceeded the allowed limit. It will be truncated at 497 characters...
IRCT20260125068659N1,Warning: The container &lt;secondary_sponsor&gt; or its subtag was empty. Automatically filled with standard structure '-' to comply with the schema sequence.
IRCT20250905067129N2,Warning: The &lt;study_design&gt; tag exceeded the allowed limit. It will be truncated at 997 characters...
IRCT20250905067129N2,Warning: The &lt;i_keyword&gt; tag exceeded the allowed limit. It will be truncated at 497 characters...
IRCT20250905067129N2,Warning: The &lt;i_keyword&gt; tag exceeded the allowed limit. It will be truncated at 497 characters...
IRCT20250905067129N2,Warning: The container &lt;health_condition_code&gt; or its subtag was empty. Automatically filled with standard structure '-' to comply with the schema sequence.
IRCT20250905067129N2,Warning: The container &lt;health_condition_keyword&gt; or its subtag was empty. Automatically filled with standard structure '-' to comply with the schema sequence.
IRCT20250905067129N2,Warning: The container &lt;secondary_sponsor&gt; or its subtag was empty. Automatically filled with standard structure '-' to comply with the schema sequence.
IRCT20260209068801N1,Warning: The &lt;study_design&gt; tag exceeded the allowed limit. It will be truncated at 997 characters...
IRCT20260209068801N1,Warning: The &lt;i_keyword&gt; tag exceeded the allowed limit. It will be truncated at 497 characters...
IRCT20260209068801N1,Warning: The &lt;i_keyword&gt; tag exceeded the allowed limit. It will be truncated at 497 characters...
IRCT20260209068801N1,Warning: The container &lt;secondary_sponsor&gt; or its subtag was empty. Automatically filled with standard structure '-' to comply with the schema sequence.
IRCT20110827007422N7,Warning: The &lt;study_design&gt; tag exceeded the allowed limit. It will be truncated at 997 characters...
IRCT20110827007422N7,Warning: The &lt;i_keyword&gt; tag exceeded the allowed limit. It will be truncated at 497 characters...
IRCT20110827007422N7,Warning: The container &lt;health_condition_code&gt; or its subtag was empty. Automatically filled with standard structure '-' to comply with the schema sequence.
IRCT20110827007422N7,Warning: The container &lt;health_condition_keyword&gt; or its subtag was empty. Automatically filled with standard structure '-' to comply with the schema sequence.
IRCT20110827007422N7,Warning: The container &lt;secondary_sponsor&gt; or its subtag was empty. Automatically filled with standard structure '-' to comply with the schema sequence.
IRCT20260120068622N1,Warning: The &lt;results_IPD_description&gt; tag exceeded the allowed limit. It will be truncated at 1997 characters...
IRCT20260120068622N1,Warning: The &lt;study_design&gt; tag exceeded the allowed limit. It will be truncated at 997 characters...
IRCT20260120068622N1,Warning: The &lt;i_keyword&gt; tag exceeded the allowed limit. It will be truncated at 497 characters...
IRCT20260120068622N1,Warning: The &lt;i_keyword&gt; tag exceeded the allowed limit. It will be truncated at 497 characters...
IRCT20260120068622N1,Warning: The container &lt;secondary_outcome&gt; or its subtag was empty. Automatically filled with standard structure '-' to comply with the schema sequence.
IRCT20260120068622N1,Warning: The container &lt;secondary_sponsor&gt; or its subtag was empty. Automatically filled with standard structure '-' to comply with the schema sequence.
IRCT20090117001556N168,Warning: The &lt;i_keyword&gt; tag exceeded the allowed limit. It will be truncated at 497 characters...
IRCT20090117001556N168,Warning: The &lt;i_keyword&gt; tag exceeded the allowed limit. It will be truncated at 497 characters...
IRCT20090117001556N168,Warning: The container &lt;secondary_outcome&gt; or its subtag was empty. Automatically filled with standard structure '-' to comply with the schema sequence.
IRCT20090117001556N168,Warning: The container &lt;secondary_sponsor&gt; or its subtag was empty. Automatically filled with standard structure '-' to comply with the schema sequence.
IRCT20260209068813N1,Warning: The container &lt;secondary_outcome&gt; or its subtag was empty. Automatically filled with standard structure '-' to comply with the schema sequence.
IRCT20260209068813N1,Warning: The container &lt;secondary_sponsor&gt; or its subtag was empty. Automatically filled with standard structure '-' to comply with the schema sequence.
IRCT20110827007422N8,Warning: The &lt;i_keyword&gt; tag exceeded the allowed limit. It will be truncated at 497 characters...
IRCT20110827007422N8,Warning: The container &lt;secondary_sponsor&gt; or its subtag was empty. Automatically filled with standard structure '-' to comply with the schema sequence.
IRCT20260210068821N1,Warning: The container &lt;health_condition_code&gt; or its subtag was empty. Automatically filled with standard structure '-' to comply with the schema sequence.
IRCT20260210068821N1,Warning: The container &lt;health_condition_keyword&gt; or its subtag was empty. Automatically filled with standard structure '-' to comply with the schema sequence.
IRCT20260210068821N1,Warning: The container &lt;secondary_outcome&gt; or its subtag was empty. Automatically filled with standard structure '-' to comply with the schema sequence.
IRCT20260210068821N1,Warning: The container &lt;secondary_sponsor&gt; or its subtag was empty. Automatically filled with standard structure '-' to comply with the schema sequence.
IRCT20220919055988N3,Warning: The container &lt;secondary_sponsor&gt; or its subtag was empty. Automatically filled with standard structure '-' to comply with the schema sequence.
IRCT20260209068819N1,Warning: The &lt;i_keyword&gt; tag exceeded the allowed limit. It will be truncated at 497 characters...
IRCT20260209068819N1,Warning: The &lt;i_keyword&gt; tag exceeded the allowed limit. It will be truncated at 497 characters...
IRCT20260209068819N1,Warning: The container &lt;health_condition_code&gt; or its subtag was empty. Automatically filled with standard structure '-' to comply with the schema sequence.
IRCT20260209068819N1,Warning: The container &lt;health_condition_keyword&gt; or its subtag was empty. Automatically filled with standard structure '-' to comply with the schema sequence.
IRCT20260209068819N1,Warning: The container &lt;secondary_outcome&gt; or its subtag was empty. Automatically filled with standard structure '-' to comply with the schema sequence.
IRCT20260209068819N1,Warning: The container &lt;secondary_sponsor&gt; or its subtag was empty. Automatically filled with standard structure '-' to comply with the schema sequence.
IRCT20221101056362N2,Warning: The &lt;i_keyword&gt; tag exceeded the allowed limit. It will be truncated at 497 characters...
IRCT20221101056362N2,Warning: The container &lt;secondary_outcome&gt; or its subtag was empty. Automatically filled with standard structure '-' to comply with the schema sequence.
IRCT20221101056362N2,Warning: The container &lt;secondary_sponsor&gt; or its subtag was empty. Automatically filled with standard structure '-' to comply with the schema sequence.
IRCT20260118068605N1,Warning: The container &lt;secondary_outcome&gt; or its subtag was empty. Automatically filled with standard structure '-' to comply with the schema sequence.
IRCT20260118068605N1,Warning: The container &lt;secondary_sponsor&gt; or its subtag was empty. Automatically filled with standard structure '-' to comply with the schema sequence.
IRCT20260210068824N1,Warning: The &lt;study_design&gt; tag exceeded the allowed limit. It will be truncated at 997 characters...
IRCT20260210068824N1,Warning: The &lt;i_keyword&gt; tag exceeded the allowed limit. It will be truncated at 497 characters...
IRCT20260210068824N1,Warning: The &lt;i_keyword&gt; tag exceeded the allowed limit. It will be truncated at 497 characters...
IRCT20260210068824N1,Warning: The container &lt;health_condition_code&gt; or its subtag was empty. Automatically filled with standard structure '-' to comply with the schema sequence.
IRCT20260210068824N1,Warning: The container &lt;health_condition_keyword&gt; or its subtag was empty. Automatically filled with standard structure '-' to comply with the schema sequence.
IRCT20260210068824N1,Warning: The container &lt;secondary_outcome&gt; or its subtag was empty. Automatically filled with standard structure '-' to comply with the schema sequence.
IRCT20260210068824N1,Warning: The container &lt;secondary_sponsor&gt; or its subtag was empty. Automatically filled with standard structure '-' to comply with the schema sequence.
IRCT20141208020249N11,Warning: The container &lt;secondary_outcome&gt; or its subtag was empty. Automatically filled with standard structure '-' to comply with the schema sequence.
IRCT20141208020249N11,Warning: The container &lt;secondary_sponsor&gt; or its subtag was empty. Automatically filled with standard structure '-' to comply with the schema sequence.
IRCT20251211068287N3,Warning: The container &lt;secondary_sponsor&gt; or its subtag was empty. Automatically filled with standard structure '-' to comply with the schema sequence.
IRCT20120215009014N596,Warning: The &lt;study_design&gt; tag exceeded the allowed limit. It will be truncated at 997 characters...
IRCT20120215009014N596,Warning: The &lt;i_keyword&gt; tag exceeded the allowed limit. It will be truncated at 497 characters...
IRCT20120215009014N596,Warning: The container &lt;secondary_outcome&gt; or its subtag was empty. Automatically filled with standard structure '-' to comply with the schema sequence.
IRCT20120215009014N596,Warning: The container &lt;secondary_sponsor&gt; or its subtag was empty. Automatically filled with standard structure '-' to comply with the schema sequence.
IRCT20241018063405N2,Warning: The &lt;study_design&gt; tag exceeded the allowed limit. It will be truncated at 997 characters...
IRCT20241018063405N2,Warning: The &lt;i_keyword&gt; tag exceeded the allowed limit. It will be truncated at 497 characters...
IRCT20241018063405N2,Warning: The &lt;i_keyword&gt; tag exceeded the allowed limit. It will be truncated at 497 characters...
IRCT20240612062095N2,Warning: The container &lt;health_condition_code&gt; or its subtag was empty. Automatically filled with standard structure '-' to comply with the schema sequence.
IRCT20240612062095N2,Warning: The container &lt;health_condition_keyword&gt; or its subtag was empty. Automatically filled with standard structure '-' to comply with the schema sequence.
IRCT20240612062095N2,Warning: The container &lt;secondary_outcome&gt; or its subtag was empty. Automatically filled with standard structure '-' to comply with the schema sequence.
IRCT20240612062095N2,Warning: The container &lt;secondary_sponsor&gt; or its subtag was empty. Automatically filled with standard structure '-' to comply with the schema sequence.
IRCT20231004059615N8,Warning: The container &lt;secondary_sponsor&gt; or its subtag was empty. Automatically filled with standard structure '-' to comply with the schema sequence.
IRCT20260209068805N1,Warning: The container &lt;health_condition_code&gt; or its subtag was empty. Automatically filled with standard structure '-' to comply with the schema sequence.
IRCT20260209068805N1,Warning: The container &lt;health_condition_keyword&gt; or its subtag was empty. Automatically filled with standard structure '-' to comply with the schema sequence.
IRCT20260209068805N1,Warning: The container &lt;secondary_outcome&gt; or its subtag was empty. Automatically filled with standard structure '-' to comply with the schema sequence.
IRCT20260209068805N1,Warning: The container &lt;secondary_sponsor&gt; or its subtag was empty. Automatically filled with standard structure '-' to comply with the schema sequence.
IRCT20120215009014N595,Warning: The container &lt;secondary_sponsor&gt; or its subtag was empty. Automatically filled with standard structure '-' to comply with the schema sequence.
IRCT20251202068186N1,Warning: The container &lt;secondary_sponsor&gt; or its subtag was empty. Automatically filled with standard structure '-' to comply with the schema sequence.
IRCT20260206068771N1,Warning: The &lt;study_design&gt; tag exceeded the allowed limit. It will be truncated at 997 characters...
IRCT20260206068771N1,Warning: The container &lt;secondary_sponsor&gt; or its subtag was empty. Automatically filled with standard structure '-' to comply with the schema sequence.
IRCT20231004059615N9,Warning: The &lt;study_design&gt; tag exceeded the allowed limit. It will be truncated at 997 characters...
IRCT20231004059615N9,Warning: The container &lt;secondary_sponsor&gt; or its subtag was empty. Automatically filled with standard structure '-' to comply with the schema sequence.
IRCT20260203068756N1,Warning: The &lt;study_design&gt; tag exceeded the allowed limit. It will be truncated at 997 characters...
IRCT20260203068756N1,Warning: The &lt;i_keyword&gt; tag exceeded the allowed limit. It will be truncated at 497 characters...
IRCT20260203068756N1,Warning: The &lt;i_keyword&gt; tag exceeded the allowed limit. It will be truncated at 497 characters...
IRCT20260203068756N1,Warning: The container &lt;secondary_outcome&gt; or its subtag was empty. Automatically filled with standard structure '-' to comply with the schema sequence.
IRCT20260203068756N1,Warning: The container &lt;secondary_sponsor&gt; or its subtag was empty. Automatically filled with standard structure '-' to comply with the schema sequence.
IRCT20260108068596N1,Warning: The &lt;study_design&gt; tag exceeded the allowed limit. It will be truncated at 997 characters...
IRCT20260108068596N1,Warning: The container &lt;health_condition_code&gt; or its subtag was empty. Automatically filled with standard structure '-' to comply with the schema sequence.
IRCT20260108068596N1,Warning: The container &lt;health_condition_keyword&gt; or its subtag was empty. Automatically filled with standard structure '-' to comply with the schema sequence.
IRCT20260108068596N1,Warning: The container &lt;secondary_outcome&gt; or its subtag was empty. Automatically filled with standard structure '-' to comply with the schema sequence.
IRCT20260108068596N1,Warning: The container &lt;secondary_sponsor&gt; or its subtag was empty. Automatically filled with standard structure '-' to comply with the schema sequence.
IRCT20251112067968N2,Warning: The &lt;study_design&gt; tag exceeded the allowed limit. It will be truncated at 997 characters...
IRCT20251112067968N2,Warning: The &lt;i_keyword&gt; tag exceeded the allowed limit. It will be truncated at 497 characters...
IRCT20251112067968N2,Warning: The &lt;i_keyword&gt; tag exceeded the allowed limit. It will be truncated at 497 characters...
IRCT20251112067968N2,Warning: The container &lt;secondary_sponsor&gt; or its subtag was empty. Automatically filled with standard structure '-' to comply with the schema sequence.
IRCT20190917044802N15,Warning: The &lt;i_keyword&gt; tag exceeded the allowed limit. It will be truncated at 497 characters...
IRCT20190917044802N15,Warning: The container &lt;secondary_outcome&gt; or its subtag was empty. Automatically filled with standard structure '-' to comply with the schema sequence.
IRCT20190917044802N15,Warning: The container &lt;secondary_sponsor&gt; or its subtag was empty. Automatically filled with standard structure '-' to comply with the schema sequence.
IRCT20120718010324N86,Warning: The &lt;study_design&gt; tag exceeded the allowed limit. It will be truncated at 997 characters...
IRCT20120718010324N86,Warning: The &lt;i_keyword&gt; tag exceeded the allowed limit. It will be truncated at 497 characters...
IRCT20120718010324N86,Warning: The container &lt;secondary_sponsor&gt; or its subtag was empty. Automatically filled with standard structure '-' to comply with the schema sequence.
IRCT20230520058233N3,Warning: The &lt;i_keyword&gt; tag exceeded the allowed limit. It will be truncated at 497 characters...
IRCT20230520058233N3,Warning: The container &lt;health_condition_code&gt; or its subtag was empty. Automatically filled with standard structure '-' to comply with the schema sequence.
IRCT20230520058233N3,Warning: The container &lt;health_condition_keyword&gt; or its subtag was empty. Automatically filled with standard structure '-' to comply with the schema sequence.
IRCT20230520058233N3,Warning: The container &lt;secondary_sponsor&gt; or its subtag was empty. Automatically filled with standard structure '-' to comply with the schema sequence.
IRCT20170515033976N3,Warning: The container &lt;secondary_sponsor&gt; or its subtag was empty. Automatically filled with standard structure '-' to comply with the schema sequence.
IRCT20260205068765N1,Warning: The container &lt;secondary_outcome&gt; or its subtag was empty. Automatically filled with standard structure '-' to comply with the schema sequence.
IRCT20260205068765N1,Warning: The container &lt;secondary_sponsor&gt; or its subtag was empty. Automatically filled with standard structure '-' to comply with the schema sequence.
IRCT20260205068767N1,Warning: The &lt;results_IPD_description&gt; tag exceeded the allowed limit. It will be truncated at 1997 characters...
IRCT20260205068767N1,Warning: The &lt;study_design&gt; tag exceeded the allowed limit. It will be truncated at 997 characters...
IRCT20260205068767N1,Warning: The container &lt;secondary_sponsor&gt; or its subtag was empty. Automatically filled with standard structure '-' to comply with the schema sequence.
IRCT20251121068066N9,Warning: The &lt;study_design&gt; tag exceeded the allowed limit. It will be truncated at 997 characters...
IRCT20251121068066N9,Warning: The container &lt;secondary_outcome&gt; or its subtag was empty. Automatically filled with standard structure '-' to comply with the schema sequence.
IRCT20251121068066N9,Warning: The container &lt;secondary_sponsor&gt; or its subtag was empty. Automatically filled with standard structure '-' to comply with the schema sequence.
IRCT20140224016705N14,Warning: The container &lt;secondary_sponsor&gt; or its subtag was empty. Automatically filled with standard structure '-' to comply with the schema sequence.
IRCT20260212068838N1,Warning: The &lt;study_design&gt; tag exceeded the allowed limit. It will be truncated at 997 characters...
IRCT20260212068838N1,Warning: The &lt;i_keyword&gt; tag exceeded the allowed limit. It will be truncated at 497 characters...
IRCT20260212068838N1,Warning: The container &lt;secondary_sponsor&gt; or its subtag was empty. Automatically filled with standard structure '-' to comply with the schema sequence.
IRCT20260104068539N1,Warning: The &lt;i_keyword&gt; tag exceeded the allowed limit. It will be truncated at 497 characters...
IRCT20260104068539N1,Warning: The container &lt;health_condition_code&gt; or its subtag was empty. Automatically filled with standard structure '-' to comply with the schema sequence.
IRCT20260104068539N1,Warning: The container &lt;health_condition_keyword&gt; or its subtag was empty. Automatically filled with standard structure '-' to comply with the schema sequence.
IRCT20260104068539N1,Warning: The container &lt;secondary_outcome&gt; or its subtag was empty. Automatically filled with standard structure '-' to comply with the schema sequence.
IRCT20260104068539N1,Warning: The container &lt;secondary_sponsor&gt; or its subtag was empty. Automatically filled with standard structure '-' to comply with the schema sequence.
IRCT20260205068763N1,Warning: The container &lt;secondary_outcome&gt; or its subtag was empty. Automatically filled with standard structure '-' to comply with the schema sequence.
IRCT20260205068763N1,Warning: The container &lt;secondary_sponsor&gt; or its subtag was empty. Automatically filled with standard structure '-' to comply with the schema sequence.
IRCT20260211068834N1,Warning: The &lt;i_keyword&gt; tag exceeded the allowed limit. It will be truncated at 497 characters...
IRCT20260211068834N1,Warning: The container &lt;secondary_outcome&gt; or its subtag was empty. Automatically filled with standard structure '-' to comply with the schema sequence.
IRCT20260211068834N1,Warning: The container &lt;secondary_sponsor&gt; or its subtag was empty. Automatically filled with standard structure '-' to comply with the schema sequence.
IRCT20251022067729N1,Warning: The &lt;i_keyword&gt; tag exceeded the allowed limit. It will be truncated at 497 characters...
IRCT20251022067729N1,Warning: The container &lt;health_condition_code&gt; or its subtag was empty. Automatically filled with standard structure '-' to comply with the schema sequence.
IRCT20251022067729N1,Warning: The container &lt;health_condition_keyword&gt; or its subtag was empty. Automatically filled with standard structure '-' to comply with the schema sequence.
IRCT20251022067729N1,Warning: The container &lt;secondary_outcome&gt; or its subtag was empty. Automatically filled with standard structure '-' to comply with the schema sequence.
IRCT20251022067729N1,Warning: The container &lt;secondary_sponsor&gt; or its subtag was empty. Automatically filled with standard structure '-' to comply with the schema sequence.
IRCT20260203068755N1,Warning: The &lt;study_design&gt; tag exceeded the allowed limit. It will be truncated at 997 characters...
IRCT20260203068755N1,Warning: The container &lt;secondary_outcome&gt; or its subtag was empty. Automatically filled with standard structure '-' to comply with the schema sequence.
IRCT20260203068755N1,Warning: The container &lt;secondary_sponsor&gt; or its subtag was empty. Automatically filled with standard structure '-' to comply with the schema sequence.
IRCT20260209068808N1,Warning: The &lt;i_keyword&gt; tag exceeded the allowed limit. It will be truncated at 497 characters...
IRCT20260209068808N1,Warning: The container &lt;health_condition_code&gt; or its subtag was empty. Automatically filled with standard structure '-' to comply with the schema sequence.
IRCT20260209068808N1,Warning: The container &lt;health_condition_keyword&gt; or its subtag was empty. Automatically filled with standard structure '-' to comply with the schema sequence.
IRCT20260209068808N1,Warning: The container &lt;secondary_sponsor&gt; or its subtag was empty. Automatically filled with standard structure '-' to comply with the schema sequence.
IRCT20260214068850N1,Warning: The container &lt;health_condition_code&gt; or its subtag was empty. Automatically filled with standard structure '-' to comply with the schema sequence.
IRCT20260214068850N1,Warning: The container &lt;secondary_outcome&gt; or its subtag was empty. Automatically filled with standard structure '-' to comply with the schema sequence.
IRCT20260215068868N1,Warning: The &lt;results_IPD_description&gt; tag exceeded the allowed limit. It will be truncated at 1997 characters...
IRCT20260215068868N1,Warning: The &lt;i_keyword&gt; tag exceeded the allowed limit. It will be truncated at 497 characters...
IRCT20260215068868N1,Warning: The container &lt;secondary_outcome&gt; or its subtag was empty. Automatically filled with standard structure '-' to comply with the schema sequence.
IRCT20260215068868N1,Warning: The container &lt;secondary_sponsor&gt; or its subtag was empty. Automatically filled with standard structure '-' to comply with the schema sequence.
IRCT20110928007657N5,Warning: The &lt;i_keyword&gt; tag exceeded the allowed limit. It will be truncated at 497 characters...
IRCT20110928007657N5,Warning: The container &lt;health_condition_code&gt; or its subtag was empty. Automatically filled with standard structure '-' to comply with the schema sequence.
IRCT20110928007657N5,Warning: The container &lt;secondary_outcome&gt; or its subtag was empty. Automatically filled with standard structure '-' to comply with the schema sequence.
IRCT20110928007657N5,Warning: The container &lt;secondary_sponsor&gt; or its subtag was empty. Automatically filled with standard structure '-' to comply with the schema sequence.
IRCT20260214068848N1,Warning: The container &lt;secondary_outcome&gt; or its subtag was empty. Automatically filled with standard structure '-' to comply with the schema sequence.
IRCT20260214068848N1,Warning: The container &lt;secondary_sponsor&gt; or its subtag was empty. Automatically filled with standard structure '-' to comply with the schema sequence.
IRCT20241221064122N1,Warning: The &lt;study_design&gt; tag exceeded the allowed limit. It will be truncated at 997 characters...
IRCT20241221064122N1,Warning: The container &lt;secondary_outcome&gt; or its subtag was empty. Automatically filled with standard structure '-' to comply with the schema sequence.
IRCT20241221064122N1,Warning: The container &lt;secondary_sponsor&gt; or its subtag was empty. Automatically filled with standard structure '-' to comply with the schema sequence.
IRCT20250715066496N2,Warning: The &lt;study_design&gt; tag exceeded the allowed limit. It will be truncated at 997 characters...
IRCT20250715066496N2,Warning: The container &lt;secondary_outcome&gt; or its subtag was empty. Automatically filled with standard structure '-' to comply with the schema sequence.
IRCT20250715066496N2,Warning: The container &lt;secondary_sponsor&gt; or its subtag was empty. Automatically filled with standard structure '-' to comply with the schema sequence.
IRCT20260214068859N1,Warning: The container &lt;secondary_outcome&gt; or its subtag was empty. Automatically filled with standard structure '-' to comply with the schema sequence.
IRCT20260214068859N1,Warning: The container &lt;secondary_sponsor&gt; or its subtag was empty. Automatically filled with standard structure '-' to comply with the schema sequence.
IRCT20170120032066N6,Warning: The container &lt;secondary_sponsor&gt; or its subtag was empty. Automatically filled with standard structure '-' to comply with the schema sequence.
IRCT20260210068820N1,Warning: The &lt;results_IPD_description&gt; tag exceeded the allowed limit. It will be truncated at 1997 characters...
IRCT20260210068820N1,Warning: The &lt;study_design&gt; tag exceeded the allowed limit. It will be truncated at 997 characters...
IRCT20260210068820N1,Warning: The container &lt;secondary_outcome&gt; or its subtag was empty. Automatically filled with standard structure '-' to comply with the schema sequence.
IRCT20260210068820N1,Warning: The container &lt;secondary_sponsor&gt; or its subtag was empty. Automatically filled with standard structure '-' to comply with the schema sequence.
IRCT20260214068860N1,Warning: The &lt;i_keyword&gt; tag exceeded the allowed limit. It will be truncated at 497 characters...
IRCT20260214068860N1,Warning: The &lt;i_keyword&gt; tag exceeded the allowed limit. It will be truncated at 497 characters...
IRCT20260214068860N1,Warning: The container &lt;secondary_sponsor&gt; or its subtag was empty. Automatically filled with standard structure '-' to comply with the schema sequence.
IRCT20260213068843N1,Warning: The &lt;i_freetext&gt; tag exceeded the allowed limit. It will be truncated at 2997 characters...
IRCT20260213068843N1,Warning: The &lt;i_keyword&gt; tag exceeded the allowed limit. It will be truncated at 497 characters...
IRCT20260213068843N1,Warning: The container &lt;secondary_sponsor&gt; or its subtag was empty. Automatically filled with standard structure '-' to comply with the schema sequence.
IRCT20130812014333N277,Warning: The container &lt;secondary_outcome&gt; or its subtag was empty. Automatically filled with standard structure '-' to comply with the schema sequence.
IRCT20130812014333N277,Warning: The container &lt;secondary_sponsor&gt; or its subtag was empty. Automatically filled with standard structure '-' to comply with the schema sequence.
IRCT20130812014333N275,Warning: The container &lt;secondary_outcome&gt; or its subtag was empty. Automatically filled with standard structure '-' to comply with the schema sequence.
IRCT20130812014333N275,Warning: The container &lt;secondary_sponsor&gt; or its subtag was empty. Automatically filled with standard structure '-' to comply with the schema sequence.
IRCT20130311012782N66,Warning: The container &lt;health_condition_code&gt; or its subtag was empty. Automatically filled with standard structure '-' to comply with the schema sequence.
IRCT20130311012782N66,Warning: The container &lt;health_condition_keyword&gt; or its subtag was empty. Automatically filled with standard structure '-' to comply with the schema sequence.
IRCT20130311012782N66,Warning: The container &lt;secondary_sponsor&gt; or its subtag was empty. Automatically filled with standard structure '-' to comply with the schema sequence.
IRCT20260210068828N1,Warning: The container &lt;health_condition_code&gt; or its subtag was empty. Automatically filled with standard structure '-' to comply with the schema sequence.
IRCT20260210068828N1,Warning: The container &lt;health_condition_keyword&gt; or its subtag was empty. Automatically filled with standard structure '-' to comply with the schema sequence.
IRCT20260210068828N1,Warning: The container &lt;secondary_sponsor&gt; or its subtag was empty. Automatically filled with standard structure '-' to comply with the schema sequence.
IRCT20260215068871N1,Warning: The &lt;study_design&gt; tag exceeded the allowed limit. It will be truncated at 997 characters...
IRCT20260215068871N1,Warning: The &lt;i_keyword&gt; tag exceeded the allowed limit. It will be truncated at 497 characters...
IRCT20260215068871N1,Warning: The container &lt;secondary_outcome&gt; or its subtag was empty. Automatically filled with standard structure '-' to comply with the schema sequence.
IRCT20260215068871N1,Warning: The container &lt;secondary_sponsor&gt; or its subtag was empty. Automatically filled with standard structure '-' to comply with the schema sequence.
IRCT20260215068872N1,Warning: The &lt;i_keyword&gt; tag exceeded the allowed limit. It will be truncated at 497 characters...
IRCT20260215068872N1,Warning: The container &lt;secondary_outcome&gt; or its subtag was empty. Automatically filled with standard structure '-' to comply with the schema sequence.
IRCT20260215068872N1,Warning: The container &lt;secondary_sponsor&gt; or its subtag was empty. Automatically filled with standard structure '-' to comply with the schema sequence.
IRCT20250624066242N3,Warning: The &lt;i_keyword&gt; tag exceeded the allowed limit. It will be truncated at 497 characters...
IRCT20250624066242N3,Warning: The container &lt;secondary_sponsor&gt; or its subtag was empty. Automatically filled with standard structure '-' to comply with the schema sequence.
IRCT20240729062578N3,Warning: The &lt;study_design&gt; tag exceeded the allowed limit. It will be truncated at 997 characters...
IRCT20240729062578N3,Warning: The container &lt;secondary_outcome&gt; or its subtag was empty. Automatically filled with standard structure '-' to comply with the schema sequence.
IRCT20240729062578N3,Warning: The container &lt;secondary_sponsor&gt; or its subtag was empty. Automatically filled with standard structure '-' to comply with the schema sequence.
IRCT20240514061800N10,Warning: The container &lt;secondary_outcome&gt; or its subtag was empty. Automatically filled with standard structure '-' to comply with the schema sequence.
IRCT20240514061800N10,Warning: The container &lt;secondary_sponsor&gt; or its subtag was empty. Automatically filled with standard structure '-' to comply with the schema sequence.
IRCT20260215068878N1,Warning: The container &lt;secondary_outcome&gt; or its subtag was empty. Automatically filled with standard structure '-' to comply with the schema sequence.
IRCT20260215068878N1,Warning: The container &lt;secondary_sponsor&gt; or its subtag was empty. Automatically filled with standard structure '-' to comply with the schema sequence.
IRCT20260215068873N1,Warning: The &lt;study_design&gt; tag exceeded the allowed limit. It will be truncated at 997 characters...
IRCT20260215068873N1,Warning: The &lt;i_keyword&gt; tag exceeded the allowed limit. It will be truncated at 497 characters...
IRCT20260215068873N1,Warning: The container &lt;secondary_outcome&gt; or its subtag was empty. Automatically filled with standard structure '-' to comply with the schema sequence.
IRCT20260215068873N1,Warning: The container &lt;secondary_sponsor&gt; or its subtag was empty. Automatically filled with standard structure '-' to comply with the schema sequence.
IRCT20210718051926N3,Warning: The &lt;study_design&gt; tag exceeded the allowed limit. It will be truncated at 997 characters...
IRCT20210718051926N3,Warning: The container &lt;health_condition_code&gt; or its subtag was empty. Automatically filled with standard structure '-' to comply with the schema sequence.
IRCT20210718051926N3,Warning: The container &lt;health_condition_keyword&gt; or its subtag was empty. Automatically filled with standard structure '-' to comply with the schema sequence.
IRCT20210718051926N3,Warning: The container &lt;secondary_outcome&gt; or its subtag was empty. Automatically filled with standard structure '-' to comply with the schema sequence.
IRCT20210718051926N3,Warning: The container &lt;secondary_sponsor&gt; or its subtag was empty. Automatically filled with standard structure '-' to comply with the schema sequence.
IRCT20151208025431N8,Warning: The &lt;study_design&gt; tag exceeded the allowed limit. It will be truncated at 997 characters...
IRCT20151208025431N8,Warning: The container &lt;health_condition_code&gt; or its subtag was empty. Automatically filled with standard structure '-' to comply with the schema sequence.
IRCT20151208025431N8,Warning: The container &lt;health_condition_keyword&gt; or its subtag was empty. Automatically filled with standard structure '-' to comply with the schema sequence.
IRCT20151208025431N8,Warning: The container &lt;secondary_outcome&gt; or its subtag was empty. Automatically filled with standard structure '-' to comply with the schema sequence.
IRCT20151208025431N8,Warning: The container &lt;secondary_sponsor&gt; or its subtag was empty. Automatically filled with standard structure '-' to comply with the schema sequence.
IRCT20260217068893N1,Warning: The &lt;study_design&gt; tag exceeded the allowed limit. It will be truncated at 997 characters...
IRCT20260217068893N1,Warning: The container &lt;health_condition_code&gt; or its subtag was empty. Automatically filled with standard structure '-' to comply with the schema sequence.
IRCT20260217068893N1,Warning: The container &lt;health_condition_keyword&gt; or its subtag was empty. Automatically filled with standard structure '-' to comply with the schema sequence.
IRCT20260217068893N1,Warning: The container &lt;secondary_outcome&gt; or its subtag was empty. Automatically filled with standard structure '-' to comply with the schema sequence.
IRCT20260217068893N1,Warning: The container &lt;secondary_sponsor&gt; or its subtag was empty. Automatically filled with standard structure '-' to comply with the schema sequence.
IRCT20260215068869N1,Warning: The &lt;study_design&gt; tag exceeded the allowed limit. It will be truncated at 997 characters...
IRCT20260215068869N1,Warning: The &lt;i_keyword&gt; tag exceeded the allowed limit. It will be truncated at 497 characters...
IRCT20260215068869N1,Warning: The container &lt;health_condition_code&gt; or its subtag was empty. Automatically filled with standard structure '-' to comply with the schema sequence.
IRCT20260215068869N1,Warning: The container &lt;health_condition_keyword&gt; or its subtag was empty. Automatically filled with standard structure '-' to comply with the schema sequence.
IRCT20260215068869N1,Warning: The container &lt;secondary_outcome&gt; or its subtag was empty. Automatically filled with standard structure '-' to comply with the schema sequence.
IRCT20260215068869N1,Warning: The container &lt;secondary_sponsor&gt; or its subtag was empty. Automatically filled with standard structure '-' to comply with the schema sequence.
IRCT20260217068896N1,Warning: The container &lt;health_condition_code&gt; or its subtag was empty. Automatically filled with standard structure '-' to comply with the schema sequence.
IRCT20260217068896N1,Warning: The container &lt;health_condition_keyword&gt; or its subtag was empty. Automatically filled with standard structure '-' to comply with the schema sequence.
IRCT20260217068896N1,Warning: The container &lt;secondary_outcome&gt; or its subtag was empty. Automatically filled with standard structure '-' to comply with the schema sequence.
IRCT20260217068896N1,Warning: The container &lt;secondary_sponsor&gt; or its subtag was empty. Automatically filled with standard structure '-' to comply with the schema sequence.
IRCT20260209068804N1,Warning: The &lt;study_design&gt; tag exceeded the allowed limit. It will be truncated at 997 characters...
IRCT20260209068804N1,Warning: The container &lt;health_condition_code&gt; or its subtag was empty. Automatically filled with standard structure '-' to comply with the schema sequence.
IRCT20260209068804N1,Warning: The container &lt;health_condition_keyword&gt; or its subtag was empty. Automatically filled with standard structure '-' to comply with the schema sequence.
IRCT20260209068804N1,Warning: The container &lt;secondary_sponsor&gt; or its subtag was empty. Automatically filled with standard structure '-' to comply with the schema sequence.
IRCT20160913029802N5,Warning: The &lt;study_design&gt; tag exceeded the allowed limit. It will be truncated at 997 characters...
IRCT20160913029802N5,Warning: The container &lt;secondary_sponsor&gt; or its subtag was empty. Automatically filled with standard structure '-' to comply with the schema sequence.
IRCT20151020024625N25,Warning: The container &lt;secondary_sponsor&gt; or its subtag was empty. Automatically filled with standard structure '-' to comply with the schema sequence.
IRCT20120215009014N597,Warning: The container &lt;secondary_outcome&gt; or its subtag was empty. Automatically filled with standard structure '-' to comply with the schema sequence.
IRCT20120215009014N597,Warning: The container &lt;secondary_sponsor&gt; or its subtag was empty. Automatically filled with standard structure '-' to comply with the schema sequence.
IRCT20130523013442N38,Warning: The &lt;study_design&gt; tag exceeded the allowed limit. It will be truncated at 997 characters...
IRCT20130523013442N38,Warning: The container &lt;secondary_sponsor&gt; or its subtag was empty. Automatically filled with standard structure '-' to comply with the schema sequence.
IRCT20260218068912N1,Warning: The &lt;study_design&gt; tag exceeded the allowed limit. It will be truncated at 997 characters...
IRCT20260218068912N1,Warning: The container &lt;health_condition_code&gt; or its subtag was empty. Automatically filled with standard structure '-' to comply with the schema sequence.
IRCT20260218068912N1,Warning: The container &lt;health_condition_keyword&gt; or its subtag was empty. Automatically filled with standard structure '-' to comply with the schema sequence.
IRCT20260218068912N1,Warning: The container &lt;secondary_outcome&gt; or its subtag was empty. Automatically filled with standard structure '-' to comply with the schema sequence.
IRCT20260218068912N1,Warning: The container &lt;secondary_sponsor&gt; or its subtag was empty. Automatically filled with standard structure '-' to comply with the schema sequence.
IRCT20260124068647N1,Warning: The &lt;i_keyword&gt; tag exceeded the allowed limit. It will be truncated at 497 characters...
IRCT20260124068647N1,Warning: The &lt;i_keyword&gt; tag exceeded the allowed limit. It will be truncated at 497 characters...
IRCT20260124068647N1,Warning: The container &lt;health_condition_code&gt; or its subtag was empty. Automatically filled with standard structure '-' to comply with the schema sequence.
IRCT20260124068647N1,Warning: The container &lt;health_condition_keyword&gt; or its subtag was empty. Automatically filled with standard structure '-' to comply with the schema sequence.
IRCT20260124068647N1,Warning: The container &lt;secondary_sponsor&gt; or its subtag was empty. Automatically filled with standard structure '-' to comply with the schema sequence.
IRCT20130313012810N80,Warning: The container &lt;health_condition_code&gt; or its subtag was empty. Automatically filled with standard structure '-' to comply with the schema sequence.
IRCT20130313012810N80,Warning: The container &lt;health_condition_keyword&gt; or its subtag was empty. Automatically filled with standard structure '-' to comply with the schema sequence.
IRCT20130313012810N80,Warning: The container &lt;secondary_outcome&gt; or its subtag was empty. Automatically filled with standard structure '-' to comply with the schema sequence.
IRCT20130313012810N80,Warning: The container &lt;secondary_sponsor&gt; or its subtag was empty. Automatically filled with standard structure '-' to comply with the schema sequence.
IRCT20260216068880N1,Warning: The &lt;study_design&gt; tag exceeded the allowed limit. It will be truncated at 997 characters...
IRCT20260216068880N1,Warning: The container &lt;secondary_sponsor&gt; or its subtag was empty. Automatically filled with standard structure '-' to comply with the schema sequence.
IRCT20250121064471N2,Warning: The &lt;study_design&gt; tag exceeded the allowed limit. It will be truncated at 997 characters...
IRCT20250121064471N2,Warning: The container &lt;secondary_outcome&gt; or its subtag was empty. Automatically filled with standard structure '-' to comply with the schema sequence.
IRCT20250121064471N2,Warning: The container &lt;secondary_sponsor&gt; or its subtag was empty. Automatically filled with standard structure '-' to comply with the schema sequence.
IRCT20250629066291N3,Warning: The &lt;i_keyword&gt; tag exceeded the allowed limit. It will be truncated at 497 characters...
IRCT20250629066291N3,Warning: The &lt;i_keyword&gt; tag exceeded the allowed limit. It will be truncated at 497 characters...
IRCT20250629066291N3,Warning: The container &lt;secondary_outcome&gt; or its subtag was empty. Automatically filled with standard structure '-' to comply with the schema sequence.
IRCT20250629066291N3,Warning: The container &lt;secondary_sponsor&gt; or its subtag was empty. Automatically filled with standard structure '-' to comply with the schema sequence.
IRCT20240123060780N4,Warning: The &lt;study_design&gt; tag exceeded the allowed limit. It will be truncated at 997 characters...
IRCT20240123060780N4,Warning: The container &lt;secondary_outcome&gt; or its subtag was empty. Automatically filled with standard structure '-' to comply with the schema sequence.
IRCT20240123060780N4,Warning: The container &lt;secondary_sponsor&gt; or its subtag was empty. Automatically filled with standard structure '-' to comply with the schema sequence.
IRCT20260214068853N1,Warning: The &lt;study_design&gt; tag exceeded the allowed limit. It will be truncated at 997 characters...
IRCT20260214068853N1,Warning: The container &lt;health_condition_code&gt; or its subtag was empty. Automatically filled with standard structure '-' to comply with the schema sequence.
IRCT20260214068853N1,Warning: The container &lt;health_condition_keyword&gt; or its subtag was empty. Automatically filled with standard structure '-' to comply with the schema sequence.
IRCT20260214068853N1,Warning: The container &lt;secondary_outcome&gt; or its subtag was empty. Automatically filled with standard structure '-' to comply with the schema sequence.
IRCT20260214068853N1,Warning: The container &lt;secondary_sponsor&gt; or its subtag was empty. Automatically filled with standard structure '-' to comply with the schema sequence.
IRCT20260222068917N1,Warning: The &lt;study_design&gt; tag exceeded the allowed limit. It will be truncated at 997 characters...
IRCT20260222068917N1,Warning: The container &lt;health_condition_code&gt; or its subtag was empty. Automatically filled with standard structure '-' to comply with the schema sequence.
IRCT20260222068917N1,Warning: The container &lt;health_condition_keyword&gt; or its subtag was empty. Automatically filled with standard structure '-' to comply with the schema sequence.
IRCT20260222068917N1,Warning: The container &lt;secondary_sponsor&gt; or its subtag was empty. Automatically filled with standard structure '-' to comply with the schema sequence.
IRCT20201129049534N12,Warning: The &lt;study_design&gt; tag exceeded the allowed limit. It will be truncated at 997 characters...
IRCT20201129049534N12,Warning: The container &lt;secondary_sponsor&gt; or its subtag was empty. Automatically filled with standard structure '-' to comply with the schema sequence.
IRCT20260223068923N1,Warning: The &lt;study_design&gt; tag exceeded the allowed limit. It will be truncated at 997 characters...
IRCT20260223068923N1,Warning: The &lt;i_keyword&gt; tag exceeded the allowed limit. It will be truncated at 497 characters...
IRCT20260223068923N1,Warning: The container &lt;secondary_outcome&gt; or its subtag was empty. Automatically filled with standard structure '-' to comply with the schema sequence.
IRCT20260223068923N1,Warning: The container &lt;secondary_sponsor&gt; or its subtag was empty. Automatically filled with standard structure '-' to comply with the schema sequence.
IRCT20260224068927N1,Warning: The &lt;i_keyword&gt; tag exceeded the allowed limit. It will be truncated at 497 characters...
IRCT20260224068927N1,Warning: The container &lt;health_condition_code&gt; or its subtag was empty. Automatically filled with standard structure '-' to comply with the schema sequence.
IRCT20260224068927N1,Warning: The container &lt;health_condition_keyword&gt; or its subtag was empty. Automatically filled with standard structure '-' to comply with the schema sequence.
IRCT20260224068927N1,Warning: The container &lt;secondary_outcome&gt; or its subtag was empty. Automatically filled with standard structure '-' to comply with the schema sequence.
IRCT20210519051345N95,Warning: The container &lt;health_condition_code&gt; or its subtag was empty. Automatically filled with standard structure '-' to comply with the schema sequence.
IRCT20210519051345N95,Warning: The container &lt;health_condition_keyword&gt; or its subtag was empty. Automatically filled with standard structure '-' to comply with the schema sequence.
IRCT20210519051345N95,Warning: The container &lt;secondary_outcome&gt; or its subtag was empty. Automatically filled with standard structure '-' to comply with the schema sequence.
IRCT20210519051345N95,Warning: The container &lt;secondary_sponsor&gt; or its subtag was empty. Automatically filled with standard structure '-' to comply with the schema sequence.
IRCT20210519051345N96,Warning: The container &lt;health_condition_code&gt; or its subtag was empty. Automatically filled with standard structure '-' to comply with the schema sequence.
IRCT20210519051345N96,Warning: The container &lt;health_condition_keyword&gt; or its subtag was empty. Automatically filled with standard structure '-' to comply with the schema sequence.
IRCT20210519051345N96,Warning: The container &lt;secondary_outcome&gt; or its subtag was empty. Automatically filled with standard structure '-' to comply with the schema sequence.
IRCT20210519051345N96,Warning: The container &lt;secondary_sponsor&gt; or its subtag was empty. Automatically filled with standard structure '-' to comply with the schema sequence.
IRCT20221206056724N2,Warning: The &lt;study_design&gt; tag exceeded the allowed limit. It will be truncated at 997 characters...
IRCT20221206056724N2,Warning: The &lt;i_keyword&gt; tag exceeded the allowed limit. It will be truncated at 497 characters...
IRCT20221206056724N2,Warning: The container &lt;secondary_sponsor&gt; or its subtag was empty. Automatically filled with standard structure '-' to comply with the schema sequence.
IRCT20260224068932N1,Warning: The container &lt;secondary_outcome&gt; or its subtag was empty. Automatically filled with standard structure '-' to comply with the schema sequence.
IRCT20260224068932N1,Warning: The container &lt;secondary_sponsor&gt; or its subtag was empty. Automatically filled with standard structure '-' to comply with the schema sequence.
IRCT20260206068773N1,Warning: The &lt;study_design&gt; tag exceeded the allowed limit. It will be truncated at 997 characters...
IRCT20260206068773N1,Warning: The container &lt;secondary_outcome&gt; or its subtag was empty. Automatically filled with standard structure '-' to comply with the schema sequence.
IRCT20260206068773N1,Warning: The container &lt;secondary_sponsor&gt; or its subtag was empty. Automatically filled with standard structure '-' to comply with the schema sequence.
IRCT20251220068389N1,Warning: The &lt;study_design&gt; tag exceeded the allowed limit. It will be truncated at 997 characters...
IRCT20251220068389N1,Warning: The container &lt;secondary_sponsor&gt; or its subtag was empty. Automatically filled with standard structure '-' to comply with the schema sequence.
IRCT20260224068940N1,Warning: The &lt;study_design&gt; tag exceeded the allowed limit. It will be truncated at 997 characters...
IRCT20260224068940N1,Warning: The container &lt;health_condition_code&gt; or its subtag was empty. Automatically filled with standard structure '-' to comply with the schema sequence.
IRCT20260224068940N1,Warning: The container &lt;health_condition_keyword&gt; or its subtag was empty. Automatically filled with standard structure '-' to comply with the schema sequence.
IRCT20260224068940N1,Warning: The container &lt;secondary_outcome&gt; or its subtag was empty. Automatically filled with standard structure '-' to comply with the schema sequence.
IRCT20260224068940N1,Warning: The container &lt;secondary_sponsor&gt; or its subtag was empty. Automatically filled with standard structure '-' to comply with the schema sequence.
IRCT20260224068939N1,Warning: The container &lt;secondary_outcome&gt; or its subtag was empty. Automatically filled with standard structure '-' to comply with the schema sequence.
IRCT20260224068939N1,Warning: The container &lt;secondary_sponsor&gt; or its subtag was empty. Automatically filled with standard structure '-' to comply with the schema sequence.
IRCT20220516054874N22,Warning: The container &lt;secondary_sponsor&gt; or its subtag was empty. Automatically filled with standard structure '-' to comply with the schema sequence.
IRCT20210114050037N4,Warning: The &lt;i_keyword&gt; tag exceeded the allowed limit. It will be truncated at 497 characters...
IRCT20210114050037N4,Warning: The container &lt;secondary_outcome&gt; or its subtag was empty. Automatically filled with standard structure '-' to comply with the schema sequence.
IRCT20210114050037N4,Warning: The container &lt;secondary_sponsor&gt; or its subtag was empty. Automatically filled with standard structure '-' to comply with the schema sequence.
IRCT20260225068944N1,Warning: The container &lt;health_condition_code&gt; or its subtag was empty. Automatically filled with standard structure '-' to comply with the schema sequence.
IRCT20260225068944N1,Warning: The container &lt;health_condition_keyword&gt; or its subtag was empty. Automatically filled with standard structure '-' to comply with the schema sequence.
IRCT20260225068944N1,Warning: The container &lt;secondary_outcome&gt; or its subtag was empty. Automatically filled with standard structure '-' to comply with the schema sequence.
IRCT20260225068944N1,Warning: The container &lt;secondary_sponsor&gt; or its subtag was empty. Automatically filled with standard structure '-' to comply with the schema sequence.
IRCT20201113049377N4,Warning: The &lt;study_design&gt; tag exceeded the allowed limit. It will be truncated at 997 characters...
IRCT20201113049377N4,Warning: The &lt;i_keyword&gt; tag exceeded the allowed limit. It will be truncated at 497 characters...
IRCT20201113049377N4,Warning: The container &lt;health_condition_code&gt; or its subtag was empty. Automatically filled with standard structure '-' to comply with the schema sequence.
IRCT20201113049377N4,Warning: The container &lt;health_condition_keyword&gt; or its subtag was empty. Automatically filled with standard structure '-' to comply with the schema sequence.
IRCT20201113049377N4,Warning: The container &lt;secondary_outcome&gt; or its subtag was empty. Automatically filled with standard structure '-' to comply with the schema sequence.
IRCT20201113049377N4,Warning: The container &lt;secondary_sponsor&gt; or its subtag was empty. Automatically filled with standard structure '-' to comply with the schema sequence.
IRCT20260218068911N1,Warning: The container &lt;secondary_outcome&gt; or its subtag was empty. Automatically filled with standard structure '-' to comply with the schema sequence.
IRCT20260218068911N1,Warning: The container &lt;secondary_sponsor&gt; or its subtag was empty. Automatically filled with standard structure '-' to comply with the schema sequence.
IRCT20260216068884N1,Warning: The &lt;study_design&gt; tag exceeded the allowed limit. It will be truncated at 997 characters...
IRCT20260216068884N1,Warning: The container &lt;health_condition_code&gt; or its subtag was empty. Automatically filled with standard structure '-' to comply with the schema sequence.
IRCT20260216068884N1,Warning: The container &lt;health_condition_keyword&gt; or its subtag was empty. Automatically filled with standard structure '-' to comply with the schema sequence.
IRCT20260216068884N1,Warning: The container &lt;secondary_sponsor&gt; or its subtag was empty. Automatically filled with standard structure '-' to comply with the schema sequence.
IRCT20260224068929N1,Warning: The container &lt;health_condition_code&gt; or its subtag was empty. Automatically filled with standard structure '-' to comply with the schema sequence.
IRCT20260224068929N1,Warning: The container &lt;health_condition_keyword&gt; or its subtag was empty. Automatically filled with standard structure '-' to comply with the schema sequence.
IRCT20260224068929N1,Warning: The container &lt;secondary_outcome&gt; or its subtag was empty. Automatically filled with standard structure '-' to comply with the schema sequence.
IRCT20260224068929N1,Warning: The container &lt;secondary_sponsor&gt; or its subtag was empty. Automatically filled with standard structure '-' to comply with the schema sequence.
IRCT20260123068640N1,Warning: The &lt;study_design&gt; tag exceeded the allowed limit. It will be truncated at 997 characters...
IRCT20260123068640N1,Warning: The &lt;i_keyword&gt; tag exceeded the allowed limit. It will be truncated at 497 characters...
IRCT20260123068640N1,Warning: The &lt;i_keyword&gt; tag exceeded the allowed limit. It will be truncated at 497 characters...
IRCT20260123068640N1,Warning: The &lt;i_keyword&gt; tag exceeded the allowed limit. It will be truncated at 497 characters...
IRCT20260123068640N1,Warning: The container &lt;secondary_outcome&gt; or its subtag was empty. Automatically filled with standard structure '-' to comply with the schema sequence.
IRCT20260123068640N1,Warning: The container &lt;secondary_sponsor&gt; or its subtag was empty. Automatically filled with standard structure '-' to comply with the schema sequence.
IRCT20151123025202N52,Warning: The container &lt;secondary_sponsor&gt; or its subtag was empty. Automatically filled with standard structure '-' to comply with the schema sequence.
IRCT20250914067234N2,Warning: The &lt;study_design&gt; tag exceeded the allowed limit. It will be truncated at 997 characters...
IRCT20250914067234N2,Warning: The container &lt;secondary_sponsor&gt; or its subtag was empty. Automatically filled with standard structure '-' to comply with the schema sequence.
IRCT20260226068953N1,Warning: The &lt;i_keyword&gt; tag exceeded the allowed limit. It will be truncated at 497 characters...
IRCT20260226068953N1,Warning: The container &lt;health_condition_code&gt; or its subtag was empty. Automatically filled with standard structure '-' to comply with the schema sequence.
IRCT20260226068953N1,Warning: The container &lt;health_condition_keyword&gt; or its subtag was empty. Automatically filled with standard structure '-' to comply with the schema sequence.
IRCT20260226068953N1,Warning: The container &lt;secondary_outcome&gt; or its subtag was empty. Automatically filled with standard structure '-' to comply with the schema sequence.
IRCT20260226068953N1,Warning: The container &lt;secondary_sponsor&gt; or its subtag was empty. Automatically filled with standard structure '-' to comply with the schema sequence.
IRCT20260226068954N1,Warning: The &lt;results_IPD_description&gt; tag exceeded the allowed limit. It will be truncated at 1997 characters...
IRCT20260226068954N1,Warning: The &lt;study_design&gt; tag exceeded the allowed limit. It will be truncated at 997 characters...
IRCT20260226068954N1,Warning: The container &lt;secondary_sponsor&gt; or its subtag was empty. Automatically filled with standard structure '-' to comply with the schema sequence.
IRCT20260228068965N1,Warning: The &lt;study_design&gt; tag exceeded the allowed limit. It will be truncated at 997 characters...
IRCT20260228068965N1,Warning: The container &lt;secondary_outcome&gt; or its subtag was empty. Automatically filled with standard structure '-' to comply with the schema sequence.
IRCT20260228068965N1,Warning: The container &lt;secondary_sponsor&gt; or its subtag was empty. Automatically filled with standard structure '-' to comply with the schema sequence.
IRCT20260217068902N1,Warning: The container &lt;secondary_outcome&gt; or its subtag was empty. Automatically filled with standard structure '-' to comply with the schema sequence.
IRCT20260217068902N1,Warning: The container &lt;secondary_sponsor&gt; or its subtag was empty. Automatically filled with standard structure '-' to comply with the schema sequence.
IRCT20260226068952N1,Warning: The container &lt;secondary_outcome&gt; or its subtag was empty. Automatically filled with standard structure '-' to comply with the schema sequence.
IRCT20260226068952N1,Warning: The container &lt;secondary_sponsor&gt; or its subtag was empty. Automatically filled with standard structure '-' to comply with the schema sequence.
IRCT20210415050976N16,Warning: The &lt;study_design&gt; tag exceeded the allowed limit. It will be truncated at 997 characters...
IRCT20210415050976N16,Warning: The &lt;i_keyword&gt; tag exceeded the allowed limit. It will be truncated at 497 characters...
IRCT20210415050976N16,Warning: The container &lt;secondary_outcome&gt; or its subtag was empty. Automatically filled with standard structure '-' to comply with the schema sequence.
IRCT20210415050976N16,Warning: The container &lt;secondary_sponsor&gt; or its subtag was empty. Automatically filled with standard structure '-' to comply with the schema sequence.
IRCT20260226068950N1,Warning: The &lt;study_design&gt; tag exceeded the allowed limit. It will be truncated at 997 characters...
IRCT20260226068950N1,Warning: The &lt;i_keyword&gt; tag exceeded the allowed limit. It will be truncated at 497 characters...
IRCT20260226068950N1,Warning: The &lt;i_keyword&gt; tag exceeded the allowed limit. It will be truncated at 497 characters...
IRCT20260226068950N1,Warning: The container &lt;secondary_outcome&gt; or its subtag was empty. Automatically filled with standard structure '-' to comply with the schema sequence.
IRCT20260226068950N1,Warning: The container &lt;secondary_sponsor&gt; or its subtag was empty. Automatically filled with standard structure '-' to comply with the schema sequence.
IRCT20260225068947N1,Warning: The container &lt;secondary_outcome&gt; or its subtag was empty. Automatically filled with standard structure '-' to comply with the schema sequence.
IRCT20260225068947N1,Warning: The container &lt;secondary_sponsor&gt; or its subtag was empty. Automatically filled with standard structure '-' to comply with the schema sequence.
IRCT20260224068942N1,Warning: The container &lt;health_condition_code&gt; or its subtag was empty. Automatically filled with standard structure '-' to comply with the schema sequence.
IRCT20260224068942N1,Warning: The container &lt;health_condition_keyword&gt; or its subtag was empty. Automatically filled with standard structure '-' to comply with the schema sequence.
IRCT20260224068942N1,Warning: The container &lt;secondary_sponsor&gt; or its subtag was empty. Automatically filled with standard structure '-' to comply with the schema sequence.
IRCT20260206068770N1,Warning: The &lt;study_design&gt; tag exceeded the allowed limit. It will be truncated at 997 characters...
IRCT20260206068770N1,Warning: The container &lt;health_condition_code&gt; or its subtag was empty. Automatically filled with standard structure '-' to comply with the schema sequence.
IRCT20260206068770N1,Warning: The container &lt;health_condition_keyword&gt; or its subtag was empty. Automatically filled with standard structure '-' to comply with the schema sequence.
IRCT20260206068770N1,Warning: The container &lt;secondary_outcome&gt; or its subtag was empty. Automatically filled with standard structure '-' to comply with the schema sequence.
IRCT20260206068770N1,Warning: The container &lt;secondary_sponsor&gt; or its subtag was empty. Automatically filled with standard structure '-' to comply with the schema sequence.
IRCT20260308068973N1,Warning: The &lt;study_design&gt; tag exceeded the allowed limit. It will be truncated at 997 characters...
IRCT20260308068973N1,Warning: The container &lt;secondary_outcome&gt; or its subtag was empty. Automatically filled with standard structure '-' to comply with the schema sequence.
IRCT20260308068973N1,Warning: The container &lt;secondary_sponsor&gt; or its subtag was empty. Automatically filled with standard structure '-' to comply with the schema sequence.
IRCT20260306068968N1,Warning: The &lt;study_design&gt; tag exceeded the allowed limit. It will be truncated at 997 characters...
IRCT20260306068968N1,Warning: The container &lt;secondary_sponsor&gt; or its subtag was empty. Automatically filled with standard structure '-' to comply with the schema sequence.
IRCT20231016059737N3,Warning: The container &lt;secondary_sponsor&gt; or its subtag was empty. Automatically filled with standard structure '-' to comply with the schema sequence.
IRCT20260309068975N1,Warning: The &lt;i_freetext&gt; tag exceeded the allowed limit. It will be truncated at 2997 characters...
IRCT20260309068975N1,Warning: The &lt;study_design&gt; tag exceeded the allowed limit. It will be truncated at 997 characters...
IRCT20260309068975N1,Warning: The &lt;i_keyword&gt; tag exceeded the allowed limit. It will be truncated at 497 characters...
IRCT20260309068975N1,Warning: The &lt;i_keyword&gt; tag exceeded the allowed limit. It will be truncated at 497 characters...
IRCT20260309068975N1,Warning: The container &lt;secondary_outcome&gt; or its subtag was empty. Automatically filled with standard structure '-' to comply with the schema sequence.
IRCT20260309068975N1,Warning: The container &lt;secondary_sponsor&gt; or its subtag was empty. Automatically filled with standard structure '-' to comply with the schema sequence.
IRCT20260307068970N1,Warning: The &lt;study_design&gt; tag exceeded the allowed limit. It will be truncated at 997 characters...
IRCT20260307068970N1,Warning: The &lt;i_keyword&gt; tag exceeded the allowed limit. It will be truncated at 497 characters...
IRCT20260307068970N1,Warning: The container &lt;health_condition_code&gt; or its subtag was empty. Automatically filled with standard structure '-' to comply with the schema sequence.
IRCT20260307068970N1,Warning: The container &lt;health_condition_keyword&gt; or its subtag was empty. Automatically filled with standard structure '-' to comply with the schema sequence.
IRCT20260307068970N1,Warning: The container &lt;secondary_outcome&gt; or its subtag was empty. Automatically filled with standard structure '-' to comply with the schema sequence.
IRCT20260307068970N1,Warning: The container &lt;secondary_sponsor&gt; or its subtag was empty. Automatically filled with standard structure '-' to comply with the schema sequence.
IRCT20120404009375N2,Warning: The &lt;i_keyword&gt; tag exceeded the allowed limit. It will be truncated at 497 characters...
IRCT20120404009375N2,Warning: The &lt;i_keyword&gt; tag exceeded the allowed limit. It will be truncated at 497 characters...
IRCT20120404009375N2,Warning: The container &lt;secondary_sponsor&gt; or its subtag was empty. Automatically filled with standard structure '-' to comply with the schema sequence.
IRCT20091229002924N4,Warning: The container &lt;health_condition_code&gt; or its subtag was empty. Automatically filled with standard structure '-' to comply with the schema sequence.
IRCT20091229002924N4,Warning: The container &lt;health_condition_keyword&gt; or its subtag was empty. Automatically filled with standard structure '-' to comply with the schema sequence.
IRCT20091229002924N4,Warning: The container &lt;secondary_outcome&gt; or its subtag was empty. Automatically filled with standard structure '-' to comply with the schema sequence.
IRCT20091229002924N4,Warning: The container &lt;secondary_sponsor&gt; or its subtag was empty. Automatically filled with standard structure '-' to comply with the schema sequence.
IRCT20260205068768N1,Warning: The container &lt;secondary_outcome&gt; or its subtag was empty. Automatically filled with standard structure '-' to comply with the schema sequence.
IRCT20260205068768N1,Warning: The container &lt;secondary_sponsor&gt; or its subtag was empty. Automatically filled with standard structure '-' to comply with the schema sequence.
IRCT20260224068935N1,Warning: The &lt;study_design&gt; tag exceeded the allowed limit. It will be truncated at 997 characters...
IRCT20260224068935N1,Warning: The container &lt;secondary_outcome&gt; or its subtag was empty. Automatically filled with standard structure '-' to comply with the schema sequence.
IRCT20260224068935N1,Warning: The container &lt;secondary_sponsor&gt; or its subtag was empty. Automatically filled with standard structure '-' to comply with the schema sequence.
IRCT20240929063203N5,Warning: The &lt;study_design&gt; tag exceeded the allowed limit. It will be truncated at 997 characters...
IRCT20240929063203N5,Warning: The container &lt;secondary_sponsor&gt; or its subtag was empty. Automatically filled with standard structure '-' to comply with the schema sequence.
IRCT20260310068980N1,Warning: The &lt;study_design&gt; tag exceeded the allowed limit. It will be truncated at 997 characters...
IRCT20260310068980N1,Warning: The &lt;i_keyword&gt; tag exceeded the allowed limit. It will be truncated at 497 characters...
IRCT20260310068980N1,Warning: The &lt;i_keyword&gt; tag exceeded the allowed limit. It will be truncated at 497 characters...
IRCT20260310068980N1,Warning: The container &lt;secondary_outcome&gt; or its subtag was empty. Automatically filled with standard structure '-' to comply with the schema sequence.
IRCT20260310068980N1,Warning: The container &lt;secondary_sponsor&gt; or its subtag was empty. Automatically filled with standard structure '-' to comply with the schema sequence.
IRCT20210415050976N17,Warning: The &lt;study_design&gt; tag exceeded the allowed limit. It will be truncated at 997 characters...
IRCT20210415050976N17,Warning: The container &lt;secondary_outcome&gt; or its subtag was empty. Automatically filled with standard structure '-' to comply with the schema sequence.
IRCT20210415050976N17,Warning: The container &lt;secondary_sponsor&gt; or its subtag was empty. Automatically filled with standard structure '-' to comply with the schema sequence.
IRCT20210415050976N19,Warning: The &lt;study_design&gt; tag exceeded the allowed limit. It will be truncated at 997 characters...
IRCT20210415050976N19,Warning: The &lt;i_keyword&gt; tag exceeded the allowed limit. It will be truncated at 497 characters...
IRCT20210415050976N19,Warning: The &lt;i_keyword&gt; tag exceeded the allowed limit. It will be truncated at 497 characters...
IRCT20210415050976N19,Warning: The container &lt;secondary_outcome&gt; or its subtag was empty. Automatically filled with standard structure '-' to comply with the schema sequence.
IRCT20210415050976N19,Warning: The container &lt;secondary_sponsor&gt; or its subtag was empty. Automatically filled with standard structure '-' to comply with the schema sequence.
IRCT20251224068427N1,Warning: The &lt;study_design&gt; tag exceeded the allowed limit. It will be truncated at 997 characters...
IRCT20251224068427N1,Warning: The container &lt;health_condition_code&gt; or its subtag was empty. Automatically filled with standard structure '-' to comply with the schema sequence.
IRCT20251224068427N1,Warning: The container &lt;health_condition_keyword&gt; or its subtag was empty. Automatically filled with standard structure '-' to comply with the schema sequence.
IRCT20251224068427N1,Warning: The container &lt;secondary_sponsor&gt; or its subtag was empty. Automatically filled with standard structure '-' to comply with the schema sequence.
IRCT20210531051459N4,Warning: The container &lt;secondary_sponsor&gt; or its subtag was empty. Automatically filled with standard structure '-' to comply with the schema sequence.
IRCT20260216068888N1,Warning: The &lt;study_design&gt; tag exceeded the allowed limit. It will be truncated at 997 characters...
IRCT20260216068888N1,Warning: The &lt;i_keyword&gt; tag exceeded the allowed limit. It will be truncated at 497 characters...
IRCT20260216068888N1,Warning: The container &lt;secondary_outcome&gt; or its subtag was empty. Automatically filled with standard structure '-' to comply with the schema sequence.
IRCT20260216068888N1,Warning: The container &lt;secondary_sponsor&gt; or its subtag was empty. Automatically filled with standard structure '-' to comply with the schema sequence.
IRCT20260311068981N1,Warning: The container &lt;health_condition_code&gt; or its subtag was empty. Automatically filled with standard structure '-' to comply with the schema sequence.
IRCT20260311068981N1,Warning: The container &lt;health_condition_keyword&gt; or its subtag was empty. Automatically filled with standard structure '-' to comply with the schema sequence.
IRCT20260311068981N1,Warning: The container &lt;secondary_outcome&gt; or its subtag was empty. Automatically filled with standard structure '-' to comply with the schema sequence.
IRCT20260311068981N1,Warning: The container &lt;secondary_sponsor&gt; or its subtag was empty. Automatically filled with standard structure '-' to comply with the schema sequence.
IRCT20260226068959N1,Warning: The container &lt;health_condition_code&gt; or its subtag was empty. Automatically filled with standard structure '-' to comply with the schema sequence.
IRCT20260226068959N1,Warning: The container &lt;health_condition_keyword&gt; or its subtag was empty. Automatically filled with standard structure '-' to comply with the schema sequence.
IRCT20260226068959N1,Warning: The container &lt;secondary_outcome&gt; or its subtag was empty. Automatically filled with standard structure '-' to comply with the schema sequence.
IRCT20260226068959N1,Warning: The container &lt;secondary_sponsor&gt; or its subtag was empty. Automatically filled with standard structure '-' to comply with the schema sequence.
IRCT20260314068985N1,Warning: The container &lt;secondary_outcome&gt; or its subtag was empty. Automatically filled with standard structure '-' to comply with the schema sequence.
IRCT20260314068985N1,Warning: The container &lt;secondary_sponsor&gt; or its subtag was empty. Automatically filled with standard structure '-' to comply with the schema sequence.
IRCT20260315068989N1,Warning: The &lt;study_design&gt; tag exceeded the allowed limit. It will be truncated at 997 characters...
IRCT20260315068989N1,Warning: The container &lt;secondary_sponsor&gt; or its subtag was empty. Automatically filled with standard structure '-' to comply with the schema sequence.
IRCT20260314068987N1,Warning: The &lt;study_design&gt; tag exceeded the allowed limit. It will be truncated at 997 characters...
IRCT20260314068987N1,Warning: The container &lt;secondary_outcome&gt; or its subtag was empty. Automatically filled with standard structure '-' to comply with the schema sequence.
IRCT20260314068987N1,Warning: The container &lt;secondary_sponsor&gt; or its subtag was empty. Automatically filled with standard structure '-' to comply with the schema sequence.
IRCT20260315068992N1,Warning: The &lt;study_design&gt; tag exceeded the allowed limit. It will be truncated at 997 characters...
IRCT20260315068992N1,Warning: The &lt;i_keyword&gt; tag exceeded the allowed limit. It will be truncated at 497 characters...
IRCT20260315068992N1,Warning: The container &lt;secondary_outcome&gt; or its subtag was empty. Automatically filled with standard structure '-' to comply with the schema sequence.
IRCT20260315068992N1,Warning: The container &lt;secondary_sponsor&gt; or its subtag was empty. Automatically filled with standard structure '-' to comply with the schema sequence.
IRCT20091114002709N68,Warning: The &lt;study_design&gt; tag exceeded the allowed limit. It will be truncated at 997 characters...
IRCT20091114002709N68,Warning: The container &lt;secondary_sponsor&gt; or its subtag was empty. Automatically filled with standard structure '-' to comply with the schema sequence.
IRCT20220206053958N5,Warning: The &lt;results_IPD_description&gt; tag exceeded the allowed limit. It will be truncated at 1997 characters...
IRCT20220206053958N5,Warning: The &lt;study_design&gt; tag exceeded the allowed limit. It will be truncated at 997 characters...
IRCT20220206053958N5,Warning: The container &lt;secondary_outcome&gt; or its subtag was empty. Automatically filled with standard structure '-' to comply with the schema sequence.
IRCT20220206053958N5,Warning: The container &lt;secondary_sponsor&gt; or its subtag was empty. Automatically filled with standard structure '-' to comply with the schema sequence.
IRCT20210415050976N18,Warning: The container &lt;health_condition_code&gt; or its subtag was empty. Automatically filled with standard structure '-' to comply with the schema sequence.
IRCT20210415050976N18,Warning: The container &lt;health_condition_keyword&gt; or its subtag was empty. Automatically filled with standard structure '-' to comply with the schema sequence.
IRCT20210415050976N18,Warning: The container &lt;secondary_outcome&gt; or its subtag was empty. Automatically filled with standard structure '-' to comply with the schema sequence.
IRCT20210415050976N18,Warning: The container &lt;secondary_sponsor&gt; or its subtag was empty. Automatically filled with standard structure '-' to comply with the schema sequence.
IRCT20260315068993N1,Warning: The container &lt;health_condition_code&gt; or its subtag was empty. Automatically filled with standard structure '-' to comply with the schema sequence.
IRCT20260315068993N1,Warning: The container &lt;health_condition_keyword&gt; or its subtag was empty. Automatically filled with standard structure '-' to comply with the schema sequence.
IRCT20260315068993N1,Warning: The container &lt;secondary_sponsor&gt; or its subtag was empty. Automatically filled with standard structure '-' to comply with the schema sequence.
IRCT20260315068991N1,Warning: The container &lt;health_condition_code&gt; or its subtag was empty. Automatically filled with standard structure '-' to comply with the schema sequence.
IRCT20260315068991N1,Warning: The container &lt;health_condition_keyword&gt; or its subtag was empty. Automatically filled with standard structure '-' to comply with the schema sequence.
IRCT20260315068991N1,Warning: The container &lt;secondary_outcome&gt; or its subtag was empty. Automatically filled with standard structure '-' to comply with the schema sequence.
IRCT20260315068991N1,Warning: The container &lt;secondary_sponsor&gt; or its subtag was empty. Automatically filled with standard structure '-' to comply with the schema sequence.
IRCT20221222056890N3,Warning: The container &lt;secondary_outcome&gt; or its subtag was empty. Automatically filled with standard structure '-' to comply with the schema sequence.
IRCT20221222056890N3,Warning: The container &lt;secondary_sponsor&gt; or its subtag was empty. Automatically filled with standard structure '-' to comply with the schema sequence.
IRCT20260301068967N1,Warning: The container &lt;health_condition_code&gt; or its subtag was empty. Automatically filled with standard structure '-' to comply with the schema sequence.
IRCT20260301068967N1,Warning: The container &lt;health_condition_keyword&gt; or its subtag was empty. Automatically filled with standard structure '-' to comply with the schema sequence.
IRCT20260301068967N1,Warning: The container &lt;secondary_sponsor&gt; or its subtag was empty. Automatically filled with standard structure '-' to comply with the schema sequence.
IRCT20260315068995N1,Warning: The &lt;study_design&gt; tag exceeded the allowed limit. It will be truncated at 997 characters...
IRCT20260315068995N1,Warning: The container &lt;health_condition_code&gt; or its subtag was empty. Automatically filled with standard structure '-' to comply with the schema sequence.
IRCT20260315068995N1,Warning: The container &lt;health_condition_keyword&gt; or its subtag was empty. Automatically filled with standard structure '-' to comply with the schema sequence.
IRCT20260315068995N1,Warning: The container &lt;secondary_outcome&gt; or its subtag was empty. Automatically filled with standard structure '-' to comply with the schema sequence.
IRCT20260315068995N1,Warning: The container &lt;secondary_sponsor&gt; or its subtag was empty. Automatically filled with standard structure '-' to comply with the schema sequence.
IRCT20100127003217N16,Warning: The &lt;study_design&gt; tag exceeded the allowed limit. It will be truncated at 997 characters...
IRCT20100127003217N16,Warning: The container &lt;health_condition_code&gt; or its subtag was empty. Automatically filled with standard structure '-' to comply with the schema sequence.
IRCT20100127003217N16,Warning: The container &lt;health_condition_keyword&gt; or its subtag was empty. Automatically filled with standard structure '-' to comply with the schema sequence.
IRCT20100127003217N16,Warning: The container &lt;secondary_sponsor&gt; or its subtag was empty. Automatically filled with standard structure '-' to comply with the schema sequence.
IRCT20260318068999N1,Warning: The &lt;study_design&gt; tag exceeded the allowed limit. It will be truncated at 997 characters...
IRCT20260318068999N1,Warning: The &lt;i_keyword&gt; tag exceeded the allowed limit. It will be truncated at 497 characters...
IRCT20260318068999N1,Warning: The &lt;i_keyword&gt; tag exceeded the allowed limit. It will be truncated at 497 characters...
IRCT20260318068999N1,Warning: The container &lt;health_condition_code&gt; or its subtag was empty. Automatically filled with standard structure '-' to comply with the schema sequence.
IRCT20260318068999N1,Warning: The container &lt;health_condition_keyword&gt; or its subtag was empty. Automatically filled with standard structure '-' to comply with the schema sequence.
IRCT20260318068999N1,Warning: The container &lt;secondary_outcome&gt; or its subtag was empty. Automatically filled with standard structure '-' to comply with the schema sequence.
IRCT20260318068999N1,Warning: The container &lt;secondary_sponsor&gt; or its subtag was empty. Automatically filled with standard structure '-' to comply with the schema sequence.
IRCT20260317068997N1,Warning: The &lt;i_freetext&gt; tag exceeded the allowed limit. It will be truncated at 2997 characters...
IRCT20260317068997N1,Warning: The &lt;study_design&gt; tag exceeded the allowed limit. It will be truncated at 997 characters...
IRCT20260317068997N1,Warning: The &lt;i_keyword&gt; tag exceeded the allowed limit. It will be truncated at 497 characters...
IRCT20260317068997N1,Warning: The &lt;i_keyword&gt; tag exceeded the allowed limit. It will be truncated at 497 characters...
IRCT20260317068997N1,Warning: The &lt;i_keyword&gt; tag exceeded the allowed limit. It will be truncated at 497 characters...
IRCT20260317068997N1,Warning: The &lt;i_keyword&gt; tag exceeded the allowed limit. It will be truncated at 497 characters...
IRCT20260317068997N1,Warning: The container &lt;secondary_outcome&gt; or its subtag was empty. Automatically filled with standard structure '-' to comply with the schema sequence.
IRCT20260317068997N1,Warning: The container &lt;secondary_sponsor&gt; or its subtag was empty. Automatically filled with standard structure '-' to comply with the schema sequence.
IRCT20260315068994N1,Warning: The container &lt;secondary_outcome&gt; or its subtag was empty. Automatically filled with standard structure '-' to comply with the schema sequence.
IRCT20260315068994N1,Warning: The container &lt;secondary_sponsor&gt; or its subtag was empty. Automatically filled with standard structure '-' to comply with the schema sequence.
IRCT20240529061941N2,Warning: The container &lt;secondary_sponsor&gt; or its subtag was empty. Automatically filled with standard structure '-' to comply with the schema sequence.
IRCT20220927056047N2,Warning: The &lt;study_design&gt; tag exceeded the allowed limit. It will be truncated at 997 characters...
IRCT20220927056047N2,Warning: The &lt;i_keyword&gt; tag exceeded the allowed limit. It will be truncated at 497 characters...
IRCT20220927056047N2,Warning: The container &lt;secondary_outcome&gt; or its subtag was empty. Automatically filled with standard structure '-' to comply with the schema sequence.
IRCT20220927056047N2,Warning: The container &lt;secondary_sponsor&gt; or its subtag was empty. Automatically filled with standard structure '-' to comply with the schema sequence.
IRCT20260324069012N1,Warning: The &lt;study_design&gt; tag exceeded the allowed limit. It will be truncated at 997 characters...
IRCT20260324069012N1,Warning: The container &lt;secondary_outcome&gt; or its subtag was empty. Automatically filled with standard structure '-' to comply with the schema sequence.
IRCT20260324069012N1,Warning: The container &lt;secondary_sponsor&gt; or its subtag was empty. Automatically filled with standard structure '-' to comply with the schema sequence.
IRCT20230213057400N2,Warning: The container &lt;health_condition_code&gt; or its subtag was empty. Automatically filled with standard structure '-' to comply with the schema sequence.
IRCT20230213057400N2,Warning: The container &lt;health_condition_keyword&gt; or its subtag was empty. Automatically filled with standard structure '-' to comply with the schema sequence.
IRCT20230213057400N2,Warning: The container &lt;secondary_outcome&gt; or its subtag was empty. Automatically filled with standard structure '-' to comply with the schema sequence.
IRCT20230213057400N2,Warning: The container &lt;secondary_sponsor&gt; or its subtag was empty. Automatically filled with standard structure '-' to comply with the schema sequence.
IRCT20260226068959N2,Warning: The &lt;study_design&gt; tag exceeded the allowed limit. It will be truncated at 997 characters...
IRCT20260226068959N2,Warning: The container &lt;secondary_sponsor&gt; or its subtag was empty. Automatically filled with standard structure '-' to comply with the schema sequence.
IRCT20170609034406N15,Warning: The &lt;study_design&gt; tag exceeded the allowed limit. It will be truncated at 997 characters...
IRCT20170609034406N15,Warning: The container &lt;secondary_sponsor&gt; or its subtag was empty. Automatically filled with standard structure '-' to comply with the schema sequence.
IRCT20260328069015N1,Warning: The &lt;study_design&gt; tag exceeded the allowed limit. It will be truncated at 997 characters...
IRCT20260328069015N1,Warning: The &lt;i_keyword&gt; tag exceeded the allowed limit. It will be truncated at 497 characters...
IRCT20260328069015N1,Warning: The container &lt;secondary_sponsor&gt; or its subtag was empty. Automatically filled with standard structure '-' to comply with the schema sequence.
IRCT20260328069014N1,Warning: The &lt;results_IPD_description&gt; tag exceeded the allowed limit. It will be truncated at 1997 characters...
IRCT20260328069014N1,Warning: The &lt;study_design&gt; tag exceeded the allowed limit. It will be truncated at 997 characters...
IRCT20260328069014N1,Warning: The &lt;i_keyword&gt; tag exceeded the allowed limit. It will be truncated at 497 characters...
IRCT20260328069014N1,Warning: The &lt;i_keyword&gt; tag exceeded the allowed limit. It will be truncated at 497 characters...
IRCT20260328069014N1,Warning: The container &lt;secondary_sponsor&gt; or its subtag was empty. Automatically filled with standard structure '-' to comply with the schema sequence.
IRCT20260322069009N1,Warning: The &lt;study_design&gt; tag exceeded the allowed limit. It will be truncated at 997 characters...
IRCT20260322069009N1,Warning: The &lt;i_keyword&gt; tag exceeded the allowed limit. It will be truncated at 497 characters...
IRCT20260322069009N1,Warning: The &lt;i_keyword&gt; tag exceeded the allowed limit. It will be truncated at 497 characters...
IRCT20260322069009N1,Warning: The container &lt;secondary_outcome&gt; or its subtag was empty. Automatically filled with standard structure '-' to comply with the schema sequence.
IRCT20260322069009N1,Warning: The container &lt;secondary_sponsor&gt; or its subtag was empty. Automatically filled with standard structure '-' to comply with the schema sequence.
IRCT20231113060037N1,Warning: The &lt;study_design&gt; tag exceeded the allowed limit. It will be truncated at 997 characters...
IRCT20231113060037N1,Warning: The &lt;i_keyword&gt; tag exceeded the allowed limit. It will be truncated at 497 characters...
IRCT20231113060037N1,Warning: The &lt;i_keyword&gt; tag exceeded the allowed limit. It will be truncated at 497 characters...
IRCT20231113060037N1,Warning: The container &lt;secondary_sponsor&gt; or its subtag was empty. Automatically filled with standard structure '-' to comply with the schema sequence.
IRCT20260209068816N1,Warning: The &lt;study_design&gt; tag exceeded the allowed limit. It will be truncated at 997 characters...
IRCT20260209068816N1,Warning: The container &lt;secondary_outcome&gt; or its subtag was empty. Automatically filled with standard structure '-' to comply with the schema sequence.
IRCT20260209068816N1,Warning: The container &lt;secondary_sponsor&gt; or its subtag was empty. Automatically filled with standard structure '-' to comply with the schema sequence.
IRCT20230723058892N2,Warning: The &lt;study_design&gt; tag exceeded the allowed limit. It will be truncated at 997 characters...
IRCT20230723058892N2,Warning: The container &lt;health_condition_code&gt; or its subtag was empty. Automatically filled with standard structure '-' to comply with the schema sequence.
IRCT20230723058892N2,Warning: The container &lt;health_condition_keyword&gt; or its subtag was empty. Automatically filled with standard structure '-' to comply with the schema sequence.
IRCT20230723058892N2,Warning: The container &lt;secondary_outcome&gt; or its subtag was empty. Automatically filled with standard structure '-' to comply with the schema sequence.
IRCT20230723058892N2,Warning: The container &lt;secondary_sponsor&gt; or its subtag was empty. Automatically filled with standard structure '-' to comply with the schema sequence.
IRCT20260227068961N1,Warning: The &lt;study_design&gt; tag exceeded the allowed limit. It will be truncated at 997 characters...
IRCT20260227068961N1,Warning: The &lt;i_keyword&gt; tag exceeded the allowed limit. It will be truncated at 497 characters...
IRCT20260227068961N1,Warning: The container &lt;health_condition_code&gt; or its subtag was empty. Automatically filled with standard structure '-' to comply with the schema sequence.
IRCT20260227068961N1,Warning: The container &lt;health_condition_keyword&gt; or its subtag was empty. Automatically filled with standard structure '-' to comply with the schema sequence.
IRCT20260227068961N1,Warning: The container &lt;secondary_outcome&gt; or its subtag was empty. Automatically filled with standard structure '-' to comply with the schema sequence.
IRCT20260227068961N1,Warning: The container &lt;secondary_sponsor&gt; or its subtag was empty. Automatically filled with standard structure '-' to comply with the schema sequence.
IRCT20260313068983N1,Warning: The &lt;study_design&gt; tag exceeded the allowed limit. It will be truncated at 997 characters...
IRCT20260313068983N1,Warning: The container &lt;secondary_outcome&gt; or its subtag was empty. Automatically filled with standard structure '-' to comply with the schema sequence.
IRCT20260313068983N1,Warning: The container &lt;secondary_sponsor&gt; or its subtag was empty. Automatically filled with standard structure '-' to comply with the schema sequence.
IRCT20240929063203N6,Warning: The &lt;study_design&gt; tag exceeded the allowed limit. It will be truncated at 997 characters...
IRCT20240929063203N6,Warning: The container &lt;secondary_sponsor&gt; or its subtag was empty. Automatically filled with standard structure '-' to comply with the schema sequence.
IRCT20251215068345N2,Warning: The &lt;study_design&gt; tag exceeded the allowed limit. It will be truncated at 997 characters...
IRCT20251215068345N2,Warning: The container &lt;health_condition_code&gt; or its subtag was empty. Automatically filled with standard structure '-' to comply with the schema sequence.
IRCT20251215068345N2,Warning: The container &lt;health_condition_keyword&gt; or its subtag was empty. Automatically filled with standard structure '-' to comply with the schema sequence.
IRCT20251215068345N2,Warning: The container &lt;secondary_sponsor&gt; or its subtag was empty. Automatically filled with standard structure '-' to comply with the schema sequence.
IRCT20251218068373N1,Warning: The &lt;study_design&gt; tag exceeded the allowed limit. It will be truncated at 997 characters...
IRCT20251218068373N1,Warning: The &lt;i_keyword&gt; tag exceeded the allowed limit. It will be truncated at 497 characters...
IRCT20251218068373N1,Warning: The &lt;i_keyword&gt; tag exceeded the allowed limit. It will be truncated at 497 characters...
IRCT20251218068373N1,Warning: The container &lt;secondary_outcome&gt; or its subtag was empty. Automatically filled with standard structure '-' to comply with the schema sequence.
IRCT20251218068373N1,Warning: The container &lt;secondary_sponsor&gt; or its subtag was empty. Automatically filled with standard structure '-' to comply with the schema sequence.
IRCT20250113064368N3,Warning: The &lt;study_design&gt; tag exceeded the allowed limit. It will be truncated at 997 characters...
IRCT20250113064368N3,Warning: The container &lt;health_condition_code&gt; or its subtag was empty. Automatically filled with standard structure '-' to comply with the schema sequence.
IRCT20250113064368N3,Warning: The container &lt;health_condition_keyword&gt; or its subtag was empty. Automatically filled with standard structure '-' to comply with the schema sequence.
IRCT20250113064368N3,Warning: The container &lt;secondary_outcome&gt; or its subtag was empty. Automatically filled with standard structure '-' to comply with the schema sequence.
IRCT20250113064368N3,Warning: The container &lt;secondary_sponsor&gt; or its subtag was empty. Automatically filled with standard structure '-' to comply with the schema sequence.
IRCT20260404069021N1,Warning: The &lt;i_keyword&gt; tag exceeded the allowed limit. It will be truncated at 497 characters...
IRCT20260404069021N1,Warning: The &lt;i_keyword&gt; tag exceeded the allowed limit. It will be truncated at 497 characters...
IRCT20260404069021N1,Warning: The container &lt;secondary_outcome&gt; or its subtag was empty. Automatically filled with standard structure '-' to comply with the schema sequence.
IRCT20260404069021N1,Warning: The container &lt;secondary_sponsor&gt; or its subtag was empty. Automatically filled with standard structure '-' to comply with the schema sequence.
IRCT20250519065806N2,Warning: The &lt;i_freetext&gt; tag exceeded the allowed limit. It will be truncated at 2997 characters...
IRCT20250519065806N2,Warning: The &lt;study_design&gt; tag exceeded the allowed limit. It will be truncated at 997 characters...
IRCT20250519065806N2,Warning: The &lt;i_keyword&gt; tag exceeded the allowed limit. It will be truncated at 497 characters...
IRCT20250519065806N2,Warning: The &lt;i_keyword&gt; tag exceeded the allowed limit. It will be truncated at 497 characters...
IRCT20250519065806N2,Warning: The container &lt;secondary_outcome&gt; or its subtag was empty. Automatically filled with standard structure '-' to comply with the schema sequence.
IRCT20250519065806N2,Warning: The container &lt;secondary_sponsor&gt; or its subtag was empty. Automatically filled with standard structure '-' to comply with the schema sequence.
IRCT20260406069024N1,Warning: The &lt;study_design&gt; tag exceeded the allowed limit. It will be truncated at 997 characters...
IRCT20260406069024N1,Warning: The &lt;i_keyword&gt; tag exceeded the allowed limit. It will be truncated at 497 characters...
IRCT20260406069024N1,Warning: The container &lt;secondary_outcome&gt; or its subtag was empty. Automatically filled with standard structure '-' to comply with the schema sequence.
IRCT20260406069024N1,Warning: The container &lt;secondary_sponsor&gt; or its subtag was empty. Automatically filled with standard structure '-' to comply with the schema sequence.
IRCT20211121053132N4,Warning: The container &lt;secondary_sponsor&gt; or its subtag was empty. Automatically filled with standard structure '-' to comply with the schema sequence.
IRCT20220930056059N3,Warning: The &lt;study_design&gt; tag exceeded the allowed limit. It will be truncated at 997 characters...
IRCT20220930056059N3,Warning: The &lt;i_keyword&gt; tag exceeded the allowed limit. It will be truncated at 497 characters...
IRCT20220930056059N3,Warning: The &lt;i_keyword&gt; tag exceeded the allowed limit. It will be truncated at 497 characters...
IRCT20220930056059N3,Warning: The container &lt;secondary_sponsor&gt; or its subtag was empty. Automatically filled with standard structure '-' to comply with the schema sequence.
IRCT20260321069007N1,Warning: The container &lt;secondary_sponsor&gt; or its subtag was empty. Automatically filled with standard structure '-' to comply with the schema sequence.
IRCT20260319069006N1,Warning: The &lt;i_freetext&gt; tag exceeded the allowed limit. It will be truncated at 2997 characters...
IRCT20260319069006N1,Warning: The &lt;i_keyword&gt; tag exceeded the allowed limit. It will be truncated at 497 characters...
IRCT20260319069006N1,Warning: The container &lt;secondary_outcome&gt; or its subtag was empty. Automatically filled with standard structure '-' to comply with the schema sequence.
IRCT20260319069006N1,Warning: The container &lt;secondary_sponsor&gt; or its subtag was empty. Automatically filled with standard structure '-' to comply with the schema sequence.
IRCT20260406069026N1,Warning: The container &lt;health_condition_code&gt; or its subtag was empty. Automatically filled with standard structure '-' to comply with the schema sequence.
IRCT20260406069026N1,Warning: The container &lt;health_condition_keyword&gt; or its subtag was empty. Automatically filled with standard structure '-' to comply with the schema sequence.
IRCT20260406069026N1,Warning: The container &lt;secondary_outcome&gt; or its subtag was empty. Automatically filled with standard structure '-' to comply with the schema sequence.
IRCT20260406069026N1,Warning: The container &lt;secondary_sponsor&gt; or its subtag was empty. Automatically filled with standard structure '-' to comply with the schema sequence.
IRCT20120215009014N601,Warning: The container &lt;secondary_sponsor&gt; or its subtag was empty. Automatically filled with standard structure '-' to comply with the schema sequence.
IRCT20120215009014N603,Warning: The container &lt;secondary_outcome&gt; or its subtag was empty. Automatically filled with standard structure '-' to comply with the schema sequence.
IRCT20120215009014N603,Warning: The container &lt;secondary_sponsor&gt; or its subtag was empty. Automatically filled with standard structure '-' to comply with the schema sequence.
IRCT20180103038199N20,Warning: The &lt;study_design&gt; tag exceeded the allowed limit. It will be truncated at 997 characters...
IRCT20180103038199N20,Warning: The container &lt;secondary_sponsor&gt; or its subtag was empty. Automatically filled with standard structure '-' to comply with the schema sequence.
IRCT20120215009014N600,Warning: The &lt;i_keyword&gt; tag exceeded the allowed limit. It will be truncated at 497 characters...
IRCT20120215009014N600,Warning: The container &lt;secondary_outcome&gt; or its subtag was empty. Automatically filled with standard structure '-' to comply with the schema sequence.
IRCT20120215009014N600,Warning: The container &lt;secondary_sponsor&gt; or its subtag was empty. Automatically filled with standard structure '-' to comply with the schema sequence.
IRCT20120215009014N598,Warning: The &lt;i_keyword&gt; tag exceeded the allowed limit. It will be truncated at 497 characters...
IRCT20120215009014N598,Warning: The container &lt;secondary_outcome&gt; or its subtag was empty. Automatically filled with standard structure '-' to comply with the schema sequence.
IRCT20120215009014N598,Warning: The container &lt;secondary_sponsor&gt; or its subtag was empty. Automatically filled with standard structure '-' to comply with the schema sequence.
IRCT20120215009014N599,Warning: The &lt;i_keyword&gt; tag exceeded the allowed limit. It will be truncated at 497 characters...
IRCT20120215009014N599,Warning: The &lt;i_keyword&gt; tag exceeded the allowed limit. It will be truncated at 497 characters...
IRCT20120215009014N599,Warning: The container &lt;secondary_outcome&gt; or its subtag was empty. Automatically filled with standard structure '-' to comply with the schema sequence.
IRCT20120215009014N599,Warning: The container &lt;secondary_sponsor&gt; or its subtag was empty. Automatically filled with standard structure '-' to comply with the schema sequence.
IRCT20260318069001N1,Warning: The &lt;i_freetext&gt; tag exceeded the allowed limit. It will be truncated at 2997 characters...
IRCT20260318069001N1,Warning: The &lt;i_keyword&gt; tag exceeded the allowed limit. It will be truncated at 497 characters...
IRCT20260318069001N1,Warning: The container &lt;secondary_outcome&gt; or its subtag was empty. Automatically filled with standard structure '-' to comply with the schema sequence.
IRCT20260318069001N1,Warning: The container &lt;secondary_sponsor&gt; or its subtag was empty. Automatically filled with standard structure '-' to comply with the schema sequence.
IRCT20250315065086N2,Warning: The &lt;i_freetext&gt; tag exceeded the allowed limit. It will be truncated at 2997 characters...
IRCT20250315065086N2,Warning: The &lt;study_design&gt; tag exceeded the allowed limit. It will be truncated at 997 characters...
IRCT20250315065086N2,Warning: The &lt;i_keyword&gt; tag exceeded the allowed limit. It will be truncated at 497 characters...
IRCT20250315065086N2,Warning: The &lt;i_keyword&gt; tag exceeded the allowed limit. It will be truncated at 497 characters...
IRCT20250315065086N2,Warning: The container &lt;secondary_outcome&gt; or its subtag was empty. Automatically filled with standard structure '-' to comply with the schema sequence.
IRCT20250315065086N2,Warning: The container &lt;secondary_sponsor&gt; or its subtag was empty. Automatically filled with standard structure '-' to comply with the schema sequence.
IRCT20130313012810N81,Warning: The container &lt;health_condition_code&gt; or its subtag was empty. Automatically filled with standard structure '-' to comply with the schema sequence.
IRCT20130313012810N81,Warning: The container &lt;health_condition_keyword&gt; or its subtag was empty. Automatically filled with standard structure '-' to comply with the schema sequence.
IRCT20130313012810N81,Warning: The container &lt;secondary_outcome&gt; or its subtag was empty. Automatically filled with standard structure '-' to comply with the schema sequence.
IRCT20130313012810N81,Warning: The container &lt;secondary_sponsor&gt; or its subtag was empty. Automatically filled with standard structure '-' to comply with the schema sequence.
IRCT20241122063802N6,Warning: The container &lt;secondary_sponsor&gt; or its subtag was empty. Automatically filled with standard structure '-' to comply with the schema sequence.
IRCT20260408069036N1,Warning: The &lt;study_design&gt; tag exceeded the allowed limit. It will be truncated at 997 characters...
IRCT20260408069036N1,Warning: The &lt;i_keyword&gt; tag exceeded the allowed limit. It will be truncated at 497 characters...
IRCT20260408069036N1,Warning: The container &lt;secondary_outcome&gt; or its subtag was empty. Automatically filled with standard structure '-' to comply with the schema sequence.
IRCT20260408069036N1,Warning: The container &lt;secondary_sponsor&gt; or its subtag was empty. Automatically filled with standard structure '-' to comply with the schema sequence.
IRCT20240804062647N15,Warning: The &lt;study_design&gt; tag exceeded the allowed limit. It will be truncated at 997 characters...
IRCT20240804062647N15,Warning: The container &lt;health_condition_code&gt; or its subtag was empty. Automatically filled with standard structure '-' to comply with the schema sequence.
IRCT20240804062647N15,Warning: The container &lt;health_condition_keyword&gt; or its subtag was empty. Automatically filled with standard structure '-' to comply with the schema sequence.
IRCT20240804062647N15,Warning: The container &lt;secondary_sponsor&gt; or its subtag was empty. Automatically filled with standard structure '-' to comply with the schema sequence.
IRCT20240804062647N19,Warning: The &lt;study_design&gt; tag exceeded the allowed limit. It will be truncated at 997 characters...
IRCT20240804062647N19,Warning: The container &lt;health_condition_code&gt; or its subtag was empty. Automatically filled with standard structure '-' to comply with the schema sequence.
IRCT20240804062647N19,Warning: The container &lt;health_condition_keyword&gt; or its subtag was empty. Automatically filled with standard structure '-' to comply with the schema sequence.
IRCT20240804062647N19,Warning: The container &lt;secondary_sponsor&gt; or its subtag was empty. Automatically filled with standard structure '-' to comply with the schema sequence.
IRCT20260408069038N1,Warning: The &lt;study_design&gt; tag exceeded the allowed limit. It will be truncated at 997 characters...
IRCT20260408069038N1,Warning: The &lt;i_keyword&gt; tag exceeded the allowed limit. It will be truncated at 497 characters...
IRCT20260408069038N1,Warning: The &lt;i_keyword&gt; tag exceeded the allowed limit. It will be truncated at 497 characters...
IRCT20260408069038N1,Warning: The container &lt;secondary_outcome&gt; or its subtag was empty. Automatically filled with standard structure '-' to comply with the schema sequence.
IRCT20260408069038N1,Warning: The container &lt;secondary_sponsor&gt; or its subtag was empty. Automatically filled with standard structure '-' to comply with the schema sequence.
IRCT20260401069020N1,Warning: The &lt;study_design&gt; tag exceeded the allowed limit. It will be truncated at 997 characters...
IRCT20260401069020N1,Warning: The container &lt;secondary_outcome&gt; or its subtag was empty. Automatically filled with standard structure '-' to comply with the schema sequence.
IRCT20260401069020N1,Warning: The container &lt;secondary_sponsor&gt; or its subtag was empty. Automatically filled with standard structure '-' to comply with the schema sequence.
IRCT20130313012810N97,Warning: The container &lt;health_condition_code&gt; or its subtag was empty. Automatically filled with standard structure '-' to comply with the schema sequence.
IRCT20130313012810N97,Warning: The container &lt;health_condition_keyword&gt; or its subtag was empty. Automatically filled with standard structure '-' to comply with the schema sequence.
IRCT20130313012810N97,Warning: The container &lt;secondary_outcome&gt; or its subtag was empty. Automatically filled with standard structure '-' to comply with the schema sequence.
IRCT20130313012810N97,Warning: The container &lt;secondary_sponsor&gt; or its subtag was empty. Automatically filled with standard structure '-' to comply with the schema sequence.
IRCT20230522058253N11,Warning: The &lt;i_keyword&gt; tag exceeded the allowed limit. It will be truncated at 497 characters...
IRCT20230522058253N11,Warning: The &lt;i_keyword&gt; tag exceeded the allowed limit. It will be truncated at 497 characters...
IRCT20230522058253N11,Warning: The container &lt;secondary_outcome&gt; or its subtag was empty. Automatically filled with standard structure '-' to comply with the schema sequence.
IRCT20230522058253N11,Warning: The container &lt;secondary_sponsor&gt; or its subtag was empty. Automatically filled with standard structure '-' to comply with the schema sequence.
IRCT20260216068882N1,Warning: The &lt;i_keyword&gt; tag exceeded the allowed limit. It will be truncated at 497 characters...
IRCT20260216068882N1,Warning: The &lt;i_keyword&gt; tag exceeded the allowed limit. It will be truncated at 497 characters...
IRCT20260216068882N1,Warning: The container &lt;secondary_outcome&gt; or its subtag was empty. Automatically filled with standard structure '-' to comply with the schema sequence.
IRCT20260216068882N1,Warning: The container &lt;secondary_sponsor&gt; or its subtag was empty. Automatically filled with standard structure '-' to comply with the schema sequence.
IRCT20260216068882N2,Warning: The &lt;i_keyword&gt; tag exceeded the allowed limit. It will be truncated at 497 characters...
IRCT20260216068882N2,Warning: The &lt;i_keyword&gt; tag exceeded the allowed limit. It will be truncated at 497 characters...
IRCT20260216068882N2,Warning: The container &lt;secondary_outcome&gt; or its subtag was empty. Automatically filled with standard structure '-' to comply with the schema sequence.
IRCT20260216068882N2,Warning: The container &lt;secondary_sponsor&gt; or its subtag was empty. Automatically filled with standard structure '-' to comply with the schema sequence.
IRCT20260224068930N1,Warning: The &lt;results_IPD_description&gt; tag exceeded the allowed limit. It will be truncated at 1997 characters...
IRCT20260224068930N1,Warning: The &lt;study_design&gt; tag exceeded the allowed limit. It will be truncated at 997 characters...
IRCT20260224068930N1,Warning: The &lt;i_keyword&gt; tag exceeded the allowed limit. It will be truncated at 497 characters...
IRCT20260224068930N1,Warning: The container &lt;health_condition_code&gt; or its subtag was empty. Automatically filled with standard structure '-' to comply with the schema sequence.
IRCT20260224068930N1,Warning: The container &lt;health_condition_keyword&gt; or its subtag was empty. Automatically filled with standard structure '-' to comply with the schema sequence.
IRCT20260224068930N1,Warning: The container &lt;secondary_outcome&gt; or its subtag was empty. Automatically filled with standard structure '-' to comply with the schema sequence.
IRCT20260224068930N1,Warning: The container &lt;secondary_sponsor&gt; or its subtag was empty. Automatically filled with standard structure '-' to comply with the schema sequence.
IRCT20191123045478N3,Warning: The &lt;i_keyword&gt; tag exceeded the allowed limit. It will be truncated at 497 characters...
IRCT20191123045478N3,Warning: The &lt;i_keyword&gt; tag exceeded the allowed limit. It will be truncated at 497 characters...
IRCT20191123045478N3,Warning: The container &lt;secondary_sponsor&gt; or its subtag was empty. Automatically filled with standard structure '-' to comply with the schema sequence.
IRCT20260408069035N1,Warning: The &lt;study_design&gt; tag exceeded the allowed limit. It will be truncated at 997 characters...
IRCT20260408069035N1,Warning: The container &lt;secondary_sponsor&gt; or its subtag was empty. Automatically filled with standard structure '-' to comply with the schema sequence.
IRCT20120215009014N602,Warning: The container &lt;secondary_outcome&gt; or its subtag was empty. Automatically filled with standard structure '-' to comply with the schema sequence.
IRCT20120215009014N602,Warning: The container &lt;secondary_sponsor&gt; or its subtag was empty. Automatically filled with standard structure '-' to comply with the schema sequence.
IRCT20120215009014N604,Warning: The &lt;study_design&gt; tag exceeded the allowed limit. It will be truncated at 997 characters...
IRCT20120215009014N604,Warning: The container &lt;secondary_outcome&gt; or its subtag was empty. Automatically filled with standard structure '-' to comply with the schema sequence.
IRCT20120215009014N604,Warning: The container &lt;secondary_sponsor&gt; or its subtag was empty. Automatically filled with standard structure '-' to comply with the schema sequence.
IRCT20130812014333N276,Warning: The container &lt;secondary_outcome&gt; or its subtag was empty. Automatically filled with standard structure '-' to comply with the schema sequence.
IRCT20130812014333N276,Warning: The container &lt;secondary_sponsor&gt; or its subtag was empty. Automatically filled with standard structure '-' to comply with the schema sequence.
IRCT20200914048719N4,Warning: The container &lt;secondary_outcome&gt; or its subtag was empty. Automatically filled with standard structure '-' to comply with the schema sequence.
IRCT20200914048719N4,Warning: The container &lt;secondary_sponsor&gt; or its subtag was empty. Automatically filled with standard structure '-' to comply with the schema sequence.
IRCT20260411069051N1,Warning: The &lt;study_design&gt; tag exceeded the allowed limit. It will be truncated at 997 characters...
IRCT20260411069051N1,Warning: The container &lt;secondary_outcome&gt; or its subtag was empty. Automatically filled with standard structure '-' to comply with the schema sequence.
IRCT20260411069051N1,Warning: The container &lt;secondary_sponsor&gt; or its subtag was empty. Automatically filled with standard structure '-' to comply with the schema sequence.
IRCT20260411069041N1,Warning: The container &lt;secondary_outcome&gt; or its subtag was empty. Automatically filled with standard structure '-' to comply with the schema sequence.
IRCT20260411069041N1,Warning: The container &lt;secondary_sponsor&gt; or its subtag was empty. Automatically filled with standard structure '-' to comply with the schema sequence.
IRCT20240804062647N14,Warning: The &lt;study_design&gt; tag exceeded the allowed limit. It will be truncated at 997 characters...
IRCT20240804062647N14,Warning: The container &lt;health_condition_code&gt; or its subtag was empty. Automatically filled with standard structure '-' to comply with the schema sequence.
IRCT20240804062647N14,Warning: The container &lt;health_condition_keyword&gt; or its subtag was empty. Automatically filled with standard structure '-' to comply with the schema sequence.
IRCT20240804062647N14,Warning: The container &lt;secondary_sponsor&gt; or its subtag was empty. Automatically filled with standard structure '-' to comply with the schema sequence.
IRCT20240804062647N23,Warning: The &lt;study_design&gt; tag exceeded the allowed limit. It will be truncated at 997 characters...
IRCT20240804062647N23,Warning: The container &lt;health_condition_code&gt; or its subtag was empty. Automatically filled with standard structure '-' to comply with the schema sequence.
IRCT20240804062647N23,Warning: The container &lt;health_condition_keyword&gt; or its subtag was empty. Automatically filled with standard structure '-' to comply with the schema sequence.
IRCT20240804062647N23,Warning: The container &lt;secondary_sponsor&gt; or its subtag was empty. Automatically filled with standard structure '-' to comply with the schema sequence.
IRCT20260215068870N1,Warning: The &lt;results_IPD_description&gt; tag exceeded the allowed limit. It will be truncated at 1997 characters...
IRCT20260215068870N1,Warning: The &lt;study_design&gt; tag exceeded the allowed limit. It will be truncated at 997 characters...
IRCT20260215068870N1,Warning: The container &lt;secondary_outcome&gt; or its subtag was empty. Automatically filled with standard structure '-' to comply with the schema sequence.
IRCT20260215068870N1,Warning: The container &lt;secondary_sponsor&gt; or its subtag was empty. Automatically filled with standard structure '-' to comply with the schema sequence.
IRCT20260412069055N1,Warning: The &lt;study_design&gt; tag exceeded the allowed limit. It will be truncated at 997 characters...
IRCT20260412069055N1,Warning: The &lt;i_keyword&gt; tag exceeded the allowed limit. It will be truncated at 497 characters...
IRCT20260412069055N1,Warning: The &lt;i_keyword&gt; tag exceeded the allowed limit. It will be truncated at 497 characters...
IRCT20260412069055N1,Warning: The container &lt;secondary_outcome&gt; or its subtag was empty. Automatically filled with standard structure '-' to comply with the schema sequence.
IRCT20260412069055N1,Warning: The container &lt;secondary_sponsor&gt; or its subtag was empty. Automatically filled with standard structure '-' to comply with the schema sequence.
IRCT20260309068977N2,Warning: The container &lt;secondary_sponsor&gt; or its subtag was empty. Automatically filled with standard structure '-' to comply with the schema sequence.
IRCT20220211053992N62,Warning: The container &lt;health_condition_code&gt; or its subtag was empty. Automatically filled with standard structure '-' to comply with the schema sequence.
IRCT20220211053992N62,Warning: The container &lt;health_condition_keyword&gt; or its subtag was empty. Automatically filled with standard structure '-' to comply with the schema sequence.
IRCT20220211053992N62,Warning: The container &lt;secondary_outcome&gt; or its subtag was empty. Automatically filled with standard structure '-' to comply with the schema sequence.
IRCT20220211053992N62,Warning: The container &lt;secondary_sponsor&gt; or its subtag was empty. Automatically filled with standard structure '-' to comply with the schema sequence.
IRCT20220211053992N60,Warning: The container &lt;health_condition_code&gt; or its subtag was empty. Automatically filled with standard structure '-' to comply with the schema sequence.
IRCT20220211053992N60,Warning: The container &lt;health_condition_keyword&gt; or its subtag was empty. Automatically filled with standard structure '-' to comply with the schema sequence.
IRCT20220211053992N60,Warning: The container &lt;secondary_outcome&gt; or its subtag was empty. Automatically filled with standard structure '-' to comply with the schema sequence.
IRCT20220211053992N60,Warning: The container &lt;secondary_sponsor&gt; or its subtag was empty. Automatically filled with standard structure '-' to comply with the schema sequence.
IRCT20220211053992N61,Warning: The container &lt;health_condition_code&gt; or its subtag was empty. Automatically filled with standard structure '-' to comply with the schema sequence.
IRCT20220211053992N61,Warning: The container &lt;health_condition_keyword&gt; or its subtag was empty. Automatically filled with standard structure '-' to comply with the schema sequence.
IRCT20220211053992N61,Warning: The container &lt;secondary_outcome&gt; or its subtag was empty. Automatically filled with standard structure '-' to comply with the schema sequence.
IRCT20220211053992N61,Warning: The container &lt;secondary_sponsor&gt; or its subtag was empty. Automatically filled with standard structure '-' to comply with the schema sequence.
IRCT20260412069053N1,Warning: The &lt;study_design&gt; tag exceeded the allowed limit. It will be truncated at 997 characters...
IRCT20260412069053N1,Warning: The &lt;i_keyword&gt; tag exceeded the allowed limit. It will be truncated at 497 characters...
IRCT20260412069053N1,Warning: The &lt;i_keyword&gt; tag exceeded the allowed limit. It will be truncated at 497 characters...
IRCT20260412069053N1,Warning: The container &lt;secondary_outcome&gt; or its subtag was empty. Automatically filled with standard structure '-' to comply with the schema sequence.
IRCT20260412069053N1,Warning: The container &lt;secondary_sponsor&gt; or its subtag was empty. Automatically filled with standard structure '-' to comply with the schema sequence.
IRCT20210519051345N99,Warning: The container &lt;health_condition_code&gt; or its subtag was empty. Automatically filled with standard structure '-' to comply with the schema sequence.
IRCT20210519051345N99,Warning: The container &lt;health_condition_keyword&gt; or its subtag was empty. Automatically filled with standard structure '-' to comply with the schema sequence.
IRCT20210519051345N99,Warning: The container &lt;secondary_outcome&gt; or its subtag was empty. Automatically filled with standard structure '-' to comply with the schema sequence.
IRCT20210519051345N99,Warning: The container &lt;secondary_sponsor&gt; or its subtag was empty. Automatically filled with standard structure '-' to comply with the schema sequence.
IRCT20260413069066N1,Warning: The &lt;study_design&gt; tag exceeded the allowed limit. It will be truncated at 997 characters...
IRCT20260413069066N1,Warning: The container &lt;secondary_sponsor&gt; or its subtag was empty. Automatically filled with standard structure '-' to comply with the schema sequence.
IRCT20260413069065N1,Warning: The &lt;study_design&gt; tag exceeded the allowed limit. It will be truncated at 997 characters...
IRCT20260413069065N1,Warning: The &lt;i_keyword&gt; tag exceeded the allowed limit. It will be truncated at 497 characters...
IRCT20260413069065N1,Warning: The &lt;i_keyword&gt; tag exceeded the allowed limit. It will be truncated at 497 characters...
IRCT20260413069065N1,Warning: The container &lt;secondary_outcome&gt; or its subtag was empty. Automatically filled with standard structure '-' to comply with the schema sequence.
IRCT20260413069065N1,Warning: The container &lt;secondary_sponsor&gt; or its subtag was empty. Automatically filled with standard structure '-' to comply with the schema sequence.
IRCT20250902067084N2,Warning: The &lt;study_design&gt; tag exceeded the allowed limit. It will be truncated at 997 characters...
IRCT20250902067084N2,Warning: The &lt;i_keyword&gt; tag exceeded the allowed limit. It will be truncated at 497 characters...
IRCT20250902067084N2,Warning: The container &lt;secondary_sponsor&gt; or its subtag was empty. Automatically filled with standard structure '-' to comply with the schema sequence.
IRCT20260413069067N1,Warning: The &lt;i_freetext&gt; tag exceeded the allowed limit. It will be truncated at 2997 characters...
IRCT20260413069067N1,Warning: The &lt;study_design&gt; tag exceeded the allowed limit. It will be truncated at 997 characters...
IRCT20260413069067N1,Warning: The &lt;i_keyword&gt; tag exceeded the allowed limit. It will be truncated at 497 characters...
IRCT20260413069067N1,Warning: The &lt;i_keyword&gt; tag exceeded the allowed limit. It will be truncated at 497 characters...
IRCT20260413069067N1,Warning: The container &lt;health_condition_code&gt; or its subtag was empty. Automatically filled with standard structure '-' to comply with the schema sequence.
IRCT20260413069067N1,Warning: The container &lt;health_condition_keyword&gt; or its subtag was empty. Automatically filled with standard structure '-' to comply with the schema sequence.
IRCT20260413069067N1,Warning: The container &lt;secondary_outcome&gt; or its subtag was empty. Automatically filled with standard structure '-' to comply with the schema sequence.
IRCT20260413069067N1,Warning: The container &lt;secondary_sponsor&gt; or its subtag was empty. Automatically filled with standard structure '-' to comply with the schema sequence.
IRCT20260411069042N1,Warning: The &lt;i_keyword&gt; tag exceeded the allowed limit. It will be truncated at 497 characters...
IRCT20260411069042N1,Warning: The &lt;i_keyword&gt; tag exceeded the allowed limit. It will be truncated at 497 characters...
IRCT20260411069042N1,Warning: The container &lt;secondary_sponsor&gt; or its subtag was empty. Automatically filled with standard structure '-' to comply with the schema sequence.
IRCT20210519051345N101,Warning: The container &lt;health_condition_code&gt; or its subtag was empty. Automatically filled with standard structure '-' to comply with the schema sequence.
IRCT20210519051345N101,Warning: The container &lt;health_condition_keyword&gt; or its subtag was empty. Automatically filled with standard structure '-' to comply with the schema sequence.
IRCT20210519051345N101,Warning: The container &lt;secondary_outcome&gt; or its subtag was empty. Automatically filled with standard structure '-' to comply with the schema sequence.
IRCT20210519051345N101,Warning: The container &lt;secondary_sponsor&gt; or its subtag was empty. Automatically filled with standard structure '-' to comply with the schema sequence.
IRCT20240804062647N16,Warning: The &lt;study_design&gt; tag exceeded the allowed limit. It will be truncated at 997 characters...
IRCT20240804062647N16,Warning: The container &lt;health_condition_code&gt; or its subtag was empty. Automatically filled with standard structure '-' to comply with the schema sequence.
IRCT20240804062647N16,Warning: The container &lt;health_condition_keyword&gt; or its subtag was empty. Automatically filled with standard structure '-' to comply with the schema sequence.
IRCT20240804062647N16,Warning: The container &lt;secondary_sponsor&gt; or its subtag was empty. Automatically filled with standard structure '-' to comply with the schema sequence.
IRCT20210519051345N97,Warning: The container &lt;health_condition_code&gt; or its subtag was empty. Automatically filled with standard structure '-' to comply with the schema sequence.
IRCT20210519051345N97,Warning: The container &lt;health_condition_keyword&gt; or its subtag was empty. Automatically filled with standard structure '-' to comply with the schema sequence.
IRCT20210519051345N97,Warning: The container &lt;secondary_outcome&gt; or its subtag was empty. Automatically filled with standard structure '-' to comply with the schema sequence.
IRCT20210519051345N97,Warning: The container &lt;secondary_sponsor&gt; or its subtag was empty. Automatically filled with standard structure '-' to comply with the schema sequence.
IRCT20210519051345N98,Warning: The container &lt;health_condition_code&gt; or its subtag was empty. Automatically filled with standard structure '-' to comply with the schema sequence.
IRCT20210519051345N98,Warning: The container &lt;health_condition_keyword&gt; or its subtag was empty. Automatically filled with standard structure '-' to comply with the schema sequence.
IRCT20210519051345N98,Warning: The container &lt;secondary_outcome&gt; or its subtag was empty. Automatically filled with standard structure '-' to comply with the schema sequence.
IRCT20210519051345N98,Warning: The container &lt;secondary_sponsor&gt; or its subtag was empty. Automatically filled with standard structure '-' to comply with the schema sequence.
IRCT20220211053992N63,Warning: The container &lt;health_condition_code&gt; or its subtag was empty. Automatically filled with standard structure '-' to comply with the schema sequence.
IRCT20220211053992N63,Warning: The container &lt;health_condition_keyword&gt; or its subtag was empty. Automatically filled with standard structure '-' to comply with the schema sequence.
IRCT20220211053992N63,Warning: The container &lt;secondary_outcome&gt; or its subtag was empty. Automatically filled with standard structure '-' to comply with the schema sequence.
IRCT20220211053992N63,Warning: The container &lt;secondary_sponsor&gt; or its subtag was empty. Automatically filled with standard structure '-' to comply with the schema sequence.
IRCT20220211053992N64,Warning: The &lt;i_keyword&gt; tag exceeded the allowed limit. It will be truncated at 497 characters...
IRCT20220211053992N64,Warning: The &lt;i_keyword&gt; tag exceeded the allowed limit. It will be truncated at 497 characters...
IRCT20220211053992N64,Warning: The container &lt;health_condition_code&gt; or its subtag was empty. Automatically filled with standard structure '-' to comply with the schema sequence.
IRCT20220211053992N64,Warning: The container &lt;health_condition_keyword&gt; or its subtag was empty. Automatically filled with standard structure '-' to comply with the schema sequence.
IRCT20220211053992N64,Warning: The container &lt;secondary_outcome&gt; or its subtag was empty. Automatically filled with standard structure '-' to comply with the schema sequence.
IRCT20220211053992N64,Warning: The container &lt;secondary_sponsor&gt; or its subtag was empty. Automatically filled with standard structure '-' to comply with the schema sequence.
IRCT20251228068471N1,Warning: The &lt;i_keyword&gt; tag exceeded the allowed limit. It will be truncated at 497 characters...
IRCT20251228068471N1,Warning: The &lt;i_keyword&gt; tag exceeded the allowed limit. It will be truncated at 497 characters...
IRCT20251228068471N1,Warning: The container &lt;secondary_outcome&gt; or its subtag was empty. Automatically filled with standard structure '-' to comply with the schema sequence.
IRCT20251228068471N1,Warning: The container &lt;secondary_sponsor&gt; or its subtag was empty. Automatically filled with standard structure '-' to comply with the schema sequence.
IRCT20260412069058N1,Warning: The &lt;study_design&gt; tag exceeded the allowed limit. It will be truncated at 997 characters...
IRCT20260412069058N1,Warning: The container &lt;secondary_sponsor&gt; or its subtag was empty. Automatically filled with standard structure '-' to comply with the schema sequence.
IRCT20240514061800N11,Warning: The container &lt;secondary_outcome&gt; or its subtag was empty. Automatically filled with standard structure '-' to comply with the schema sequence.
IRCT20240514061800N11,Warning: The container &lt;secondary_sponsor&gt; or its subtag was empty. Automatically filled with standard structure '-' to comply with the schema sequence.
IRCT20260411069044N1,Warning: The &lt;study_design&gt; tag exceeded the allowed limit. It will be truncated at 997 characters...
IRCT20260411069044N1,Warning: The &lt;i_keyword&gt; tag exceeded the allowed limit. It will be truncated at 497 characters...
IRCT20260411069044N1,Warning: The container &lt;secondary_sponsor&gt; or its subtag was empty. Automatically filled with standard structure '-' to comply with the schema sequence.
IRCT20260412069054N1,Warning: The &lt;study_design&gt; tag exceeded the allowed limit. It will be truncated at 997 characters...
IRCT20260412069054N1,Warning: The container &lt;secondary_sponsor&gt; or its subtag was empty. Automatically filled with standard structure '-' to comply with the schema sequence.
IRCT20260201068716N1,Warning: The &lt;i_keyword&gt; tag exceeded the allowed limit. It will be truncated at 497 characters...
IRCT20260201068716N1,Warning: The container &lt;secondary_outcome&gt; or its subtag was empty. Automatically filled with standard structure '-' to comply with the schema sequence.
IRCT20260201068716N1,Warning: The container &lt;secondary_sponsor&gt; or its subtag was empty. Automatically filled with standard structure '-' to comply with the schema sequence.
IRCT20190624043991N38,Warning: The &lt;study_design&gt; tag exceeded the allowed limit. It will be truncated at 997 characters...
IRCT20190624043991N38,Warning: The container &lt;secondary_sponsor&gt; or its subtag was empty. Automatically filled with standard structure '-' to comply with the schema sequence.
IRCT20250630066302N2,Warning: The &lt;study_design&gt; tag exceeded the allowed limit. It will be truncated at 997 characters...
IRCT20250630066302N2,Warning: The container &lt;secondary_outcome&gt; or its subtag was empty. Automatically filled with standard structure '-' to comply with the schema sequence.
IRCT20250630066302N2,Warning: The container &lt;secondary_sponsor&gt; or its subtag was empty. Automatically filled with standard structure '-' to comply with the schema sequence.
IRCT20221115056507N1,Warning: The container &lt;health_condition_code&gt; or its subtag was empty. Automatically filled with standard structure '-' to comply with the schema sequence.
IRCT20221115056507N1,Warning: The container &lt;health_condition_keyword&gt; or its subtag was empty. Automatically filled with standard structure '-' to comply with the schema sequence.
IRCT20221115056507N1,Warning: The container &lt;secondary_outcome&gt; or its subtag was empty. Automatically filled with standard structure '-' to comply with the schema sequence.
IRCT20221115056507N1,Warning: The container &lt;secondary_sponsor&gt; or its subtag was empty. Automatically filled with standard structure '-' to comply with the schema sequence.
IRCT20210519051345N102,Warning: The &lt;i_keyword&gt; tag exceeded the allowed limit. It will be truncated at 497 characters...
IRCT20210519051345N102,Warning: The &lt;i_keyword&gt; tag exceeded the allowed limit. It will be truncated at 497 characters...
IRCT20210519051345N102,Warning: The container &lt;health_condition_code&gt; or its subtag was empty. Automatically filled with standard structure '-' to comply with the schema sequence.
IRCT20210519051345N102,Warning: The container &lt;health_condition_keyword&gt; or its subtag was empty. Automatically filled with standard structure '-' to comply with the schema sequence.
IRCT20210519051345N102,Warning: The container &lt;secondary_outcome&gt; or its subtag was empty. Automatically filled with standard structure '-' to comply with the schema sequence.
IRCT20210519051345N102,Warning: The container &lt;secondary_sponsor&gt; or its subtag was empty. Automatically filled with standard structure '-' to comply with the schema sequence.
IRCT20210519051345N100,Warning: The container &lt;health_condition_code&gt; or its subtag was empty. Automatically filled with standard structure '-' to comply with the schema sequence.
IRCT20210519051345N100,Warning: The container &lt;health_condition_keyword&gt; or its subtag was empty. Automatically filled with standard structure '-' to comply with the schema sequence.
IRCT20210519051345N100,Warning: The container &lt;secondary_outcome&gt; or its subtag was empty. Automatically filled with standard structure '-' to comply with the schema sequence.
IRCT20210519051345N100,Warning: The container &lt;secondary_sponsor&gt; or its subtag was empty. Automatically filled with standard structure '-' to comply with the schema sequence.
IRCT20260224068941N1,Warning: The &lt;i_freetext&gt; tag exceeded the allowed limit. It will be truncated at 2997 characters...
IRCT20260224068941N1,Warning: The &lt;study_design&gt; tag exceeded the allowed limit. It will be truncated at 997 characters...
IRCT20260224068941N1,Warning: The &lt;i_keyword&gt; tag exceeded the allowed limit. It will be truncated at 497 characters...
IRCT20260224068941N1,Warning: The &lt;i_keyword&gt; tag exceeded the allowed limit. It will be truncated at 497 characters...
IRCT20260224068941N1,Warning: The container &lt;health_condition_code&gt; or its subtag was empty. Automatically filled with standard structure '-' to comply with the schema sequence.
IRCT20260224068941N1,Warning: The container &lt;health_condition_keyword&gt; or its subtag was empty. Automatically filled with standard structure '-' to comply with the schema sequence.
IRCT20260224068941N1,Warning: The container &lt;secondary_outcome&gt; or its subtag was empty. Automatically filled with standard structure '-' to comply with the schema sequence.
IRCT20260224068941N1,Warning: The container &lt;secondary_sponsor&gt; or its subtag was empty. Automatically filled with standard structure '-' to comply with the schema sequence.
IRCT20260414069075N1,Warning: The container &lt;secondary_outcome&gt; or its subtag was empty. Automatically filled with standard structure '-' to comply with the schema sequence.
IRCT20260414069075N1,Warning: The container &lt;secondary_sponsor&gt; or its subtag was empty. Automatically filled with standard structure '-' to comply with the schema sequence.
IRCT20260227068964N1,Warning: The &lt;study_design&gt; tag exceeded the allowed limit. It will be truncated at 997 characters...
IRCT20260227068964N1,Warning: The container &lt;secondary_sponsor&gt; or its subtag was empty. Automatically filled with standard structure '-' to comply with the schema sequence.
IRCT20211121053132N5,Warning: The &lt;results_IPD_description&gt; tag exceeded the allowed limit. It will be truncated at 1997 characters...
IRCT20211121053132N5,Warning: The &lt;study_design&gt; tag exceeded the allowed limit. It will be truncated at 997 characters...
IRCT20211121053132N5,Warning: The &lt;i_keyword&gt; tag exceeded the allowed limit. It will be truncated at 497 characters...
IRCT20211121053132N5,Warning: The &lt;i_keyword&gt; tag exceeded the allowed limit. It will be truncated at 497 characters...
IRCT20211121053132N5,Warning: The container &lt;secondary_outcome&gt; or its subtag was empty. Automatically filled with standard structure '-' to comply with the schema sequence.
IRCT20211121053132N5,Warning: The container &lt;secondary_sponsor&gt; or its subtag was empty. Automatically filled with standard structure '-' to comply with the schema sequence.
IRCT20211011052726N7,Warning: The &lt;study_design&gt; tag exceeded the allowed limit. It will be truncated at 997 characters...
IRCT20211011052726N7,Warning: The container &lt;secondary_outcome&gt; or its subtag was empty. Automatically filled with standard structure '-' to comply with the schema sequence.
IRCT20211011052726N7,Warning: The container &lt;secondary_sponsor&gt; or its subtag was empty. Automatically filled with standard structure '-' to comply with the schema sequence.
IRCT20260217068897N1,Warning: The container &lt;secondary_sponsor&gt; or its subtag was empty. Automatically filled with standard structure '-' to comply with the schema sequence.
IRCT20260411069050N1,Warning: The &lt;results_IPD_description&gt; tag exceeded the allowed limit. It will be truncated at 1997 characters...
IRCT20260411069050N1,Warning: The &lt;study_design&gt; tag exceeded the allowed limit. It will be truncated at 997 characters...
IRCT20260411069050N1,Warning: The container &lt;secondary_sponsor&gt; or its subtag was empty. Automatically filled with standard structure '-' to comply with the schema sequence.
IRCT20251112067965N1,Warning: The &lt;study_design&gt; tag exceeded the allowed limit. It will be truncated at 997 characters...
IRCT20251112067965N1,Warning: The &lt;i_keyword&gt; tag exceeded the allowed limit. It will be truncated at 497 characters...
IRCT20251112067965N1,Warning: The container &lt;secondary_sponsor&gt; or its subtag was empty. Automatically filled with standard structure '-' to comply with the schema sequence.
IRCT20240610062071N1,Warning: The &lt;study_design&gt; tag exceeded the allowed limit. It will be truncated at 997 characters...
IRCT20240610062071N1,Warning: The container &lt;secondary_sponsor&gt; or its subtag was empty. Automatically filled with standard structure '-' to comply with the schema sequence.
IRCT20160523028008N38,Warning: The &lt;study_design&gt; tag exceeded the allowed limit. It will be truncated at 997 characters...
IRCT20160523028008N38,Warning: The &lt;i_keyword&gt; tag exceeded the allowed limit. It will be truncated at 497 characters...
IRCT20160523028008N38,Warning: The container &lt;secondary_sponsor&gt; or its subtag was empty. Automatically filled with standard structure '-' to comply with the schema sequence.
IRCT20260418069091N1,Warning: The &lt;i_freetext&gt; tag exceeded the allowed limit. It will be truncated at 2997 characters...
IRCT20260418069091N1,Warning: The &lt;study_design&gt; tag exceeded the allowed limit. It will be truncated at 997 characters...
IRCT20260418069091N1,Warning: The &lt;i_keyword&gt; tag exceeded the allowed limit. It will be truncated at 497 characters...
IRCT20260418069091N1,Warning: The &lt;i_keyword&gt; tag exceeded the allowed limit. It will be truncated at 497 characters...
IRCT20260418069091N1,Warning: The &lt;i_keyword&gt; tag exceeded the allowed limit. It will be truncated at 497 characters...
IRCT20260418069091N1,Warning: The container &lt;secondary_sponsor&gt; or its subtag was empty. Automatically filled with standard structure '-' to comply with the schema sequence.
IRCT20150411021686N5,Warning: The &lt;study_design&gt; tag exceeded the allowed limit. It will be truncated at 997 characters...
IRCT20150411021686N5,Warning: The &lt;i_keyword&gt; tag exceeded the allowed limit. It will be truncated at 497 characters...
IRCT20150411021686N5,Warning: The container &lt;secondary_sponsor&gt; or its subtag was empty. Automatically filled with standard structure '-' to comply with the schema sequence.
IRCT20260218068909N1,Warning: The &lt;study_design&gt; tag exceeded the allowed limit. It will be truncated at 997 characters...
IRCT20260218068909N1,Warning: The &lt;i_keyword&gt; tag exceeded the allowed limit. It will be truncated at 497 characters...
IRCT20260218068909N1,Warning: The &lt;i_keyword&gt; tag exceeded the allowed limit. It will be truncated at 497 characters...
IRCT20260218068909N1,Warning: The container &lt;health_condition_code&gt; or its subtag was empty. Automatically filled with standard structure '-' to comply with the schema sequence.
IRCT20260218068909N1,Warning: The container &lt;health_condition_keyword&gt; or its subtag was empty. Automatically filled with standard structure '-' to comply with the schema sequence.
IRCT20260218068909N1,Warning: The container &lt;secondary_sponsor&gt; or its subtag was empty. Automatically filled with standard structure '-' to comply with the schema sequence.
IRCT20230111057111N2,Warning: The container &lt;health_condition_code&gt; or its subtag was empty. Automatically filled with standard structure '-' to comply with the schema sequence.
IRCT20230111057111N2,Warning: The container &lt;health_condition_keyword&gt; or its subtag was empty. Automatically filled with standard structure '-' to comply with the schema sequence.
IRCT20230111057111N2,Warning: The container &lt;secondary_outcome&gt; or its subtag was empty. Automatically filled with standard structure '-' to comply with the schema sequence.
IRCT20230111057111N2,Warning: The container &lt;secondary_sponsor&gt; or its subtag was empty. Automatically filled with standard structure '-' to comply with the schema sequence.
IRCT20240220061059N8,Warning: The &lt;results_IPD_description&gt; tag exceeded the allowed limit. It will be truncated at 1997 characters...
IRCT20240220061059N8,Warning: The &lt;study_design&gt; tag exceeded the allowed limit. It will be truncated at 997 characters...
IRCT20240220061059N8,Warning: The container &lt;secondary_outcome&gt; or its subtag was empty. Automatically filled with standard structure '-' to comply with the schema sequence.
IRCT20240220061059N8,Warning: The container &lt;secondary_sponsor&gt; or its subtag was empty. Automatically filled with standard structure '-' to comply with the schema sequence.
IRCT20260417069084N1,Warning: The &lt;study_design&gt; tag exceeded the allowed limit. It will be truncated at 997 characters...
IRCT20260417069084N1,Warning: The container &lt;health_condition_code&gt; or its subtag was empty. Automatically filled with standard structure '-' to comply with the schema sequence.
IRCT20260417069084N1,Warning: The container &lt;health_condition_keyword&gt; or its subtag was empty. Automatically filled with standard structure '-' to comply with the schema sequence.
IRCT20260417069084N1,Warning: The container &lt;secondary_outcome&gt; or its subtag was empty. Automatically filled with standard structure '-' to comply with the schema sequence.
IRCT20260417069084N1,Warning: The container &lt;secondary_sponsor&gt; or its subtag was empty. Automatically filled with standard structure '-' to comply with the schema sequence.
IRCT20180719040526N3,Warning: The &lt;study_design&gt; tag exceeded the allowed limit. It will be truncated at 997 characters...
IRCT20180719040526N3,Warning: The container &lt;secondary_sponsor&gt; or its subtag was empty. Automatically filled with standard structure '-' to comply with the schema sequence.
IRCT20260419069096N1,Warning: The container &lt;secondary_sponsor&gt; or its subtag was empty. Automatically filled with standard structure '-' to comply with the schema sequence.
IRCT20260224068938N1,Warning: The &lt;i_freetext&gt; tag exceeded the allowed limit. It will be truncated at 2997 characters...
IRCT20260224068938N1,Warning: The &lt;study_design&gt; tag exceeded the allowed limit. It will be truncated at 997 characters...
IRCT20260224068938N1,Warning: The &lt;i_keyword&gt; tag exceeded the allowed limit. It will be truncated at 497 characters...
IRCT20260224068938N1,Warning: The &lt;i_keyword&gt; tag exceeded the allowed limit. It will be truncated at 497 characters...
IRCT20260224068938N1,Warning: The container &lt;secondary_sponsor&gt; or its subtag was empty. Automatically filled with standard structure '-' to comply with the schema sequence.
IRCT20200521047534N4,Warning: The &lt;study_design&gt; tag exceeded the allowed limit. It will be truncated at 997 characters...
IRCT20200521047534N4,Warning: The &lt;i_keyword&gt; tag exceeded the allowed limit. It will be truncated at 497 characters...
IRCT20200521047534N4,Warning: The &lt;i_keyword&gt; tag exceeded the allowed limit. It will be truncated at 497 characters...
IRCT20200521047534N4,Warning: The container &lt;health_condition_code&gt; or its subtag was empty. Automatically filled with standard structure '-' to comply with the schema sequence.
IRCT20200521047534N4,Warning: The container &lt;health_condition_keyword&gt; or its subtag was empty. Automatically filled with standard structure '-' to comply with the schema sequence.
IRCT20200521047534N4,Warning: The container &lt;secondary_outcome&gt; or its subtag was empty. Automatically filled with standard structure '-' to comply with the schema sequence.
IRCT20200521047534N4,Warning: The container &lt;secondary_sponsor&gt; or its subtag was empty. Automatically filled with standard structure '-' to comply with the schema sequence.
IRCT20260418069092N1,Warning: The &lt;study_design&gt; tag exceeded the allowed limit. It will be truncated at 997 characters...
IRCT20260418069092N1,Warning: The &lt;i_keyword&gt; tag exceeded the allowed limit. It will be truncated at 497 characters...
IRCT20260418069092N1,Warning: The &lt;i_keyword&gt; tag exceeded the allowed limit. It will be truncated at 497 characters...
IRCT20260418069092N1,Warning: The container &lt;secondary_outcome&gt; or its subtag was empty. Automatically filled with standard structure '-' to comply with the schema sequence.
IRCT20260418069092N1,Warning: The container &lt;secondary_sponsor&gt; or its subtag was empty. Automatically filled with standard structure '-' to comply with the schema sequence.
IRCT20260418069090N1,Warning: The container &lt;secondary_outcome&gt; or its subtag was empty. Automatically filled with standard structure '-' to comply with the schema sequence.
IRCT20260418069090N1,Warning: The container &lt;secondary_sponsor&gt; or its subtag was empty. Automatically filled with standard structure '-' to comply with the schema sequence.
IRCT20240513061773N1,Warning: The container &lt;secondary_outcome&gt; or its subtag was empty. Automatically filled with standard structure '-' to comply with the schema sequence.
IRCT20240513061773N1,Warning: The container &lt;secondary_sponsor&gt; or its subtag was empty. Automatically filled with standard structure '-' to comply with the schema sequence.
IRCT20250421065430N4,Warning: The &lt;i_keyword&gt; tag exceeded the allowed limit. It will be truncated at 497 characters...
IRCT20250421065430N4,Warning: The container &lt;health_condition_code&gt; or its subtag was empty. Automatically filled with standard structure '-' to comply with the schema sequence.
IRCT20250421065430N4,Warning: The container &lt;health_condition_keyword&gt; or its subtag was empty. Automatically filled with standard structure '-' to comply with the schema sequence.
IRCT20250421065430N4,Warning: The container &lt;secondary_outcome&gt; or its subtag was empty. Automatically filled with standard structure '-' to comply with the schema sequence.
IRCT20250421065430N4,Warning: The container &lt;secondary_sponsor&gt; or its subtag was empty. Automatically filled with standard structure '-' to comply with the schema sequence.
IRCT20120215009014N605,Warning: The &lt;study_design&gt; tag exceeded the allowed limit. It will be truncated at 997 characters...
IRCT20120215009014N605,Warning: The container &lt;secondary_sponsor&gt; or its subtag was empty. Automatically filled with standard structure '-' to comply with the schema sequence.
IRCT20260419069099N1,Warning: The &lt;study_design&gt; tag exceeded the allowed limit. It will be truncated at 997 characters...
IRCT20260419069099N1,Warning: The &lt;i_keyword&gt; tag exceeded the allowed limit. It will be truncated at 497 characters...
IRCT20260419069099N1,Warning: The container &lt;health_condition_code&gt; or its subtag was empty. Automatically filled with standard structure '-' to comply with the schema sequence.
IRCT20260419069099N1,Warning: The container &lt;health_condition_keyword&gt; or its subtag was empty. Automatically filled with standard structure '-' to comply with the schema sequence.
IRCT20260419069099N1,Warning: The container &lt;secondary_outcome&gt; or its subtag was empty. Automatically filled with standard structure '-' to comply with the schema sequence.
IRCT20260419069099N1,Warning: The container &lt;secondary_sponsor&gt; or its subtag was empty. Automatically filled with standard structure '-' to comply with the schema sequence.
IRCT20260419069103N1,Warning: The container &lt;secondary_outcome&gt; or its subtag was empty. Automatically filled with standard structure '-' to comply with the schema sequence.
IRCT20260419069103N1,Warning: The container &lt;secondary_sponsor&gt; or its subtag was empty. Automatically filled with standard structure '-' to comply with the schema sequence.
IRCT20260313068984N1,Warning: The &lt;study_design&gt; tag exceeded the allowed limit. It will be truncated at 997 characters...
IRCT20260313068984N1,Warning: The container &lt;health_condition_code&gt; or its subtag was empty. Automatically filled with standard structure '-' to comply with the schema sequence.
IRCT20260313068984N1,Warning: The container &lt;health_condition_keyword&gt; or its subtag was empty. Automatically filled with standard structure '-' to comply with the schema sequence.
IRCT20260313068984N1,Warning: The container &lt;secondary_sponsor&gt; or its subtag was empty. Automatically filled with standard structure '-' to comply with the schema sequence.
IRCT20160307026950N79,Warning: The container &lt;health_condition_code&gt; or its subtag was empty. Automatically filled with standard structure '-' to comply with the schema sequence.
IRCT20160307026950N79,Warning: The container &lt;health_condition_keyword&gt; or its subtag was empty. Automatically filled with standard structure '-' to comply with the schema sequence.
IRCT20160307026950N79,Warning: The container &lt;secondary_outcome&gt; or its subtag was empty. Automatically filled with standard structure '-' to comply with the schema sequence.
IRCT20160307026950N79,Warning: The container &lt;secondary_sponsor&gt; or its subtag was empty. Automatically filled with standard structure '-' to comply with the schema sequence.
IRCT20260419069107N1,Warning: The &lt;study_design&gt; tag exceeded the allowed limit. It will be truncated at 997 characters...
IRCT20260419069107N1,Warning: The &lt;i_keyword&gt; tag exceeded the allowed limit. It will be truncated at 497 characters...
IRCT20260419069107N1,Warning: The container &lt;health_condition_code&gt; or its subtag was empty. Automatically filled with standard structure '-' to comply with the schema sequence.
IRCT20260419069107N1,Warning: The container &lt;health_condition_keyword&gt; or its subtag was empty. Automatically filled with standard structure '-' to comply with the schema sequence.
IRCT20260419069107N1,Warning: The container &lt;secondary_outcome&gt; or its subtag was empty. Automatically filled with standard structure '-' to comply with the schema sequence.
IRCT20260419069107N1,Warning: The container &lt;secondary_sponsor&gt; or its subtag was empty. Automatically filled with standard structure '-' to comply with the schema sequence.
IRCT20260411069047N1,Warning: The &lt;i_keyword&gt; tag exceeded the allowed limit. It will be truncated at 497 characters...
IRCT20260411069047N1,Warning: The container &lt;secondary_outcome&gt; or its subtag was empty. Automatically filled with standard structure '-' to comply with the schema sequence.
IRCT20260411069047N1,Warning: The container &lt;secondary_sponsor&gt; or its subtag was empty. Automatically filled with standard structure '-' to comply with the schema sequence.
IRCT20100127003210N33,Warning: The &lt;study_design&gt; tag exceeded the allowed limit. It will be truncated at 997 characters...
IRCT20100127003210N33,Warning: The container &lt;secondary_sponsor&gt; or its subtag was empty. Automatically filled with standard structure '-' to comply with the schema sequence.
IRCT20250726066642N3,Warning: The &lt;i_freetext&gt; tag exceeded the allowed limit. It will be truncated at 2997 characters...
IRCT20250726066642N3,Warning: The &lt;i_keyword&gt; tag exceeded the allowed limit. It will be truncated at 497 characters...
IRCT20250726066642N3,Warning: The &lt;i_keyword&gt; tag exceeded the allowed limit. It will be truncated at 497 characters...
IRCT20250726066642N3,Warning: The &lt;i_keyword&gt; tag exceeded the allowed limit. It will be truncated at 497 characters...
IRCT20250726066642N3,Warning: The container &lt;health_condition_code&gt; or its subtag was empty. Automatically filled with standard structure '-' to comply with the schema sequence.
IRCT20250726066642N3,Warning: The container &lt;health_condition_keyword&gt; or its subtag was empty. Automatically filled with standard structure '-' to comply with the schema sequence.
IRCT20250726066642N3,Warning: The container &lt;secondary_outcome&gt; or its subtag was empty. Automatically filled with standard structure '-' to comply with the schema sequence.
IRCT20250726066642N3,Warning: The container &lt;secondary_sponsor&gt; or its subtag was empty. Automatically filled with standard structure '-' to comply with the schema sequence.
IRCT20221101056357N2,Warning: The &lt;study_design&gt; tag exceeded the allowed limit. It will be truncated at 997 characters...
IRCT20221101056357N2,Warning: The &lt;i_keyword&gt; tag exceeded the allowed limit. It will be truncated at 497 characters...
IRCT20221101056357N2,Warning: The container &lt;secondary_sponsor&gt; or its subtag was empty. Automatically filled with standard structure '-' to comply with the schema sequence.
IRCT20240804062647N18,Warning: The &lt;study_design&gt; tag exceeded the allowed limit. It will be truncated at 997 characters...
IRCT20240804062647N18,Warning: The container &lt;health_condition_code&gt; or its subtag was empty. Automatically filled with standard structure '-' to comply with the schema sequence.
IRCT20240804062647N18,Warning: The container &lt;health_condition_keyword&gt; or its subtag was empty. Automatically filled with standard structure '-' to comply with the schema sequence.
IRCT20240804062647N18,Warning: The container &lt;secondary_sponsor&gt; or its subtag was empty. Automatically filled with standard structure '-' to comply with the schema sequence.
IRCT20240804062647N17,Warning: The &lt;study_design&gt; tag exceeded the allowed limit. It will be truncated at 997 characters...
IRCT20240804062647N17,Warning: The container &lt;health_condition_code&gt; or its subtag was empty. Automatically filled with standard structure '-' to comply with the schema sequence.
IRCT20240804062647N17,Warning: The container &lt;health_condition_keyword&gt; or its subtag was empty. Automatically filled with standard structure '-' to comply with the schema sequence.
IRCT20240804062647N17,Warning: The container &lt;secondary_sponsor&gt; or its subtag was empty. Automatically filled with standard structure '-' to comply with the schema sequence.
IRCT20220713055465N3,Warning: The container &lt;secondary_sponsor&gt; or its subtag was empty. Automatically filled with standard structure '-' to comply with the schema sequence.
IRCT20260413069072N1,Warning: The &lt;study_design&gt; tag exceeded the allowed limit. It will be truncated at 997 characters...
IRCT20260413069072N1,Warning: The container &lt;secondary_outcome&gt; or its subtag was empty. Automatically filled with standard structure '-' to comply with the schema sequence.
IRCT20260413069072N1,Warning: The container &lt;secondary_sponsor&gt; or its subtag was empty. Automatically filled with standard structure '-' to comply with the schema sequence.
IRCT20190624043991N39,Warning: The container &lt;secondary_outcome&gt; or its subtag was empty. Automatically filled with standard structure '-' to comply with the schema sequence.
IRCT20190624043991N39,Warning: The container &lt;secondary_sponsor&gt; or its subtag was empty. Automatically filled with standard structure '-' to comply with the schema sequence.
IRCT20130523013442N39,Warning: The &lt;study_design&gt; tag exceeded the allowed limit. It will be truncated at 997 characters...
IRCT20130523013442N39,Warning: The container &lt;health_condition_code&gt; or its subtag was empty. Automatically filled with standard structure '-' to comply with the schema sequence.
IRCT20130523013442N39,Warning: The container &lt;health_condition_keyword&gt; or its subtag was empty. Automatically filled with standard structure '-' to comply with the schema sequence.
IRCT20130523013442N39,Warning: The container &lt;secondary_outcome&gt; or its subtag was empty. Automatically filled with standard structure '-' to comply with the schema sequence.
IRCT20130523013442N39,Warning: The container &lt;secondary_sponsor&gt; or its subtag was empty. Automatically filled with standard structure '-' to comply with the schema sequence.
IRCT20251208068246N2,Warning: The &lt;study_design&gt; tag exceeded the allowed limit. It will be truncated at 997 characters...
IRCT20251208068246N2,Warning: The &lt;i_keyword&gt; tag exceeded the allowed limit. It will be truncated at 497 characters...
IRCT20251208068246N2,Warning: The &lt;i_keyword&gt; tag exceeded the allowed limit. It will be truncated at 497 characters...
IRCT20251208068246N2,Warning: The container &lt;health_condition_code&gt; or its subtag was empty. Automatically filled with standard structure '-' to comply with the schema sequence.
IRCT20251208068246N2,Warning: The container &lt;health_condition_keyword&gt; or its subtag was empty. Automatically filled with standard structure '-' to comply with the schema sequence.
IRCT20251208068246N2,Warning: The container &lt;secondary_sponsor&gt; or its subtag was empty. Automatically filled with standard structure '-' to comply with the schema sequence.
IRCT20260421069119N1,Warning: The container &lt;secondary_outcome&gt; or its subtag was empty. Automatically filled with standard structure '-' to comply with the schema sequence.
IRCT20260421069119N1,Warning: The container &lt;secondary_sponsor&gt; or its subtag was empty. Automatically filled with standard structure '-' to comply with the schema sequence.
IRCT20090804002288N19,Warning: The &lt;study_design&gt; tag exceeded the allowed limit. It will be truncated at 997 characters...
IRCT20090804002288N19,Warning: The container &lt;secondary_sponsor&gt; or its subtag was empty. Automatically filled with standard structure '-' to comply with the schema sequence.
IRCT20080901001157N24,Warning: The &lt;study_design&gt; tag exceeded the allowed limit. It will be truncated at 997 characters...
IRCT20080901001157N24,Warning: The container &lt;secondary_sponsor&gt; or its subtag was empty. Automatically filled with standard structure '-' to comply with the schema sequence.
IRCT20260420069116N1,Warning: The &lt;results_IPD_description&gt; tag exceeded the allowed limit. It will be truncated at 1997 characters...
IRCT20260420069116N1,Warning: The &lt;i_keyword&gt; tag exceeded the allowed limit. It will be truncated at 497 characters...
IRCT20260420069116N1,Warning: The container &lt;secondary_sponsor&gt; or its subtag was empty. Automatically filled with standard structure '-' to comply with the schema sequence.
IRCT20240303061155N5,Warning: The &lt;study_design&gt; tag exceeded the allowed limit. It will be truncated at 997 characters...
IRCT20240303061155N5,Warning: The &lt;i_keyword&gt; tag exceeded the allowed limit. It will be truncated at 497 characters...
IRCT20240303061155N5,Warning: The container &lt;health_condition_code&gt; or its subtag was empty. Automatically filled with standard structure '-' to comply with the schema sequence.
IRCT20240303061155N5,Warning: The container &lt;health_condition_keyword&gt; or its subtag was empty. Automatically filled with standard structure '-' to comply with the schema sequence.
IRCT20220906055901N1,Warning: The &lt;study_design&gt; tag exceeded the allowed limit. It will be truncated at 997 characters...
IRCT20220906055901N1,Warning: The container &lt;secondary_sponsor&gt; or its subtag was empty. Automatically filled with standard structure '-' to comply with the schema sequence.
IRCT20130313012810N92,Warning: The container &lt;health_condition_code&gt; or its subtag was empty. Automatically filled with standard structure '-' to comply with the schema sequence.
IRCT20130313012810N92,Warning: The container &lt;health_condition_keyword&gt; or its subtag was empty. Automatically filled with standard structure '-' to comply with the schema sequence.
IRCT20130313012810N92,Warning: The container &lt;secondary_outcome&gt; or its subtag was empty. Automatically filled with standard structure '-' to comply with the schema sequence.
IRCT20130313012810N92,Warning: The container &lt;secondary_sponsor&gt; or its subtag was empty. Automatically filled with standard structure '-' to comply with the schema sequence.
IRCT20251118068036N2,Warning: The &lt;study_design&gt; tag exceeded the allowed limit. It will be truncated at 997 characters...
IRCT20251118068036N2,Warning: The container &lt;secondary_sponsor&gt; or its subtag was empty. Automatically filled with standard structure '-' to comply with the schema sequence.
IRCT20260201068732N1,Warning: The &lt;study_design&gt; tag exceeded the allowed limit. It will be truncated at 997 characters...
IRCT20260201068732N1,Warning: The container &lt;secondary_sponsor&gt; or its subtag was empty. Automatically filled with standard structure '-' to comply with the schema sequence.
IRCT20141209020258N202,Warning: The &lt;study_design&gt; tag exceeded the allowed limit. It will be truncated at 997 characters...
IRCT20141209020258N202,Warning: The container &lt;secondary_outcome&gt; or its subtag was empty. Automatically filled with standard structure '-' to comply with the schema sequence.
IRCT20141209020258N202,Warning: The container &lt;secondary_sponsor&gt; or its subtag was empty. Automatically filled with standard structure '-' to comply with the schema sequence.
IRCT20260406069027N1,Warning: The container &lt;secondary_outcome&gt; or its subtag was empty. Automatically filled with standard structure '-' to comply with the schema sequence.
IRCT20260406069027N1,Warning: The container &lt;secondary_sponsor&gt; or its subtag was empty. Automatically filled with standard structure '-' to comply with the schema sequence.
IRCT20260215068877N1,Warning: The &lt;study_design&gt; tag exceeded the allowed limit. It will be truncated at 997 characters...
IRCT20260215068877N1,Warning: The container &lt;secondary_outcome&gt; or its subtag was empty. Automatically filled with standard structure '-' to comply with the schema sequence.
IRCT20260215068877N1,Warning: The container &lt;secondary_sponsor&gt; or its subtag was empty. Automatically filled with standard structure '-' to comply with the schema sequence.
IRCT20260412069062N1,Warning: The &lt;study_design&gt; tag exceeded the allowed limit. It will be truncated at 997 characters...
IRCT20260412069062N1,Warning: The container &lt;secondary_outcome&gt; or its subtag was empty. Automatically filled with standard structure '-' to comply with the schema sequence.
IRCT20260412069062N1,Warning: The container &lt;secondary_sponsor&gt; or its subtag was empty. Automatically filled with standard structure '-' to comply with the schema sequence.
IRCT20260422069128N1,Warning: The &lt;i_freetext&gt; tag exceeded the allowed limit. It will be truncated at 2997 characters...
IRCT20260422069128N1,Warning: The &lt;study_design&gt; tag exceeded the allowed limit. It will be truncated at 997 characters...
IRCT20260422069128N1,Warning: The &lt;i_keyword&gt; tag exceeded the allowed limit. It will be truncated at 497 characters...
IRCT20260422069128N1,Warning: The &lt;i_keyword&gt; tag exceeded the allowed limit. It will be truncated at 497 characters...
IRCT20260422069128N1,Warning: The container &lt;health_condition_code&gt; or its subtag was empty. Automatically filled with standard structure '-' to comply with the schema sequence.
IRCT20260422069128N1,Warning: The container &lt;health_condition_keyword&gt; or its subtag was empty. Automatically filled with standard structure '-' to comply with the schema sequence.
IRCT20260422069128N1,Warning: The container &lt;secondary_outcome&gt; or its subtag was empty. Automatically filled with standard structure '-' to comply with the schema sequence.
IRCT20260422069128N1,Warning: The container &lt;secondary_sponsor&gt; or its subtag was empty. Automatically filled with standard structure '-' to comply with the schema sequence.
IRCT20260420069110N1,Warning: The &lt;i_keyword&gt; tag exceeded the allowed limit. It will be truncated at 497 characters...
IRCT20260420069110N1,Warning: The container &lt;secondary_outcome&gt; or its subtag was empty. Automatically filled with standard structure '-' to comply with the schema sequence.
IRCT20260420069110N1,Warning: The container &lt;secondary_sponsor&gt; or its subtag was empty. Automatically filled with standard structure '-' to comply with the schema sequence.
IRCT20230102057020N1,Warning: The container &lt;secondary_outcome&gt; or its subtag was empty. Automatically filled with standard structure '-' to comply with the schema sequence.
IRCT20230102057020N1,Warning: The container &lt;secondary_sponsor&gt; or its subtag was empty. Automatically filled with standard structure '-' to comply with the schema sequence.
IRCT20160822029472N2,Warning: The &lt;study_design&gt; tag exceeded the allowed limit. It will be truncated at 997 characters...
IRCT20160822029472N2,Warning: The &lt;i_keyword&gt; tag exceeded the allowed limit. It will be truncated at 497 characters...
IRCT20160822029472N2,Warning: The container &lt;secondary_sponsor&gt; or its subtag was empty. Automatically filled with standard structure '-' to comply with the schema sequence.
IRCT20260420069117N1,Warning: The &lt;study_design&gt; tag exceeded the allowed limit. It will be truncated at 997 characters...
IRCT20260420069117N1,Warning: The &lt;i_keyword&gt; tag exceeded the allowed limit. It will be truncated at 497 characters...
IRCT20260420069117N1,Warning: The &lt;i_keyword&gt; tag exceeded the allowed limit. It will be truncated at 497 characters...
IRCT20260420069117N1,Warning: The container &lt;secondary_sponsor&gt; or its subtag was empty. Automatically filled with standard structure '-' to comply with the schema sequence.
IRCT20260225068949N1,Warning: The &lt;i_keyword&gt; tag exceeded the allowed limit. It will be truncated at 497 characters...
IRCT20260225068949N1,Warning: The &lt;i_keyword&gt; tag exceeded the allowed limit. It will be truncated at 497 characters...
IRCT20260225068949N1,Warning: The container &lt;secondary_outcome&gt; or its subtag was empty. Automatically filled with standard structure '-' to comply with the schema sequence.
IRCT20260225068949N1,Warning: The container &lt;secondary_sponsor&gt; or its subtag was empty. Automatically filled with standard structure '-' to comply with the schema sequence.
IRCT20251121068066N10,Warning: The &lt;i_keyword&gt; tag exceeded the allowed limit. It will be truncated at 497 characters...
IRCT20251121068066N10,Warning: The container &lt;health_condition_code&gt; or its subtag was empty. Automatically filled with standard structure '-' to comply with the schema sequence.
IRCT20251121068066N10,Warning: The container &lt;secondary_outcome&gt; or its subtag was empty. Automatically filled with standard structure '-' to comply with the schema sequence.
IRCT20251121068066N10,Warning: The container &lt;secondary_sponsor&gt; or its subtag was empty. Automatically filled with standard structure '-' to comply with the schema sequence.
IRCT20260420069115N1,Warning: The &lt;study_design&gt; tag exceeded the allowed limit. It will be truncated at 997 characters...
IRCT20260420069115N1,Warning: The container &lt;health_condition_code&gt; or its subtag was empty. Automatically filled with standard structure '-' to comply with the schema sequence.
IRCT20260420069115N1,Warning: The container &lt;health_condition_keyword&gt; or its subtag was empty. Automatically filled with standard structure '-' to comply with the schema sequence.
IRCT20260420069115N1,Warning: The container &lt;secondary_sponsor&gt; or its subtag was empty. Automatically filled with standard structure '-' to comply with the schema sequence.
IRCT20230528058315N5,Warning: The &lt;i_keyword&gt; tag exceeded the allowed limit. It will be truncated at 497 characters...
IRCT20230528058315N5,Warning: The container &lt;secondary_sponsor&gt; or its subtag was empty. Automatically filled with standard structure '-' to comply with the schema sequence.
IRCT20180404039188N6,Warning: The container &lt;health_condition_code&gt; or its subtag was empty. Automatically filled with standard structure '-' to comply with the schema sequence.
IRCT20180404039188N6,Warning: The container &lt;health_condition_keyword&gt; or its subtag was empty. Automatically filled with standard structure '-' to comply with the schema sequence.
IRCT20180404039188N6,Warning: The container &lt;secondary_sponsor&gt; or its subtag was empty. Automatically filled with standard structure '-' to comply with the schema sequence.
IRCT20260425069150N1,Warning: The container &lt;secondary_sponsor&gt; or its subtag was empty. Automatically filled with standard structure '-' to comply with the schema sequence.
IRCT20130812014333N278,Warning: The container &lt;secondary_outcome&gt; or its subtag was empty. Automatically filled with standard structure '-' to comply with the schema sequence.
IRCT20130812014333N278,Warning: The container &lt;secondary_sponsor&gt; or its subtag was empty. Automatically filled with standard structure '-' to comply with the schema sequence.
IRCT20240804062647N20,Warning: The &lt;study_design&gt; tag exceeded the allowed limit. It will be truncated at 997 characters...
IRCT20240804062647N20,Warning: The container &lt;health_condition_code&gt; or its subtag was empty. Automatically filled with standard structure '-' to comply with the schema sequence.
IRCT20240804062647N20,Warning: The container &lt;health_condition_keyword&gt; or its subtag was empty. Automatically filled with standard structure '-' to comply with the schema sequence.
IRCT20240804062647N20,Warning: The container &lt;secondary_sponsor&gt; or its subtag was empty. Automatically filled with standard structure '-' to comply with the schema sequence.
IRCT20240804062647N22,Warning: The &lt;study_design&gt; tag exceeded the allowed limit. It will be truncated at 997 characters...
IRCT20240804062647N22,Warning: The container &lt;health_condition_code&gt; or its subtag was empty. Automatically filled with standard structure '-' to comply with the schema sequence.
IRCT20240804062647N22,Warning: The container &lt;health_condition_keyword&gt; or its subtag was empty. Automatically filled with standard structure '-' to comply with the schema sequence.
IRCT20240804062647N22,Warning: The container &lt;secondary_sponsor&gt; or its subtag was empty. Automatically filled with standard structure '-' to comply with the schema sequence.
IRCT20260425069153N1,Warning: The container &lt;health_condition_code&gt; or its subtag was empty. Automatically filled with standard structure '-' to comply with the schema sequence.
IRCT20260425069153N1,Warning: The container &lt;health_condition_keyword&gt; or its subtag was empty. Automatically filled with standard structure '-' to comply with the schema sequence.
IRCT20260425069153N1,Warning: The container &lt;secondary_sponsor&gt; or its subtag was empty. Automatically filled with standard structure '-' to comply with the schema sequence.
IRCT20260425069154N1,Warning: The &lt;study_design&gt; tag exceeded the allowed limit. It will be truncated at 997 characters...
IRCT20260425069154N1,Warning: The container &lt;health_condition_code&gt; or its subtag was empty. Automatically filled with standard structure '-' to comply with the schema sequence.
IRCT20260425069154N1,Warning: The container &lt;health_condition_keyword&gt; or its subtag was empty. Automatically filled with standard structure '-' to comply with the schema sequence.
IRCT20260425069154N1,Warning: The container &lt;secondary_sponsor&gt; or its subtag was empty. Automatically filled with standard structure '-' to comply with the schema sequence.
IRCT20260107068580N1,Warning: The &lt;study_design&gt; tag exceeded the allowed limit. It will be truncated at 997 characters...
IRCT20260107068580N1,Warning: The &lt;i_keyword&gt; tag exceeded the allowed limit. It will be truncated at 497 characters...
IRCT20260107068580N1,Warning: The container &lt;secondary_sponsor&gt; or its subtag was empty. Automatically filled with standard structure '-' to comply with the schema sequence.
IRCT20191104045328N53,Warning: The &lt;study_design&gt; tag exceeded the allowed limit. It will be truncated at 997 characters...
IRCT20191104045328N53,Warning: The &lt;i_keyword&gt; tag exceeded the allowed limit. It will be truncated at 497 characters...
IRCT20191104045328N53,Warning: The container &lt;secondary_sponsor&gt; or its subtag was empty. Automatically filled with standard structure '-' to comply with the schema sequence.
IRCT20230615058492N4,Warning: The &lt;study_design&gt; tag exceeded the allowed limit. It will be truncated at 997 characters...
IRCT20230615058492N4,Warning: The container &lt;secondary_sponsor&gt; or its subtag was empty. Automatically filled with standard structure '-' to comply with the schema sequence.
IRCT20260422069132N1,Warning: The &lt;study_design&gt; tag exceeded the allowed limit. It will be truncated at 997 characters...
IRCT20260422069132N1,Warning: The container &lt;health_condition_code&gt; or its subtag was empty. Automatically filled with standard structure '-' to comply with the schema sequence.
IRCT20260422069132N1,Warning: The container &lt;health_condition_keyword&gt; or its subtag was empty. Automatically filled with standard structure '-' to comply with the schema sequence.
IRCT20260422069132N1,Warning: The container &lt;secondary_outcome&gt; or its subtag was empty. Automatically filled with standard structure '-' to comply with the schema sequence.
IRCT20260422069132N1,Warning: The container &lt;secondary_sponsor&gt; or its subtag was empty. Automatically filled with standard structure '-' to comply with the schema sequence.
IRCT20170806035517N9,Warning: The &lt;results_IPD_description&gt; tag exceeded the allowed limit. It will be truncated at 1997 characters...
IRCT20170806035517N9,Warning: The &lt;study_design&gt; tag exceeded the allowed limit. It will be truncated at 997 characters...
IRCT20170806035517N9,Warning: The &lt;i_keyword&gt; tag exceeded the allowed limit. It will be truncated at 497 characters...
IRCT20170806035517N9,Warning: The &lt;i_keyword&gt; tag exceeded the allowed limit. It will be truncated at 497 characters...
IRCT20170806035517N9,Warning: The container &lt;secondary_sponsor&gt; or its subtag was empty. Automatically filled with standard structure '-' to comply with the schema sequence.
IRCT20240804062647N21,Warning: The &lt;study_design&gt; tag exceeded the allowed limit. It will be truncated at 997 characters...
IRCT20240804062647N21,Warning: The container &lt;health_condition_code&gt; or its subtag was empty. Automatically filled with standard structure '-' to comply with the schema sequence.
IRCT20240804062647N21,Warning: The container &lt;health_condition_keyword&gt; or its subtag was empty. Automatically filled with standard structure '-' to comply with the schema sequence.
IRCT20240804062647N21,Warning: The container &lt;secondary_sponsor&gt; or its subtag was empty. Automatically filled with standard structure '-' to comply with the schema sequence.
IRCT20250627066277N2,Warning: The &lt;study_design&gt; tag exceeded the allowed limit. It will be truncated at 997 characters...
IRCT20250627066277N2,Warning: The container &lt;secondary_outcome&gt; or its subtag was empty. Automatically filled with standard structure '-' to comply with the schema sequence.
IRCT20250627066277N2,Warning: The container &lt;secondary_sponsor&gt; or its subtag was empty. Automatically filled with standard structure '-' to comply with the schema sequence.
IRCT20141209020258N203,Warning: The container &lt;secondary_outcome&gt; or its subtag was empty. Automatically filled with standard structure '-' to comply with the schema sequence.
IRCT20141209020258N203,Warning: The container &lt;secondary_sponsor&gt; or its subtag was empty. Automatically filled with standard structure '-' to comply with the schema sequence.
IRCT20260421069127N1,Warning: The &lt;i_keyword&gt; tag exceeded the allowed limit. It will be truncated at 497 characters...
IRCT20260421069127N1,Warning: The &lt;i_keyword&gt; tag exceeded the allowed limit. It will be truncated at 497 characters...
IRCT20260421069127N1,Warning: The container &lt;secondary_outcome&gt; or its subtag was empty. Automatically filled with standard structure '-' to comply with the schema sequence.
IRCT20260421069127N1,Warning: The container &lt;secondary_sponsor&gt; or its subtag was empty. Automatically filled with standard structure '-' to comply with the schema sequence.
IRCT20170624034722N4,Warning: The container &lt;health_condition_code&gt; or its subtag was empty. Automatically filled with standard structure '-' to comply with the schema sequence.
IRCT20170624034722N4,Warning: The container &lt;health_condition_keyword&gt; or its subtag was empty. Automatically filled with standard structure '-' to comply with the schema sequence.
IRCT20170624034722N4,Warning: The container &lt;secondary_outcome&gt; or its subtag was empty. Automatically filled with standard structure '-' to comply with the schema sequence.
IRCT20170624034722N4,Warning: The container &lt;secondary_sponsor&gt; or its subtag was empty. Automatically filled with standard structure '-' to comply with the schema sequence.
IRCT20260426069168N1,Warning: The &lt;study_design&gt; tag exceeded the allowed limit. It will be truncated at 997 characters...
IRCT20260426069168N1,Warning: The &lt;i_keyword&gt; tag exceeded the allowed limit. It will be truncated at 497 characters...
IRCT20260426069168N1,Warning: The &lt;i_keyword&gt; tag exceeded the allowed limit. It will be truncated at 497 characters...
IRCT20260426069168N1,Warning: The container &lt;secondary_sponsor&gt; or its subtag was empty. Automatically filled with standard structure '-' to comply with the schema sequence.
IRCT20260425069156N1,Warning: The &lt;study_design&gt; tag exceeded the allowed limit. It will be truncated at 997 characters...
IRCT20260425069156N1,Warning: The container &lt;health_condition_code&gt; or its subtag was empty. Automatically filled with standard structure '-' to comply with the schema sequence.
IRCT20260425069156N1,Warning: The container &lt;health_condition_keyword&gt; or its subtag was empty. Automatically filled with standard structure '-' to comply with the schema sequence.
IRCT20260425069156N1,Warning: The container &lt;secondary_outcome&gt; or its subtag was empty. Automatically filled with standard structure '-' to comply with the schema sequence.
IRCT20260425069156N1,Warning: The container &lt;secondary_sponsor&gt; or its subtag was empty. Automatically filled with standard structure '-' to comply with the schema sequence.
IRCT20251209068266N1,Warning: The &lt;study_design&gt; tag exceeded the allowed limit. It will be truncated at 997 characters...
IRCT20251209068266N1,Warning: The &lt;i_keyword&gt; tag exceeded the allowed limit. It will be truncated at 497 characters...
IRCT20251209068266N1,Warning: The &lt;i_keyword&gt; tag exceeded the allowed limit. It will be truncated at 497 characters...
IRCT20251209068266N1,Warning: The container &lt;secondary_outcome&gt; or its subtag was empty. Automatically filled with standard structure '-' to comply with the schema sequence.
IRCT20251209068266N1,Warning: The container &lt;secondary_sponsor&gt; or its subtag was empty. Automatically filled with standard structure '-' to comply with the schema sequence.
IRCT20180609040016N8,Warning: The &lt;i_keyword&gt; tag exceeded the allowed limit. It will be truncated at 497 characters...
IRCT20180609040016N8,Warning: The container &lt;health_condition_code&gt; or its subtag was empty. Automatically filled with standard structure '-' to comply with the schema sequence.
IRCT20180609040016N8,Warning: The container &lt;health_condition_keyword&gt; or its subtag was empty. Automatically filled with standard structure '-' to comply with the schema sequence.
IRCT20180609040016N8,Warning: The container &lt;secondary_sponsor&gt; or its subtag was empty. Automatically filled with standard structure '-' to comply with the schema sequence.
IRCT20160422027520N29,Warning: The container &lt;health_condition_code&gt; or its subtag was empty. Automatically filled with standard structure '-' to comply with the schema sequence.
IRCT20160422027520N29,Warning: The container &lt;health_condition_keyword&gt; or its subtag was empty. Automatically filled with standard structure '-' to comply with the schema sequence.
IRCT20160422027520N29,Warning: The container &lt;secondary_outcome&gt; or its subtag was empty. Automatically filled with standard structure '-' to comply with the schema sequence.
IRCT20160422027520N29,Warning: The container &lt;secondary_sponsor&gt; or its subtag was empty. Automatically filled with standard structure '-' to comply with the schema sequence.
IRCT20260425069158N1,Warning: The &lt;study_design&gt; tag exceeded the allowed limit. It will be truncated at 997 characters...
IRCT20260425069158N1,Warning: The &lt;i_keyword&gt; tag exceeded the allowed limit. It will be truncated at 497 characters...
IRCT20260425069158N1,Warning: The &lt;i_keyword&gt; tag exceeded the allowed limit. It will be truncated at 497 characters...
IRCT20260425069158N1,Warning: The container &lt;secondary_outcome&gt; or its subtag was empty. Automatically filled with standard structure '-' to comply with the schema sequence.
IRCT20260425069158N1,Warning: The container &lt;secondary_sponsor&gt; or its subtag was empty. Automatically filled with standard structure '-' to comply with the schema sequence.
IRCT20220522054961N2,Warning: The &lt;study_design&gt; tag exceeded the allowed limit. It will be truncated at 997 characters...
IRCT20220522054961N2,Warning: The container &lt;secondary_outcome&gt; or its subtag was empty. Automatically filled with standard structure '-' to comply with the schema sequence.
IRCT20220522054961N2,Warning: The container &lt;secondary_sponsor&gt; or its subtag was empty. Automatically filled with standard structure '-' to comply with the schema sequence.
IRCT20120215009014N606,Warning: The container &lt;secondary_outcome&gt; or its subtag was empty. Automatically filled with standard structure '-' to comply with the schema sequence.
IRCT20120215009014N606,Warning: The container &lt;secondary_sponsor&gt; or its subtag was empty. Automatically filled with standard structure '-' to comply with the schema sequence.
IRCT20260425069157N3,Warning: The container &lt;secondary_sponsor&gt; or its subtag was empty. Automatically filled with standard structure '-' to comply with the schema sequence.
IRCT20260425069161N1,Warning: The &lt;study_design&gt; tag exceeded the allowed limit. It will be truncated at 997 characters...
IRCT20260425069161N1,Warning: The container &lt;health_condition_code&gt; or its subtag was empty. Automatically filled with standard structure '-' to comply with the schema sequence.
IRCT20260425069161N1,Warning: The container &lt;health_condition_keyword&gt; or its subtag was empty. Automatically filled with standard structure '-' to comply with the schema sequence.
IRCT20260425069161N1,Warning: The container &lt;secondary_outcome&gt; or its subtag was empty. Automatically filled with standard structure '-' to comply with the schema sequence.
IRCT20260425069161N1,Warning: The container &lt;secondary_sponsor&gt; or its subtag was empty. Automatically filled with standard structure '-' to comply with the schema sequence.
IRCT20260423069144N1,Warning: The &lt;results_IPD_description&gt; tag exceeded the allowed limit. It will be truncated at 1997 characters...
IRCT20260423069144N1,Warning: The &lt;i_keyword&gt; tag exceeded the allowed limit. It will be truncated at 497 characters...
IRCT20260423069144N1,Warning: The &lt;i_keyword&gt; tag exceeded the allowed limit. It will be truncated at 497 characters...
IRCT20260423069144N1,Warning: The container &lt;health_condition_code&gt; or its subtag was empty. Automatically filled with standard structure '-' to comply with the schema sequence.
IRCT20260423069144N1,Warning: The container &lt;health_condition_keyword&gt; or its subtag was empty. Automatically filled with standard structure '-' to comply with the schema sequence.
IRCT20260423069144N1,Warning: The container &lt;secondary_sponsor&gt; or its subtag was empty. Automatically filled with standard structure '-' to comply with the schema sequence.
IRCT20260425069157N2,Warning: The &lt;study_design&gt; tag exceeded the allowed limit. It will be truncated at 997 characters...
IRCT20260425069157N2,Warning: The container &lt;secondary_outcome&gt; or its subtag was empty. Automatically filled with standard structure '-' to comply with the schema sequence.
IRCT20260425069157N2,Warning: The container &lt;secondary_sponsor&gt; or its subtag was empty. Automatically filled with standard structure '-' to comply with the schema sequence.
IRCT20220211053992N66,Warning: The container &lt;health_condition_code&gt; or its subtag was empty. Automatically filled with standard structure '-' to comply with the schema sequence.
IRCT20220211053992N66,Warning: The container &lt;health_condition_keyword&gt; or its subtag was empty. Automatically filled with standard structure '-' to comply with the schema sequence.
IRCT20220211053992N66,Warning: The container &lt;secondary_outcome&gt; or its subtag was empty. Automatically filled with standard structure '-' to comply with the schema sequence.
IRCT20220211053992N66,Warning: The container &lt;secondary_sponsor&gt; or its subtag was empty. Automatically filled with standard structure '-' to comply with the schema sequence.
IRCT20220211053992N65,Warning: The container &lt;health_condition_code&gt; or its subtag was empty. Automatically filled with standard structure '-' to comply with the schema sequence.
IRCT20220211053992N65,Warning: The container &lt;health_condition_keyword&gt; or its subtag was empty. Automatically filled with standard structure '-' to comply with the schema sequence.
IRCT20220211053992N65,Warning: The container &lt;secondary_outcome&gt; or its subtag was empty. Automatically filled with standard structure '-' to comply with the schema sequence.
IRCT20220211053992N65,Warning: The container &lt;secondary_sponsor&gt; or its subtag was empty. Automatically filled with standard structure '-' to comply with the schema sequence.
IRCT20260425069159N1,Warning: The &lt;i_freetext&gt; tag exceeded the allowed limit. It will be truncated at 2997 characters...
IRCT20260425069159N1,Warning: The &lt;study_design&gt; tag exceeded the allowed limit. It will be truncated at 997 characters...
IRCT20260425069159N1,Warning: The &lt;i_keyword&gt; tag exceeded the allowed limit. It will be truncated at 497 characters...
IRCT20260425069159N1,Warning: The &lt;i_keyword&gt; tag exceeded the allowed limit. It will be truncated at 497 characters...
IRCT20260425069159N1,Warning: The &lt;i_keyword&gt; tag exceeded the allowed limit. It will be truncated at 497 characters...
IRCT20260425069159N1,Warning: The container &lt;secondary_outcome&gt; or its subtag was empty. Automatically filled with standard structure '-' to comply with the schema sequence.
IRCT20260425069159N1,Warning: The container &lt;secondary_sponsor&gt; or its subtag was empty. Automatically filled with standard structure '-' to comply with the schema sequence.
IRCT20260425069157N1,Warning: The &lt;study_design&gt; tag exceeded the allowed limit. It will be truncated at 997 characters...
IRCT20260425069157N1,Warning: The container &lt;secondary_outcome&gt; or its subtag was empty. Automatically filled with standard structure '-' to comply with the schema sequence.
IRCT20260425069157N1,Warning: The container &lt;secondary_sponsor&gt; or its subtag was empty. Automatically filled with standard structure '-' to comply with the schema sequence.
IRCT20260426069172N1,Warning: The &lt;i_keyword&gt; tag exceeded the allowed limit. It will be truncated at 497 characters...
IRCT20260426069172N1,Warning: The container &lt;secondary_sponsor&gt; or its subtag was empty. Automatically filled with standard structure '-' to comply with the schema sequence.
IRCT20260425069160N1,Warning: The container &lt;secondary_sponsor&gt; or its subtag was empty. Automatically filled with standard structure '-' to comply with the schema sequence.
IRCT20240419061523N3,Warning: The container &lt;health_condition_code&gt; or its subtag was empty. Automatically filled with standard structure '-' to comply with the schema sequence.
IRCT20240419061523N3,Warning: The container &lt;health_condition_keyword&gt; or its subtag was empty. Automatically filled with standard structure '-' to comply with the schema sequence.
IRCT20240419061523N3,Warning: The container &lt;secondary_outcome&gt; or its subtag was empty. Automatically filled with standard structure '-' to comply with the schema sequence.
IRCT20240419061523N3,Warning: The container &lt;secondary_sponsor&gt; or its subtag was empty. Automatically filled with standard structure '-' to comply with the schema sequence.
IRCT20130313012810N84,Warning: The container &lt;health_condition_code&gt; or its subtag was empty. Automatically filled with standard structure '-' to comply with the schema sequence.
IRCT20130313012810N84,Warning: The container &lt;health_condition_keyword&gt; or its subtag was empty. Automatically filled with standard structure '-' to comply with the schema sequence.
IRCT20130313012810N84,Warning: The container &lt;secondary_outcome&gt; or its subtag was empty. Automatically filled with standard structure '-' to comply with the schema sequence.
IRCT20130313012810N84,Warning: The container &lt;secondary_sponsor&gt; or its subtag was empty. Automatically filled with standard structure '-' to comply with the schema sequence.
IRCT20130313012810N94,Warning: The container &lt;health_condition_code&gt; or its subtag was empty. Automatically filled with standard structure '-' to comply with the schema sequence.
IRCT20130313012810N94,Warning: The container &lt;health_condition_keyword&gt; or its subtag was empty. Automatically filled with standard structure '-' to comply with the schema sequence.
IRCT20130313012810N94,Warning: The container &lt;secondary_outcome&gt; or its subtag was empty. Automatically filled with standard structure '-' to comply with the schema sequence.
IRCT20130313012810N94,Warning: The container &lt;secondary_sponsor&gt; or its subtag was empty. Automatically filled with standard structure '-' to comply with the schema sequence.
IRCT20130313012810N90,Warning: The container &lt;health_condition_code&gt; or its subtag was empty. Automatically filled with standard structure '-' to comply with the schema sequence.
IRCT20130313012810N90,Warning: The container &lt;health_condition_keyword&gt; or its subtag was empty. Automatically filled with standard structure '-' to comply with the schema sequence.
IRCT20130313012810N90,Warning: The container &lt;secondary_outcome&gt; or its subtag was empty. Automatically filled with standard structure '-' to comply with the schema sequence.
IRCT20130313012810N90,Warning: The container &lt;secondary_sponsor&gt; or its subtag was empty. Automatically filled with standard structure '-' to comply with the schema sequence.
IRCT20130313012810N89,Warning: The container &lt;health_condition_code&gt; or its subtag was empty. Automatically filled with standard structure '-' to comply with the schema sequence.
IRCT20130313012810N89,Warning: The container &lt;health_condition_keyword&gt; or its subtag was empty. Automatically filled with standard structure '-' to comply with the schema sequence.
IRCT20130313012810N89,Warning: The container &lt;secondary_outcome&gt; or its subtag was empty. Automatically filled with standard structure '-' to comply with the schema sequence.
IRCT20130313012810N89,Warning: The container &lt;secondary_sponsor&gt; or its subtag was empty. Automatically filled with standard structure '-' to comply with the schema sequence.
IRCT20130313012810N83,Warning: The container &lt;health_condition_code&gt; or its subtag was empty. Automatically filled with standard structure '-' to comply with the schema sequence.
IRCT20130313012810N83,Warning: The container &lt;health_condition_keyword&gt; or its subtag was empty. Automatically filled with standard structure '-' to comply with the schema sequence.
IRCT20130313012810N83,Warning: The container &lt;secondary_outcome&gt; or its subtag was empty. Automatically filled with standard structure '-' to comply with the schema sequence.
IRCT20130313012810N83,Warning: The container &lt;secondary_sponsor&gt; or its subtag was empty. Automatically filled with standard structure '-' to comply with the schema sequence.
IRCT20251121068065N1,Warning: The container &lt;health_condition_code&gt; or its subtag was empty. Automatically filled with standard structure '-' to comply with the schema sequence.
IRCT20251121068065N1,Warning: The container &lt;secondary_outcome&gt; or its subtag was empty. Automatically filled with standard structure '-' to comply with the schema sequence.
IRCT20251121068065N1,Warning: The container &lt;secondary_sponsor&gt; or its subtag was empty. Automatically filled with standard structure '-' to comply with the schema sequence.
IRCT20260421069118N1,Warning: The &lt;i_keyword&gt; tag exceeded the allowed limit. It will be truncated at 497 characters...
IRCT20260421069118N1,Warning: The &lt;i_keyword&gt; tag exceeded the allowed limit. It will be truncated at 497 characters...
IRCT20260421069118N1,Warning: The container &lt;health_condition_code&gt; or its subtag was empty. Automatically filled with standard structure '-' to comply with the schema sequence.
IRCT20260421069118N1,Warning: The container &lt;health_condition_keyword&gt; or its subtag was empty. Automatically filled with standard structure '-' to comply with the schema sequence.
IRCT20260421069118N1,Warning: The container &lt;secondary_outcome&gt; or its subtag was empty. Automatically filled with standard structure '-' to comply with the schema sequence.
IRCT20260421069118N1,Warning: The container &lt;secondary_sponsor&gt; or its subtag was empty. Automatically filled with standard structure '-' to comply with the schema sequence.
IRCT20250125064510N3,Warning: The &lt;study_design&gt; tag exceeded the allowed limit. It will be truncated at 997 characters...
IRCT20250125064510N3,Warning: The container &lt;secondary_sponsor&gt; or its subtag was empty. Automatically filled with standard structure '-' to comply with the schema sequence.
IRCT20170417033485N8,Warning: The &lt;study_design&gt; tag exceeded the allowed limit. It will be truncated at 997 characters...
IRCT20170417033485N8,Warning: The &lt;i_keyword&gt; tag exceeded the allowed limit. It will be truncated at 497 characters...
IRCT20170417033485N8,Warning: The container &lt;secondary_sponsor&gt; or its subtag was empty. Automatically filled with standard structure '-' to comply with the schema sequence.
IRCT20260427069182N1,Warning: The container &lt;health_condition_code&gt; or its subtag was empty. Automatically filled with standard structure '-' to comply with the schema sequence.
IRCT20260427069182N1,Warning: The container &lt;health_condition_keyword&gt; or its subtag was empty. Automatically filled with standard structure '-' to comply with the schema sequence.
IRCT20260427069182N1,Warning: The container &lt;secondary_sponsor&gt; or its subtag was empty. Automatically filled with standard structure '-' to comply with the schema sequence.
IRCT20180826040869N4,Warning: The container &lt;secondary_sponsor&gt; or its subtag was empty. Automatically filled with standard structure '-' to comply with the schema sequence.
IRCT20260427069178N1,Warning: The container &lt;secondary_outcome&gt; or its subtag was empty. Automatically filled with standard structure '-' to comply with the schema sequence.
IRCT20260427069178N1,Warning: The container &lt;secondary_sponsor&gt; or its subtag was empty. Automatically filled with standard structure '-' to comply with the schema sequence.
IRCT20260427069185N1,Warning: The &lt;study_design&gt; tag exceeded the allowed limit. It will be truncated at 997 characters...
IRCT20260427069185N1,Warning: The &lt;i_keyword&gt; tag exceeded the allowed limit. It will be truncated at 497 characters...
IRCT20260427069185N1,Warning: The &lt;i_keyword&gt; tag exceeded the allowed limit. It will be truncated at 497 characters...
IRCT20260427069185N1,Warning: The container &lt;secondary_sponsor&gt; or its subtag was empty. Automatically filled with standard structure '-' to comply with the schema sequence.
IRCT20170417033485N9,Warning: The container &lt;secondary_sponsor&gt; or its subtag was empty. Automatically filled with standard structure '-' to comply with the schema sequence.
IRCT20260427069191N1,Warning: The &lt;study_design&gt; tag exceeded the allowed limit. It will be truncated at 997 characters...
IRCT20260427069191N1,Warning: The &lt;i_keyword&gt; tag exceeded the allowed limit. It will be truncated at 497 characters...
IRCT20260427069191N1,Warning: The container &lt;secondary_outcome&gt; or its subtag was empty. Automatically filled with standard structure '-' to comply with the schema sequence.
IRCT20260427069191N1,Warning: The container &lt;secondary_sponsor&gt; or its subtag was empty. Automatically filled with standard structure '-' to comply with the schema sequence.
IRCT20260104068547N1,Warning: The &lt;study_design&gt; tag exceeded the allowed limit. It will be truncated at 997 characters...
IRCT20260104068547N1,Warning: The &lt;i_keyword&gt; tag exceeded the allowed limit. It will be truncated at 497 characters...
IRCT20260104068547N1,Warning: The container &lt;secondary_sponsor&gt; or its subtag was empty. Automatically filled with standard structure '-' to comply with the schema sequence.
IRCT20150706023084N30,Warning: The &lt;study_design&gt; tag exceeded the allowed limit. It will be truncated at 997 characters...
IRCT20150706023084N30,Warning: The &lt;i_keyword&gt; tag exceeded the allowed limit. It will be truncated at 497 characters...
IRCT20150706023084N30,Warning: The container &lt;secondary_outcome&gt; or its subtag was empty. Automatically filled with standard structure '-' to comply with the schema sequence.
IRCT20150706023084N30,Warning: The container &lt;secondary_sponsor&gt; or its subtag was empty. Automatically filled with standard structure '-' to comply with the schema sequence.
IRCT20260309068977N1,Warning: The &lt;results_IPD_description&gt; tag exceeded the allowed limit. It will be truncated at 1997 characters...
IRCT20260309068977N1,Warning: The &lt;i_keyword&gt; tag exceeded the allowed limit. It will be truncated at 497 characters...
IRCT20260309068977N1,Warning: The container &lt;health_condition_code&gt; or its subtag was empty. Automatically filled with standard structure '-' to comply with the schema sequence.
IRCT20260309068977N1,Warning: The container &lt;health_condition_keyword&gt; or its subtag was empty. Automatically filled with standard structure '-' to comply with the schema sequence.
IRCT20260309068977N1,Warning: The container &lt;secondary_sponsor&gt; or its subtag was empty. Automatically filled with standard structure '-' to comply with the schema sequence.
IRCT20260427069184N1,Warning: The &lt;study_design&gt; tag exceeded the allowed limit. It will be truncated at 997 characters...
IRCT20260427069184N1,Warning: The &lt;i_keyword&gt; tag exceeded the allowed limit. It will be truncated at 497 characters...
IRCT20260427069184N1,Warning: The &lt;i_keyword&gt; tag exceeded the allowed limit. It will be truncated at 497 characters...
IRCT20260427069184N1,Warning: The container &lt;health_condition_code&gt; or its subtag was empty. Automatically filled with standard structure '-' to comply with the schema sequence.
IRCT20260427069184N1,Warning: The container &lt;health_condition_keyword&gt; or its subtag was empty. Automatically filled with standard structure '-' to comply with the schema sequence.
IRCT20260427069184N1,Warning: The container &lt;secondary_outcome&gt; or its subtag was empty. Automatically filled with standard structure '-' to comply with the schema sequence.
IRCT20260427069184N1,Warning: The container &lt;secondary_sponsor&gt; or its subtag was empty. Automatically filled with standard structure '-' to comply with the schema sequence.
IRCT20260422069128N2,Warning: The &lt;i_freetext&gt; tag exceeded the allowed limit. It will be truncated at 2997 characters...
IRCT20260422069128N2,Warning: The &lt;i_keyword&gt; tag exceeded the allowed limit. It will be truncated at 497 characters...
IRCT20260422069128N2,Warning: The &lt;i_keyword&gt; tag exceeded the allowed limit. It will be truncated at 497 characters...
IRCT20260422069128N2,Warning: The container &lt;health_condition_code&gt; or its subtag was empty. Automatically filled with standard structure '-' to comply with the schema sequence.
IRCT20260422069128N2,Warning: The container &lt;health_condition_keyword&gt; or its subtag was empty. Automatically filled with standard structure '-' to comply with the schema sequence.
IRCT20260422069128N2,Warning: The container &lt;secondary_sponsor&gt; or its subtag was empty. Automatically filled with standard structure '-' to comply with the schema sequence.
IRCT20260425069162N1,Warning: The container &lt;secondary_sponsor&gt; or its subtag was empty. Automatically filled with standard structure '-' to comply with the schema sequence.
IRCT20240303061155N6,Warning: The &lt;study_design&gt; tag exceeded the allowed limit. It will be truncated at 997 characters...
IRCT20240303061155N6,Warning: The container &lt;health_condition_code&gt; or its subtag was empty. Automatically filled with standard structure '-' to comply with the schema sequence.
IRCT20240303061155N6,Warning: The container &lt;health_condition_keyword&gt; or its subtag was empty. Automatically filled with standard structure '-' to comply with the schema sequence.
IRCT20240303061155N6,Warning: The container &lt;secondary_sponsor&gt; or its subtag was empty. Automatically filled with standard structure '-' to comply with the schema sequence.
IRCT20180923041093N8,Warning: The container &lt;secondary_sponsor&gt; or its subtag was empty. Automatically filled with standard structure '-' to comply with the schema sequence.
IRCT20260428069196N1,Warning: The &lt;results_IPD_description&gt; tag exceeded the allowed limit. It will be truncated at 1997 characters...
IRCT20260428069196N1,Warning: The &lt;study_design&gt; tag exceeded the allowed limit. It will be truncated at 997 characters...
IRCT20260428069196N1,Warning: The &lt;i_keyword&gt; tag exceeded the allowed limit. It will be truncated at 497 characters...
IRCT20260428069196N1,Warning: The container &lt;secondary_sponsor&gt; or its subtag was empty. Automatically filled with standard structure '-' to comply with the schema sequence.
IRCT20250827067020N2,Warning: The &lt;i_keyword&gt; tag exceeded the allowed limit. It will be truncated at 497 characters...
IRCT20250827067020N2,Warning: The container &lt;health_condition_keyword&gt; or its subtag was empty. Automatically filled with standard structure '-' to comply with the schema sequence.
IRCT20250827067020N2,Warning: The container &lt;secondary_sponsor&gt; or its subtag was empty. Automatically filled with standard structure '-' to comply with the schema sequence.
IRCT20260425069164N1,Warning: The container &lt;health_condition_code&gt; or its subtag was empty. Automatically filled with standard structure '-' to comply with the schema sequence.
IRCT20260425069164N1,Warning: The container &lt;health_condition_keyword&gt; or its subtag was empty. Automatically filled with standard structure '-' to comply with the schema sequence.
IRCT20260425069164N1,Warning: The container &lt;secondary_outcome&gt; or its subtag was empty. Automatically filled with standard structure '-' to comply with the schema sequence.
IRCT20260425069164N1,Warning: The container &lt;secondary_sponsor&gt; or its subtag was empty. Automatically filled with standard structure '-' to comply with the schema sequence.
IRCT20260321069008N1,Warning: The &lt;study_design&gt; tag exceeded the allowed limit. It will be truncated at 997 characters...
IRCT20260321069008N1,Warning: The &lt;i_keyword&gt; tag exceeded the allowed limit. It will be truncated at 497 characters...
IRCT20260321069008N1,Warning: The &lt;i_keyword&gt; tag exceeded the allowed limit. It will be truncated at 497 characters...
IRCT20260321069008N1,Warning: The container &lt;health_condition_code&gt; or its subtag was empty. Automatically filled with standard structure '-' to comply with the schema sequence.
IRCT20260321069008N1,Warning: The container &lt;health_condition_keyword&gt; or its subtag was empty. Automatically filled with standard structure '-' to comply with the schema sequence.
IRCT20260321069008N1,Warning: The container &lt;secondary_outcome&gt; or its subtag was empty. Automatically filled with standard structure '-' to comply with the schema sequence.
IRCT20260321069008N1,Warning: The container &lt;secondary_sponsor&gt; or its subtag was empty. Automatically filled with standard structure '-' to comply with the schema sequence.
IRCT20151020024625N26,Warning: The container &lt;secondary_outcome&gt; or its subtag was empty. Automatically filled with standard structure '-' to comply with the schema sequence.
IRCT20151020024625N26,Warning: The container &lt;secondary_sponsor&gt; or its subtag was empty. Automatically filled with standard structure '-' to comply with the schema sequence.
IRCT20250527065925N2,Warning: The &lt;study_design&gt; tag exceeded the allowed limit. It will be truncated at 997 characters...
IRCT20250527065925N2,Warning: The container &lt;secondary_sponsor&gt; or its subtag was empty. Automatically filled with standard structure '-' to comply with the schema sequence.
IRCT20130313012810N85,Warning: The container &lt;health_condition_code&gt; or its subtag was empty. Automatically filled with standard structure '-' to comply with the schema sequence.
IRCT20130313012810N85,Warning: The container &lt;health_condition_keyword&gt; or its subtag was empty. Automatically filled with standard structure '-' to comply with the schema sequence.
IRCT20130313012810N85,Warning: The container &lt;secondary_outcome&gt; or its subtag was empty. Automatically filled with standard structure '-' to comply with the schema sequence.
IRCT20130313012810N85,Warning: The container &lt;secondary_sponsor&gt; or its subtag was empty. Automatically filled with standard structure '-' to comply with the schema sequence.
IRCT20200825048515N88,Warning: The container &lt;secondary_outcome&gt; or its subtag was empty. Automatically filled with standard structure '-' to comply with the schema sequence.
IRCT20200825048515N88,Warning: The container &lt;secondary_sponsor&gt; or its subtag was empty. Automatically filled with standard structure '-' to comply with the schema sequence.
IRCT20260423069137N1,Warning: The &lt;i_freetext&gt; tag exceeded the allowed limit. It will be truncated at 2997 characters...
IRCT20260423069137N1,Warning: The &lt;study_design&gt; tag exceeded the allowed limit. It will be truncated at 997 characters...
IRCT20260423069137N1,Warning: The &lt;i_keyword&gt; tag exceeded the allowed limit. It will be truncated at 497 characters...
IRCT20260423069137N1,Warning: The &lt;i_keyword&gt; tag exceeded the allowed limit. It will be truncated at 497 characters...
IRCT20260423069137N1,Warning: The &lt;i_keyword&gt; tag exceeded the allowed limit. It will be truncated at 497 characters...
IRCT20260423069137N1,Warning: The container &lt;secondary_outcome&gt; or its subtag was empty. Automatically filled with standard structure '-' to comply with the schema sequence.
IRCT20260423069137N1,Warning: The container &lt;secondary_sponsor&gt; or its subtag was empty. Automatically filled with standard structure '-' to comply with the schema sequence.
IRCT20250519065806N3,Warning: The &lt;i_freetext&gt; tag exceeded the allowed limit. It will be truncated at 2997 characters...
IRCT20250519065806N3,Warning: The &lt;study_design&gt; tag exceeded the allowed limit. It will be truncated at 997 characters...
IRCT20250519065806N3,Warning: The &lt;i_keyword&gt; tag exceeded the allowed limit. It will be truncated at 497 characters...
IRCT20250519065806N3,Warning: The &lt;i_keyword&gt; tag exceeded the allowed limit. It will be truncated at 497 characters...
IRCT20250519065806N3,Warning: The container &lt;secondary_outcome&gt; or its subtag was empty. Automatically filled with standard structure '-' to comply with the schema sequence.
IRCT20250519065806N3,Warning: The container &lt;secondary_sponsor&gt; or its subtag was empty. Automatically filled with standard structure '-' to comply with the schema sequence.
IRCT20241008063290N2,Warning: The &lt;study_design&gt; tag exceeded the allowed limit. It will be truncated at 997 characters...
IRCT20241008063290N2,Warning: The &lt;i_keyword&gt; tag exceeded the allowed limit. It will be truncated at 497 characters...
IRCT20241008063290N2,Warning: The &lt;i_keyword&gt; tag exceeded the allowed limit. It will be truncated at 497 characters...
IRCT20241008063290N2,Warning: The container &lt;health_condition_code&gt; or its subtag was empty. Automatically filled with standard structure '-' to comply with the schema sequence.
IRCT20241008063290N2,Warning: The container &lt;health_condition_keyword&gt; or its subtag was empty. Automatically filled with standard structure '-' to comply with the schema sequence.
IRCT20241008063290N2,Warning: The container &lt;secondary_outcome&gt; or its subtag was empty. Automatically filled with standard structure '-' to comply with the schema sequence.
IRCT20241008063290N2,Warning: The container &lt;secondary_sponsor&gt; or its subtag was empty. Automatically filled with standard structure '-' to comply with the schema sequence.
IRCT20260424069147N1,Warning: The &lt;study_design&gt; tag exceeded the allowed limit. It will be truncated at 997 characters...
IRCT20260424069147N1,Warning: The &lt;i_keyword&gt; tag exceeded the allowed limit. It will be truncated at 497 characters...
IRCT20260424069147N1,Warning: The container &lt;health_condition_code&gt; or its subtag was empty. Automatically filled with standard structure '-' to comply with the schema sequence.
IRCT20260424069147N1,Warning: The container &lt;health_condition_keyword&gt; or its subtag was empty. Automatically filled with standard structure '-' to comply with the schema sequence.
IRCT20260424069147N1,Warning: The container &lt;secondary_outcome&gt; or its subtag was empty. Automatically filled with standard structure '-' to comply with the schema sequence.
IRCT20260424069147N1,Warning: The container &lt;secondary_sponsor&gt; or its subtag was empty. Automatically filled with standard structure '-' to comply with the schema sequence.
IRCT20260226068960N1,Warning: The container &lt;secondary_outcome&gt; or its subtag was empty. Automatically filled with standard structure '-' to comply with the schema sequence.
IRCT20260226068960N1,Warning: The container &lt;secondary_sponsor&gt; or its subtag was empty. Automatically filled with standard structure '-' to comply with the schema sequence.
IRCT20230130057274N7,Warning: The container &lt;secondary_sponsor&gt; or its subtag was empty. Automatically filled with standard structure '-' to comply with the schema sequence.
IRCT20230314057717N5,Warning: The container &lt;secondary_sponsor&gt; or its subtag was empty. Automatically filled with standard structure '-' to comply with the schema sequence.
IRCT20260429069207N1,Warning: The &lt;study_design&gt; tag exceeded the allowed limit. It will be truncated at 997 characters...
IRCT20260429069207N1,Warning: The container &lt;secondary_outcome&gt; or its subtag was empty. Automatically filled with standard structure '-' to comply with the schema sequence.
IRCT20260429069207N1,Warning: The container &lt;secondary_sponsor&gt; or its subtag was empty. Automatically filled with standard structure '-' to comply with the schema sequence.
IRCT20260423069139N1,Warning: The &lt;study_design&gt; tag exceeded the allowed limit. It will be truncated at 997 characters...
IRCT20260423069139N1,Warning: The container &lt;secondary_outcome&gt; or its subtag was empty. Automatically filled with standard structure '-' to comply with the schema sequence.
IRCT20260423069139N1,Warning: The container &lt;secondary_sponsor&gt; or its subtag was empty. Automatically filled with standard structure '-' to comply with the schema sequence.
IRCT20260428069199N1,Warning: The container &lt;secondary_sponsor&gt; or its subtag was empty. Automatically filled with standard structure '-' to comply with the schema sequence.
IRCT20240907062968N7,Warning: The &lt;study_design&gt; tag exceeded the allowed limit. It will be truncated at 997 characters...
IRCT20240907062968N7,Warning: The container &lt;secondary_outcome&gt; or its subtag was empty. Automatically filled with standard structure '-' to comply with the schema sequence.
IRCT20240907062968N7,Warning: The container &lt;secondary_sponsor&gt; or its subtag was empty. Automatically filled with standard structure '-' to comply with the schema sequence.
IRCT20230314057717N6,Warning: The &lt;study_design&gt; tag exceeded the allowed limit. It will be truncated at 997 characters...
IRCT20230314057717N6,Warning: The container &lt;secondary_sponsor&gt; or its subtag was empty. Automatically filled with standard structure '-' to comply with the schema sequence.
IRCT20251215068340N1,Warning: The container &lt;health_condition_code&gt; or its subtag was empty. Automatically filled with standard structure '-' to comply with the schema sequence.
IRCT20251215068340N1,Warning: The container &lt;health_condition_keyword&gt; or its subtag was empty. Automatically filled with standard structure '-' to comply with the schema sequence.
IRCT20251215068340N1,Warning: The container &lt;secondary_sponsor&gt; or its subtag was empty. Automatically filled with standard structure '-' to comply with the schema sequence.
IRCT20211201053244N8,Warning: The &lt;study_design&gt; tag exceeded the allowed limit. It will be truncated at 997 characters...
IRCT20211201053244N8,Warning: The container &lt;secondary_outcome&gt; or its subtag was empty. Automatically filled with standard structure '-' to comply with the schema sequence.
IRCT20211201053244N8,Warning: The container &lt;secondary_sponsor&gt; or its subtag was empty. Automatically filled with standard structure '-' to comply with the schema sequence.
IRCT20230314057717N4,Warning: The &lt;study_design&gt; tag exceeded the allowed limit. It will be truncated at 997 characters...
IRCT20230314057717N4,Warning: The &lt;i_keyword&gt; tag exceeded the allowed limit. It will be truncated at 497 characters...
IRCT20230314057717N4,Warning: The container &lt;secondary_sponsor&gt; or its subtag was empty. Automatically filled with standard structure '-' to comply with the schema sequence.
IRCT20130313012810N96,Warning: The container &lt;health_condition_code&gt; or its subtag was empty. Automatically filled with standard structure '-' to comply with the schema sequence.
IRCT20130313012810N96,Warning: The container &lt;health_condition_keyword&gt; or its subtag was empty. Automatically filled with standard structure '-' to comply with the schema sequence.
IRCT20130313012810N96,Warning: The container &lt;secondary_outcome&gt; or its subtag was empty. Automatically filled with standard structure '-' to comply with the schema sequence.
IRCT20130313012810N96,Warning: The container &lt;secondary_sponsor&gt; or its subtag was empty. Automatically filled with standard structure '-' to comply with the schema sequence.
IRCT20250923067343N3,Warning: The container &lt;health_condition_code&gt; or its subtag was empty. Automatically filled with standard structure '-' to comply with the schema sequence.
IRCT20250923067343N3,Warning: The container &lt;health_condition_keyword&gt; or its subtag was empty. Automatically filled with standard structure '-' to comply with the schema sequence.
IRCT20250923067343N3,Warning: The container &lt;secondary_sponsor&gt; or its subtag was empty. Automatically filled with standard structure '-' to comply with the schema sequence.
IRCT20130708013910N1,Warning: The container &lt;secondary_outcome&gt; or its subtag was empty. Automatically filled with standard structure '-' to comply with the schema sequence.
IRCT20130708013910N1,Warning: The container &lt;secondary_sponsor&gt; or its subtag was empty. Automatically filled with standard structure '-' to comply with the schema sequence.
IRCT20260502069228N1,Warning: The &lt;study_design&gt; tag exceeded the allowed limit. It will be truncated at 997 characters...
IRCT20260502069228N1,Warning: The container &lt;secondary_sponsor&gt; or its subtag was empty. Automatically filled with standard structure '-' to comply with the schema sequence.
IRCT20260210068827N1,Warning: The &lt;i_keyword&gt; tag exceeded the allowed limit. It will be truncated at 497 characters...
IRCT20260210068827N1,Warning: The &lt;i_keyword&gt; tag exceeded the allowed limit. It will be truncated at 497 characters...
IRCT20260210068827N1,Warning: The container &lt;secondary_sponsor&gt; or its subtag was empty. Automatically filled with standard structure '-' to comply with the schema sequence.
IRCT20260428069192N1,Warning: The &lt;results_IPD_description&gt; tag exceeded the allowed limit. It will be truncated at 1997 characters...
IRCT20260428069192N1,Warning: The &lt;study_design&gt; tag exceeded the allowed limit. It will be truncated at 997 characters...
IRCT20260428069192N1,Warning: The container &lt;secondary_sponsor&gt; or its subtag was empty. Automatically filled with standard structure '-' to comply with the schema sequence.
IRCT20121216011763N66,Warning: The container &lt;secondary_sponsor&gt; or its subtag was empty. Automatically filled with standard structure '-' to comply with the schema sequence.
IRCT20260428069198N1,Warning: The container &lt;secondary_sponsor&gt; or its subtag was empty. Automatically filled with standard structure '-' to comply with the schema sequence.
IRCT20210222050463N3,Warning: The &lt;i_freetext&gt; tag exceeded the allowed limit. It will be truncated at 2997 characters...
IRCT20210222050463N3,Warning: The &lt;i_keyword&gt; tag exceeded the allowed limit. It will be truncated at 497 characters...
IRCT20210222050463N3,Warning: The container &lt;health_condition_code&gt; or its subtag was empty. Automatically filled with standard structure '-' to comply with the schema sequence.
IRCT20210222050463N3,Warning: The container &lt;health_condition_keyword&gt; or its subtag was empty. Automatically filled with standard structure '-' to comply with the schema sequence.
IRCT20210222050463N3,Warning: The container &lt;secondary_outcome&gt; or its subtag was empty. Automatically filled with standard structure '-' to comply with the schema sequence.
IRCT20210222050463N3,Warning: The container &lt;secondary_sponsor&gt; or its subtag was empty. Automatically filled with standard structure '-' to comply with the schema sequence.
IRCT20260430069218N1,Warning: The container &lt;health_condition_code&gt; or its subtag was empty. Automatically filled with standard structure '-' to comply with the schema sequence.
IRCT20260430069218N1,Warning: The container &lt;health_condition_keyword&gt; or its subtag was empty. Automatically filled with standard structure '-' to comply with the schema sequence.
IRCT20260430069218N1,Warning: The container &lt;secondary_outcome&gt; or its subtag was empty. Automatically filled with standard structure '-' to comply with the schema sequence.
IRCT20260430069218N1,Warning: The container &lt;secondary_sponsor&gt; or its subtag was empty. Automatically filled with standard structure '-' to comply with the schema sequence.
IRCT20260429069210N1,Warning: The &lt;study_design&gt; tag exceeded the allowed limit. It will be truncated at 997 characters...
IRCT20260429069210N1,Warning: The &lt;i_keyword&gt; tag exceeded the allowed limit. It will be truncated at 497 characters...
IRCT20260429069210N1,Warning: The &lt;i_keyword&gt; tag exceeded the allowed limit. It will be truncated at 497 characters...
IRCT20260429069210N1,Warning: The container &lt;secondary_outcome&gt; or its subtag was empty. Automatically filled with standard structure '-' to comply with the schema sequence.
IRCT20260429069210N1,Warning: The container &lt;secondary_sponsor&gt; or its subtag was empty. Automatically filled with standard structure '-' to comply with the schema sequence.
IRCT20120212008978N4,Warning: The &lt;i_keyword&gt; tag exceeded the allowed limit. It will be truncated at 497 characters...
IRCT20120212008978N4,Warning: The container &lt;health_condition_code&gt; or its subtag was empty. Automatically filled with standard structure '-' to comply with the schema sequence.
IRCT20120212008978N4,Warning: The container &lt;health_condition_keyword&gt; or its subtag was empty. Automatically filled with standard structure '-' to comply with the schema sequence.
IRCT20120212008978N4,Warning: The container &lt;secondary_outcome&gt; or its subtag was empty. Automatically filled with standard structure '-' to comply with the schema sequence.
IRCT20120212008978N4,Warning: The container &lt;secondary_sponsor&gt; or its subtag was empty. Automatically filled with standard structure '-' to comply with the schema sequence.
IRCT20120215009014N607,Warning: The container &lt;secondary_outcome&gt; or its subtag was empty. Automatically filled with standard structure '-' to comply with the schema sequence.
IRCT20120215009014N607,Warning: The container &lt;secondary_sponsor&gt; or its subtag was empty. Automatically filled with standard structure '-' to comply with the schema sequence.
IRCT20260419069108N1,Warning: The &lt;i_keyword&gt; tag exceeded the allowed limit. It will be truncated at 497 characters...
IRCT20260419069108N1,Warning: The &lt;i_keyword&gt; tag exceeded the allowed limit. It will be truncated at 497 characters...
IRCT20260419069108N1,Warning: The container &lt;secondary_outcome&gt; or its subtag was empty. Automatically filled with standard structure '-' to comply with the schema sequence.
IRCT20260419069108N1,Warning: The container &lt;secondary_sponsor&gt; or its subtag was empty. Automatically filled with standard structure '-' to comply with the schema sequence.
IRCT20260502069231N1,Warning: The &lt;study_design&gt; tag exceeded the allowed limit. It will be truncated at 997 characters...
IRCT20260502069231N1,Warning: The container &lt;secondary_outcome&gt; or its subtag was empty. Automatically filled with standard structure '-' to comply with the schema sequence.
IRCT20260502069231N1,Warning: The container &lt;secondary_sponsor&gt; or its subtag was empty. Automatically filled with standard structure '-' to comply with the schema sequence.
IRCT20260426069167N1,Warning: The &lt;study_design&gt; tag exceeded the allowed limit. It will be truncated at 997 characters...
IRCT20260426069167N1,Warning: The container &lt;health_condition_code&gt; or its subtag was empty. Automatically filled with standard structure '-' to comply with the schema sequence.
IRCT20260426069167N1,Warning: The container &lt;health_condition_keyword&gt; or its subtag was empty. Automatically filled with standard structure '-' to comply with the schema sequence.
IRCT20260426069167N1,Warning: The container &lt;secondary_sponsor&gt; or its subtag was empty. Automatically filled with standard structure '-' to comply with the schema sequence.
IRCT20260429069203N1,Warning: The container &lt;secondary_sponsor&gt; or its subtag was empty. Automatically filled with standard structure '-' to comply with the schema sequence.
IRCT20180620040164N106,Warning: The container &lt;secondary_sponsor&gt; or its subtag was empty. Automatically filled with standard structure '-' to comply with the schema sequence.
IRCT20260203068757N1,Warning: The &lt;i_keyword&gt; tag exceeded the allowed limit. It will be truncated at 497 characters...
IRCT20260203068757N1,Warning: The container &lt;secondary_outcome&gt; or its subtag was empty. Automatically filled with standard structure '-' to comply with the schema sequence.
IRCT20260203068757N1,Warning: The container &lt;secondary_sponsor&gt; or its subtag was empty. Automatically filled with standard structure '-' to comply with the schema sequence.
IRCT20260502069236N1,Warning: The &lt;i_keyword&gt; tag exceeded the allowed limit. It will be truncated at 497 characters...
IRCT20260502069236N1,Warning: The &lt;i_keyword&gt; tag exceeded the allowed limit. It will be truncated at 497 characters...
IRCT20260502069236N1,Warning: The container &lt;health_condition_code&gt; or its subtag was empty. Automatically filled with standard structure '-' to comply with the schema sequence.
IRCT20260502069236N1,Warning: The container &lt;health_condition_keyword&gt; or its subtag was empty. Automatically filled with standard structure '-' to comply with the schema sequence.
IRCT20260502069236N1,Warning: The container &lt;secondary_outcome&gt; or its subtag was empty. Automatically filled with standard structure '-' to comply with the schema sequence.
IRCT20260502069236N1,Warning: The container &lt;secondary_sponsor&gt; or its subtag was empty. Automatically filled with standard structure '-' to comply with the schema sequence.
IRCT20250116064403N1,Warning: The &lt;study_design&gt; tag exceeded the allowed limit. It will be truncated at 997 characters...
IRCT20250116064403N1,Warning: The container &lt;secondary_outcome&gt; or its subtag was empty. Automatically filled with standard structure '-' to comply with the schema sequence.
IRCT20250116064403N1,Warning: The container &lt;secondary_sponsor&gt; or its subtag was empty. Automatically filled with standard structure '-' to comply with the schema sequence.
IRCT20260502069233N1,Warning: The &lt;study_design&gt; tag exceeded the allowed limit. It will be truncated at 997 characters...
IRCT20260502069233N1,Warning: The container &lt;secondary_outcome&gt; or its subtag was empty. Automatically filled with standard structure '-' to comply with the schema sequence.
IRCT20260502069233N1,Warning: The container &lt;secondary_sponsor&gt; or its subtag was empty. Automatically filled with standard structure '-' to comply with the schema sequence.
IRCT20260501069223N1,Warning: The &lt;study_design&gt; tag exceeded the allowed limit. It will be truncated at 997 characters...
IRCT20260501069223N1,Warning: The &lt;i_keyword&gt; tag exceeded the allowed limit. It will be truncated at 497 characters...
IRCT20260501069223N1,Warning: The container &lt;secondary_outcome&gt; or its subtag was empty. Automatically filled with standard structure '-' to comply with the schema sequence.
IRCT20260501069223N1,Warning: The container &lt;secondary_sponsor&gt; or its subtag was empty. Automatically filled with standard structure '-' to comply with the schema sequence.
IRCT20260421069125N1,Warning: The &lt;study_design&gt; tag exceeded the allowed limit. It will be truncated at 997 characters...
IRCT20260421069125N1,Warning: The container &lt;secondary_sponsor&gt; or its subtag was empty. Automatically filled with standard structure '-' to comply with the schema sequence.
IRCT20100102002963N42,Warning: The container &lt;secondary_outcome&gt; or its subtag was empty. Automatically filled with standard structure '-' to comply with the schema sequence.
IRCT20100102002963N42,Warning: The container &lt;secondary_sponsor&gt; or its subtag was empty. Automatically filled with standard structure '-' to comply with the schema sequence.
IRCT20260120068623N1,Warning: The container &lt;secondary_sponsor&gt; or its subtag was empty. Automatically filled with standard structure '-' to comply with the schema sequence.
IRCT20210325050769N3,Warning: The &lt;study_design&gt; tag exceeded the allowed limit. It will be truncated at 997 characters...
IRCT20210325050769N3,Warning: The &lt;i_keyword&gt; tag exceeded the allowed limit. It will be truncated at 497 characters...
IRCT20210325050769N3,Warning: The container &lt;secondary_sponsor&gt; or its subtag was empty. Automatically filled with standard structure '-' to comply with the schema sequence.
IRCT20260426069165N1,Warning: The container &lt;health_condition_code&gt; or its subtag was empty. Automatically filled with standard structure '-' to comply with the schema sequence.
IRCT20260426069165N1,Warning: The container &lt;health_condition_keyword&gt; or its subtag was empty. Automatically filled with standard structure '-' to comply with the schema sequence.
IRCT20260426069165N1,Warning: The container &lt;secondary_sponsor&gt; or its subtag was empty. Automatically filled with standard structure '-' to comply with the schema sequence.
IRCT20210813052172N4,Warning: The &lt;study_design&gt; tag exceeded the allowed limit. It will be truncated at 997 characters...
IRCT20210813052172N4,Warning: The &lt;i_keyword&gt; tag exceeded the allowed limit. It will be truncated at 497 characters...
IRCT20210813052172N4,Warning: The container &lt;secondary_sponsor&gt; or its subtag was empty. Automatically filled with standard structure '-' to comply with the schema sequence.
IRCT20190726044339N6,Warning: The &lt;study_design&gt; tag exceeded the allowed limit. It will be truncated at 997 characters...
IRCT20190726044339N6,Warning: The container &lt;secondary_outcome&gt; or its subtag was empty. Automatically filled with standard structure '-' to comply with the schema sequence.
IRCT20190726044339N6,Warning: The container &lt;secondary_sponsor&gt; or its subtag was empty. Automatically filled with standard structure '-' to comply with the schema sequence.
IRCT20260209068811N1,Warning: The &lt;results_IPD_description&gt; tag exceeded the allowed limit. It will be truncated at 1997 characters...
IRCT20260209068811N1,Warning: The &lt;study_design&gt; tag exceeded the allowed limit. It will be truncated at 997 characters...
IRCT20260209068811N1,Warning: The container &lt;secondary_sponsor&gt; or its subtag was empty. Automatically filled with standard structure '-' to comply with the schema sequence.
IRCT20260503069250N1,Warning: The &lt;i_keyword&gt; tag exceeded the allowed limit. It will be truncated at 497 characters...
IRCT20260503069250N1,Warning: The &lt;i_keyword&gt; tag exceeded the allowed limit. It will be truncated at 497 characters...
IRCT20260503069250N1,Warning: The container &lt;health_condition_code&gt; or its subtag was empty. Automatically filled with standard structure '-' to comply with the schema sequence.
IRCT20260503069250N1,Warning: The container &lt;health_condition_keyword&gt; or its subtag was empty. Automatically filled with standard structure '-' to comply with the schema sequence.
IRCT20260503069250N1,Warning: The container &lt;secondary_outcome&gt; or its subtag was empty. Automatically filled with standard structure '-' to comply with the schema sequence.
IRCT20260503069250N1,Warning: The container &lt;secondary_sponsor&gt; or its subtag was empty. Automatically filled with standard structure '-' to comply with the schema sequence.
IRCT20260503069248N1,Warning: The &lt;study_design&gt; tag exceeded the allowed limit. It will be truncated at 997 characters...
IRCT20260503069248N1,Warning: The container &lt;secondary_sponsor&gt; or its subtag was empty. Automatically filled with standard structure '-' to comply with the schema sequence.
IRCT20260425069163N1,Warning: The &lt;study_design&gt; tag exceeded the allowed limit. It will be truncated at 997 characters...
IRCT20260425069163N1,Warning: The &lt;i_keyword&gt; tag exceeded the allowed limit. It will be truncated at 497 characters...
IRCT20260425069163N1,Warning: The &lt;i_keyword&gt; tag exceeded the allowed limit. It will be truncated at 497 characters...
IRCT20260425069163N1,Warning: The container &lt;health_condition_code&gt; or its subtag was empty. Automatically filled with standard structure '-' to comply with the schema sequence.
IRCT20260425069163N1,Warning: The container &lt;health_condition_keyword&gt; or its subtag was empty. Automatically filled with standard structure '-' to comply with the schema sequence.
IRCT20260425069163N1,Warning: The container &lt;secondary_sponsor&gt; or its subtag was empty. Automatically filled with standard structure '-' to comply with the schema sequence.
IRCT20260106068578N1,Warning: The &lt;study_design&gt; tag exceeded the allowed limit. It will be truncated at 997 characters...
IRCT20260106068578N1,Warning: The &lt;i_keyword&gt; tag exceeded the allowed limit. It will be truncated at 497 characters...
IRCT20260106068578N1,Warning: The &lt;i_keyword&gt; tag exceeded the allowed limit. It will be truncated at 497 characters...
IRCT20260106068578N1,Warning: The container &lt;health_condition_code&gt; or its subtag was empty. Automatically filled with standard structure '-' to comply with the schema sequence.
IRCT20260106068578N1,Warning: The container &lt;health_condition_keyword&gt; or its subtag was empty. Automatically filled with standard structure '-' to comply with the schema sequence.
IRCT20260106068578N1,Warning: The container &lt;secondary_outcome&gt; or its subtag was empty. Automatically filled with standard structure '-' to comply with the schema sequence.
IRCT20260106068578N1,Warning: The container &lt;secondary_sponsor&gt; or its subtag was empty. Automatically filled with standard structure '-' to comply with the schema sequence.
IRCT20251107067902N1,Warning: The &lt;study_design&gt; tag exceeded the allowed limit. It will be truncated at 997 characters...
IRCT20251107067902N1,Warning: The &lt;i_keyword&gt; tag exceeded the allowed limit. It will be truncated at 497 characters...
IRCT20251107067902N1,Warning: The &lt;i_keyword&gt; tag exceeded the allowed limit. It will be truncated at 497 characters...
IRCT20251107067902N1,Warning: The container &lt;secondary_outcome&gt; or its subtag was empty. Automatically filled with standard structure '-' to comply with the schema sequence.
IRCT20251107067902N1,Warning: The container &lt;secondary_sponsor&gt; or its subtag was empty. Automatically filled with standard structure '-' to comply with the schema sequence.
IRCT20250329065176N3,Warning: The &lt;study_design&gt; tag exceeded the allowed limit. It will be truncated at 997 characters...
IRCT20250329065176N3,Warning: The &lt;i_keyword&gt; tag exceeded the allowed limit. It will be truncated at 497 characters...
IRCT20250329065176N3,Warning: The container &lt;secondary_outcome&gt; or its subtag was empty. Automatically filled with standard structure '-' to comply with the schema sequence.
IRCT20250329065176N3,Warning: The container &lt;secondary_sponsor&gt; or its subtag was empty. Automatically filled with standard structure '-' to comply with the schema sequence.
IRCT20260424069148N1,Warning: The &lt;study_design&gt; tag exceeded the allowed limit. It will be truncated at 997 characters...
IRCT20260424069148N1,Warning: The container &lt;secondary_sponsor&gt; or its subtag was empty. Automatically filled with standard structure '-' to comply with the schema sequence.
IRCT20160625028627N9,Warning: The &lt;results_IPD_description&gt; tag exceeded the allowed limit. It will be truncated at 1997 characters...
IRCT20160625028627N9,Warning: The &lt;study_design&gt; tag exceeded the allowed limit. It will be truncated at 997 characters...
IRCT20160625028627N9,Warning: The &lt;i_keyword&gt; tag exceeded the allowed limit. It will be truncated at 497 characters...
IRCT20160625028627N9,Warning: The &lt;i_keyword&gt; tag exceeded the allowed limit. It will be truncated at 497 characters...
IRCT20160625028627N9,Warning: The &lt;i_keyword&gt; tag exceeded the allowed limit. It will be truncated at 497 characters...
IRCT20160625028627N9,Warning: The container &lt;secondary_outcome&gt; or its subtag was empty. Automatically filled with standard structure '-' to comply with the schema sequence.
IRCT20160625028627N9,Warning: The container &lt;secondary_sponsor&gt; or its subtag was empty. Automatically filled with standard structure '-' to comply with the schema sequence.
IRCT20250624066242N4,Warning: The container &lt;health_condition_code&gt; or its subtag was empty. Automatically filled with standard structure '-' to comply with the schema sequence.
IRCT20250624066242N4,Warning: The container &lt;health_condition_keyword&gt; or its subtag was empty. Automatically filled with standard structure '-' to comply with the schema sequence.
IRCT20250624066242N4,Warning: The container &lt;secondary_sponsor&gt; or its subtag was empty. Automatically filled with standard structure '-' to comply with the schema sequence.
IRCT20260102068526N1,Warning: The &lt;study_design&gt; tag exceeded the allowed limit. It will be truncated at 997 characters...
IRCT20260102068526N1,Warning: The &lt;i_keyword&gt; tag exceeded the allowed limit. It will be truncated at 497 characters...
IRCT20260102068526N1,Warning: The container &lt;secondary_outcome&gt; or its subtag was empty. Automatically filled with standard structure '-' to comply with the schema sequence.
IRCT20260102068526N1,Warning: The container &lt;secondary_sponsor&gt; or its subtag was empty. Automatically filled with standard structure '-' to comply with the schema sequence.
IRCT20201019049080N3,Warning: The &lt;study_design&gt; tag exceeded the allowed limit. It will be truncated at 997 characters...
IRCT20201019049080N3,Warning: The &lt;i_keyword&gt; tag exceeded the allowed limit. It will be truncated at 497 characters...
IRCT20201019049080N3,Warning: The container &lt;secondary_outcome&gt; or its subtag was empty. Automatically filled with standard structure '-' to comply with the schema sequence.
IRCT20201019049080N3,Warning: The container &lt;secondary_sponsor&gt; or its subtag was empty. Automatically filled with standard structure '-' to comply with the schema sequence.
IRCT20150721023282N32,Warning: The container &lt;secondary_sponsor&gt; or its subtag was empty. Automatically filled with standard structure '-' to comply with the schema sequence.
IRCT20190210042676N50,Warning: The container &lt;secondary_sponsor&gt; or its subtag was empty. Automatically filled with standard structure '-' to comply with the schema sequence.
IRCT20260427069190N1,Warning: The &lt;i_keyword&gt; tag exceeded the allowed limit. It will be truncated at 497 characters...
IRCT20260427069190N1,Warning: The container &lt;health_condition_code&gt; or its subtag was empty. Automatically filled with standard structure '-' to comply with the schema sequence.
IRCT20260427069190N1,Warning: The container &lt;health_condition_keyword&gt; or its subtag was empty. Automatically filled with standard structure '-' to comply with the schema sequence.
IRCT20260427069190N1,Warning: The container &lt;secondary_outcome&gt; or its subtag was empty. Automatically filled with standard structure '-' to comply with the schema sequence.
IRCT20260427069190N1,Warning: The container &lt;secondary_sponsor&gt; or its subtag was empty. Automatically filled with standard structure '-' to comply with the schema sequence.
IRCT20231128060213N2,Warning: The &lt;i_keyword&gt; tag exceeded the allowed limit. It will be truncated at 497 characters...
IRCT20231128060213N2,Warning: The container &lt;secondary_sponsor&gt; or its subtag was empty. Automatically filled with standard structure '-' to comply with the schema sequence.
IRCT20150919024080N27,Warning: The &lt;i_freetext&gt; tag exceeded the allowed limit. It will be truncated at 2997 characters...
IRCT20150919024080N27,Warning: The &lt;study_design&gt; tag exceeded the allowed limit. It will be truncated at 997 characters...
IRCT20150919024080N27,Warning: The &lt;i_keyword&gt; tag exceeded the allowed limit. It will be truncated at 497 characters...
IRCT20150919024080N27,Warning: The container &lt;secondary_outcome&gt; or its subtag was empty. Automatically filled with standard structure '-' to comply with the schema sequence.
IRCT20150919024080N27,Warning: The container &lt;secondary_sponsor&gt; or its subtag was empty. Automatically filled with standard structure '-' to comply with the schema sequence.
IRCT20251208068253N2,Warning: The &lt;results_IPD_description&gt; tag exceeded the allowed limit. It will be truncated at 1997 characters...
IRCT20251208068253N2,Warning: The &lt;study_design&gt; tag exceeded the allowed limit. It will be truncated at 997 characters...
IRCT20251208068253N2,Warning: The &lt;i_keyword&gt; tag exceeded the allowed limit. It will be truncated at 497 characters...
IRCT20251208068253N2,Warning: The &lt;i_keyword&gt; tag exceeded the allowed limit. It will be truncated at 497 characters...
IRCT20251208068253N2,Warning: The container &lt;secondary_sponsor&gt; or its subtag was empty. Automatically filled with standard structure '-' to comply with the schema sequence.
IRCT20260503069252N1,Warning: The &lt;study_design&gt; tag exceeded the allowed limit. It will be truncated at 997 characters...
IRCT20260503069252N1,Warning: The container &lt;health_condition_code&gt; or its subtag was empty. Automatically filled with standard structure '-' to comply with the schema sequence.
IRCT20260503069252N1,Warning: The container &lt;health_condition_keyword&gt; or its subtag was empty. Automatically filled with standard structure '-' to comply with the schema sequence.
IRCT20260503069252N1,Warning: The container &lt;secondary_sponsor&gt; or its subtag was empty. Automatically filled with standard structure '-' to comply with the schema sequence.
IRCT20250902067095N2,Warning: The container &lt;health_condition_code&gt; or its subtag was empty. Automatically filled with standard structure '-' to comply with the schema sequence.
IRCT20250902067095N2,Warning: The container &lt;health_condition_keyword&gt; or its subtag was empty. Automatically filled with standard structure '-' to comply with the schema sequence.
IRCT20250902067095N2,Warning: The container &lt;secondary_sponsor&gt; or its subtag was empty. Automatically filled with standard structure '-' to comply with the schema sequence.
IRCT20160422027520N28,Warning: The container &lt;health_condition_code&gt; or its subtag was empty. Automatically filled with standard structure '-' to comply with the schema sequence.
IRCT20160422027520N28,Warning: The container &lt;health_condition_keyword&gt; or its subtag was empty. Automatically filled with standard structure '-' to comply with the schema sequence.
IRCT20160422027520N28,Warning: The container &lt;secondary_outcome&gt; or its subtag was empty. Automatically filled with standard structure '-' to comply with the schema sequence.
IRCT20160422027520N28,Warning: The container &lt;secondary_sponsor&gt; or its subtag was empty. Automatically filled with standard structure '-' to comply with the schema sequence.
IRCT20180902040927N6,Warning: The &lt;study_design&gt; tag exceeded the allowed limit. It will be truncated at 997 characters...
IRCT20180902040927N6,Warning: The container &lt;secondary_sponsor&gt; or its subtag was empty. Automatically filled with standard structure '-' to comply with the schema sequence.
IRCT20190530043762N3,Warning: The &lt;study_design&gt; tag exceeded the allowed limit. It will be truncated at 997 characters...
IRCT20190530043762N3,Warning: The container &lt;secondary_sponsor&gt; or its subtag was empty. Automatically filled with standard structure '-' to comply with the schema sequence.
IRCT20240804062647N27,Warning: The &lt;study_design&gt; tag exceeded the allowed limit. It will be truncated at 997 characters...
IRCT20240804062647N27,Warning: The container &lt;health_condition_code&gt; or its subtag was empty. Automatically filled with standard structure '-' to comply with the schema sequence.
IRCT20240804062647N27,Warning: The container &lt;health_condition_keyword&gt; or its subtag was empty. Automatically filled with standard structure '-' to comply with the schema sequence.
IRCT20240804062647N27,Warning: The container &lt;secondary_sponsor&gt; or its subtag was empty. Automatically filled with standard structure '-' to comply with the schema sequence.
IRCT20240804062647N24,Warning: The &lt;study_design&gt; tag exceeded the allowed limit. It will be truncated at 997 characters...
IRCT20240804062647N24,Warning: The container &lt;health_condition_code&gt; or its subtag was empty. Automatically filled with standard structure '-' to comply with the schema sequence.
IRCT20240804062647N24,Warning: The container &lt;health_condition_keyword&gt; or its subtag was empty. Automatically filled with standard structure '-' to comply with the schema sequence.
IRCT20240804062647N24,Warning: The container &lt;secondary_sponsor&gt; or its subtag was empty. Automatically filled with standard structure '-' to comply with the schema sequence.
IRCT20260505069264N1,Warning: The container &lt;health_condition_code&gt; or its subtag was empty. Automatically filled with standard structure '-' to comply with the schema sequence.
IRCT20260505069264N1,Warning: The container &lt;health_condition_keyword&gt; or its subtag was empty. Automatically filled with standard structure '-' to comply with the schema sequence.
IRCT20260505069264N1,Warning: The container &lt;secondary_sponsor&gt; or its subtag was empty. Automatically filled with standard structure '-' to comply with the schema sequence.
IRCT20260505069271N1,Warning: The &lt;study_design&gt; tag exceeded the allowed limit. It will be truncated at 997 characters...
IRCT20260505069271N1,Warning: The &lt;i_keyword&gt; tag exceeded the allowed limit. It will be truncated at 497 characters...
IRCT20260505069271N1,Warning: The &lt;i_keyword&gt; tag exceeded the allowed limit. It will be truncated at 497 characters...
IRCT20260505069271N1,Warning: The container &lt;health_condition_code&gt; or its subtag was empty. Automatically filled with standard structure '-' to comply with the schema sequence.
IRCT20260505069271N1,Warning: The container &lt;health_condition_keyword&gt; or its subtag was empty. Automatically filled with standard structure '-' to comply with the schema sequence.
IRCT20260505069271N1,Warning: The container &lt;secondary_outcome&gt; or its subtag was empty. Automatically filled with standard structure '-' to comply with the schema sequence.
IRCT20260505069271N1,Warning: The container &lt;secondary_sponsor&gt; or its subtag was empty. Automatically filled with standard structure '-' to comply with the schema sequence.
IRCT20260423069136N1,Warning: The container &lt;secondary_sponsor&gt; or its subtag was empty. Automatically filled with standard structure '-' to comply with the schema sequence.
IRCT20200625047913N20,Warning: The container &lt;secondary_outcome&gt; or its subtag was empty. Automatically filled with standard structure '-' to comply with the schema sequence.
IRCT20200625047913N20,Warning: The container &lt;secondary_sponsor&gt; or its subtag was empty. Automatically filled with standard structure '-' to comply with the schema sequence.
IRCT20260502069240N1,Warning: The &lt;study_design&gt; tag exceeded the allowed limit. It will be truncated at 997 characters...
IRCT20260502069240N1,Warning: The container &lt;secondary_outcome&gt; or its subtag was empty. Automatically filled with standard structure '-' to comply with the schema sequence.
IRCT20260502069240N1,Warning: The container &lt;secondary_sponsor&gt; or its subtag was empty. Automatically filled with standard structure '-' to comply with the schema sequence.
IRCT20260505069273N1,Warning: The &lt;study_design&gt; tag exceeded the allowed limit. It will be truncated at 997 characters...
IRCT20260505069273N1,Warning: The container &lt;health_condition_code&gt; or its subtag was empty. Automatically filled with standard structure '-' to comply with the schema sequence.
IRCT20260505069273N1,Warning: The container &lt;health_condition_keyword&gt; or its subtag was empty. Automatically filled with standard structure '-' to comply with the schema sequence.
IRCT20260505069273N1,Warning: The container &lt;secondary_sponsor&gt; or its subtag was empty. Automatically filled with standard structure '-' to comply with the schema sequence.
IRCT20130424013110N14,Warning: The &lt;study_design&gt; tag exceeded the allowed limit. It will be truncated at 997 characters...
IRCT20130424013110N14,Warning: The &lt;i_keyword&gt; tag exceeded the allowed limit. It will be truncated at 497 characters...
IRCT20130424013110N14,Warning: The container &lt;secondary_outcome&gt; or its subtag was empty. Automatically filled with standard structure '-' to comply with the schema sequence.
IRCT20130424013110N14,Warning: The container &lt;secondary_sponsor&gt; or its subtag was empty. Automatically filled with standard structure '-' to comply with the schema sequence.
IRCT20170117032025N13,Warning: The &lt;i_keyword&gt; tag exceeded the allowed limit. It will be truncated at 497 characters...
IRCT20170117032025N13,Warning: The &lt;i_keyword&gt; tag exceeded the allowed limit. It will be truncated at 497 characters...
IRCT20170117032025N13,Warning: The container &lt;secondary_outcome&gt; or its subtag was empty. Automatically filled with standard structure '-' to comply with the schema sequence.
IRCT20170117032025N13,Warning: The container &lt;secondary_sponsor&gt; or its subtag was empty. Automatically filled with standard structure '-' to comply with the schema sequence.
IRCT20260506069278N1,Warning: The &lt;study_design&gt; tag exceeded the allowed limit. It will be truncated at 997 characters...
IRCT20260506069278N1,Warning: The container &lt;health_condition_code&gt; or its subtag was empty. Automatically filled with standard structure '-' to comply with the schema sequence.
IRCT20260506069278N1,Warning: The container &lt;health_condition_keyword&gt; or its subtag was empty. Automatically filled with standard structure '-' to comply with the schema sequence.
IRCT20260506069278N1,Warning: The container &lt;secondary_sponsor&gt; or its subtag was empty. Automatically filled with standard structure '-' to comply with the schema sequence.
IRCT20260430069214N1,Warning: The container &lt;secondary_outcome&gt; or its subtag was empty. Automatically filled with standard structure '-' to comply with the schema sequence.
IRCT20260430069214N1,Warning: The container &lt;secondary_sponsor&gt; or its subtag was empty. Automatically filled with standard structure '-' to comply with the schema sequence.
IRCT20260505069267N1,Warning: The container &lt;health_condition_code&gt; or its subtag was empty. Automatically filled with standard structure '-' to comply with the schema sequence.
IRCT20260505069267N1,Warning: The container &lt;health_condition_keyword&gt; or its subtag was empty. Automatically filled with standard structure '-' to comply with the schema sequence.
IRCT20260505069267N1,Warning: The container &lt;secondary_outcome&gt; or its subtag was empty. Automatically filled with standard structure '-' to comply with the schema sequence.
IRCT20260505069267N1,Warning: The container &lt;secondary_sponsor&gt; or its subtag was empty. Automatically filled with standard structure '-' to comply with the schema sequence.
IRCT20100621004224N39,Warning: The container &lt;secondary_outcome&gt; or its subtag was empty. Automatically filled with standard structure '-' to comply with the schema sequence.
IRCT20100621004224N39,Warning: The container &lt;secondary_sponsor&gt; or its subtag was empty. Automatically filled with standard structure '-' to comply with the schema sequence.
IRCT20180609040016N9,Warning: The &lt;study_design&gt; tag exceeded the allowed limit. It will be truncated at 997 characters...
IRCT20180609040016N9,Warning: The &lt;i_keyword&gt; tag exceeded the allowed limit. It will be truncated at 497 characters...
IRCT20180609040016N9,Warning: The container &lt;health_condition_code&gt; or its subtag was empty. Automatically filled with standard structure '-' to comply with the schema sequence.
IRCT20180609040016N9,Warning: The container &lt;health_condition_keyword&gt; or its subtag was empty. Automatically filled with standard structure '-' to comply with the schema sequence.
IRCT20180609040016N9,Warning: The container &lt;secondary_outcome&gt; or its subtag was empty. Automatically filled with standard structure '-' to comply with the schema sequence.
IRCT20180609040016N9,Warning: The container &lt;secondary_sponsor&gt; or its subtag was empty. Automatically filled with standard structure '-' to comply with the schema sequence.
IRCT20260506069279N1,Warning: The &lt;study_design&gt; tag exceeded the allowed limit. It will be truncated at 997 characters...
IRCT20260506069279N1,Warning: The &lt;i_keyword&gt; tag exceeded the allowed limit. It will be truncated at 497 characters...
IRCT20260506069279N1,Warning: The &lt;i_keyword&gt; tag exceeded the allowed limit. It will be truncated at 497 characters...
IRCT20260506069279N1,Warning: The &lt;i_keyword&gt; tag exceeded the allowed limit. It will be truncated at 497 characters...
IRCT20260506069279N1,Warning: The container &lt;health_condition_code&gt; or its subtag was empty. Automatically filled with standard structure '-' to comply with the schema sequence.
IRCT20260506069279N1,Warning: The container &lt;health_condition_keyword&gt; or its subtag was empty. Automatically filled with standard structure '-' to comply with the schema sequence.
IRCT20260506069279N1,Warning: The container &lt;secondary_sponsor&gt; or its subtag was empty. Automatically filled with standard structure '-' to comply with the schema sequence.
IRCT20160706028815N7,Warning: The container &lt;secondary_sponsor&gt; or its subtag was empty. Automatically filled with standard structure '-' to comply with the schema sequence.
IRCT20260504069262N1,Warning: The &lt;study_design&gt; tag exceeded the allowed limit. It will be truncated at 997 characters...
IRCT20260504069262N1,Warning: The container &lt;secondary_sponsor&gt; or its subtag was empty. Automatically filled with standard structure '-' to comply with the schema sequence.
IRCT20180722040555N6,Warning: The &lt;study_design&gt; tag exceeded the allowed limit. It will be truncated at 997 characters...
IRCT20180722040555N6,Warning: The &lt;i_keyword&gt; tag exceeded the allowed limit. It will be truncated at 497 characters...
IRCT20180722040555N6,Warning: The container &lt;health_condition_code&gt; or its subtag was empty. Automatically filled with standard structure '-' to comply with the schema sequence.
IRCT20180722040555N6,Warning: The container &lt;health_condition_keyword&gt; or its subtag was empty. Automatically filled with standard structure '-' to comply with the schema sequence.
IRCT20180722040555N6,Warning: The container &lt;secondary_sponsor&gt; or its subtag was empty. Automatically filled with standard structure '-' to comply with the schema sequence.
IRCT20240504061648N5,Warning: The &lt;study_design&gt; tag exceeded the allowed limit. It will be truncated at 997 characters...
IRCT20240504061648N5,Warning: The container &lt;secondary_outcome&gt; or its subtag was empty. Automatically filled with standard structure '-' to comply with the schema sequence.
IRCT20240504061648N5,Warning: The container &lt;secondary_sponsor&gt; or its subtag was empty. Automatically filled with standard structure '-' to comply with the schema sequence.
IRCT20240504061648N4,Warning: The container &lt;secondary_outcome&gt; or its subtag was empty. Automatically filled with standard structure '-' to comply with the schema sequence.
IRCT20240504061648N4,Warning: The container &lt;secondary_sponsor&gt; or its subtag was empty. Automatically filled with standard structure '-' to comply with the schema sequence.
IRCT20260506069276N1,Warning: The &lt;study_design&gt; tag exceeded the allowed limit. It will be truncated at 997 characters...
IRCT20260506069276N1,Warning: The container &lt;health_condition_code&gt; or its subtag was empty. Automatically filled with standard structure '-' to comply with the schema sequence.
IRCT20260506069276N1,Warning: The container &lt;health_condition_keyword&gt; or its subtag was empty. Automatically filled with standard structure '-' to comply with the schema sequence.
IRCT20260506069276N1,Warning: The container &lt;secondary_outcome&gt; or its subtag was empty. Automatically filled with standard structure '-' to comply with the schema sequence.
IRCT20260506069276N1,Warning: The container &lt;secondary_sponsor&gt; or its subtag was empty. Automatically filled with standard structure '-' to comply with the schema sequence.
IRCT20210712051854N9,Warning: The &lt;i_freetext&gt; tag exceeded the allowed limit. It will be truncated at 2997 characters...
IRCT20210712051854N9,Warning: The &lt;i_keyword&gt; tag exceeded the allowed limit. It will be truncated at 497 characters...
IRCT20210712051854N9,Warning: The container &lt;secondary_sponsor&gt; or its subtag was empty. Automatically filled with standard structure '-' to comply with the schema sequence.
IRCT20190325043107N76,Warning: The &lt;study_design&gt; tag exceeded the allowed limit. It will be truncated at 997 characters...
IRCT20190325043107N76,Warning: The container &lt;secondary_outcome&gt; or its subtag was empty. Automatically filled with standard structure '-' to comply with the schema sequence.
IRCT20190325043107N76,Warning: The container &lt;secondary_sponsor&gt; or its subtag was empty. Automatically filled with standard structure '-' to comply with the schema sequence.
IRCT20191104045328N54,Warning: The &lt;study_design&gt; tag exceeded the allowed limit. It will be truncated at 997 characters...
IRCT20191104045328N54,Warning: The container &lt;secondary_sponsor&gt; or its subtag was empty. Automatically filled with standard structure '-' to comply with the schema sequence.
IRCT20260509069297N1,Warning: The container &lt;secondary_sponsor&gt; or its subtag was empty. Automatically filled with standard structure '-' to comply with the schema sequence.
IRCT20130313012810N93,Warning: The container &lt;health_condition_code&gt; or its subtag was empty. Automatically filled with standard structure '-' to comply with the schema sequence.
IRCT20130313012810N93,Warning: The container &lt;health_condition_keyword&gt; or its subtag was empty. Automatically filled with standard structure '-' to comply with the schema sequence.
IRCT20130313012810N93,Warning: The container &lt;secondary_outcome&gt; or its subtag was empty. Automatically filled with standard structure '-' to comply with the schema sequence.
IRCT20130313012810N93,Warning: The container &lt;secondary_sponsor&gt; or its subtag was empty. Automatically filled with standard structure '-' to comply with the schema sequence.
IRCT20260504069257N1,Warning: The &lt;study_design&gt; tag exceeded the allowed limit. It will be truncated at 997 characters...
IRCT20260504069257N1,Warning: The &lt;i_keyword&gt; tag exceeded the allowed limit. It will be truncated at 497 characters...
IRCT20260504069257N1,Warning: The container &lt;secondary_outcome&gt; or its subtag was empty. Automatically filled with standard structure '-' to comply with the schema sequence.
IRCT20260504069257N1,Warning: The container &lt;secondary_sponsor&gt; or its subtag was empty. Automatically filled with standard structure '-' to comply with the schema sequence.
IRCT20251115068000N1,Warning: The &lt;study_design&gt; tag exceeded the allowed limit. It will be truncated at 997 characters...
IRCT20251115068000N1,Warning: The &lt;i_keyword&gt; tag exceeded the allowed limit. It will be truncated at 497 characters...
IRCT20251115068000N1,Warning: The container &lt;secondary_outcome&gt; or its subtag was empty. Automatically filled with standard structure '-' to comply with the schema sequence.
IRCT20251115068000N1,Warning: The container &lt;secondary_sponsor&gt; or its subtag was empty. Automatically filled with standard structure '-' to comply with the schema sequence.
IRCT20191104045328N55,Warning: The &lt;study_design&gt; tag exceeded the allowed limit. It will be truncated at 997 characters...
IRCT20191104045328N55,Warning: The &lt;i_keyword&gt; tag exceeded the allowed limit. It will be truncated at 497 characters...
IRCT20191104045328N55,Warning: The &lt;i_keyword&gt; tag exceeded the allowed limit. It will be truncated at 497 characters...
IRCT20191104045328N55,Warning: The container &lt;secondary_outcome&gt; or its subtag was empty. Automatically filled with standard structure '-' to comply with the schema sequence.
IRCT20191104045328N55,Warning: The container &lt;secondary_sponsor&gt; or its subtag was empty. Automatically filled with standard structure '-' to comply with the schema sequence.
IRCT20251118068036N3,Warning: The &lt;study_design&gt; tag exceeded the allowed limit. It will be truncated at 997 characters...
IRCT20251118068036N3,Warning: The container &lt;secondary_sponsor&gt; or its subtag was empty. Automatically filled with standard structure '-' to comply with the schema sequence.
IRCT20230923059490N2,Warning: The &lt;study_design&gt; tag exceeded the allowed limit. It will be truncated at 997 characters...
IRCT20230923059490N2,Warning: The container &lt;health_condition_code&gt; or its subtag was empty. Automatically filled with standard structure '-' to comply with the schema sequence.
IRCT20230923059490N2,Warning: The container &lt;secondary_outcome&gt; or its subtag was empty. Automatically filled with standard structure '-' to comply with the schema sequence.
IRCT20230923059490N2,Warning: The container &lt;secondary_sponsor&gt; or its subtag was empty. Automatically filled with standard structure '-' to comply with the schema sequence.
IRCT20260508069295N1,Warning: The &lt;study_design&gt; tag exceeded the allowed limit. It will be truncated at 997 characters...
IRCT20260508069295N1,Warning: The &lt;i_keyword&gt; tag exceeded the allowed limit. It will be truncated at 497 characters...
IRCT20260508069295N1,Warning: The container &lt;health_condition_code&gt; or its subtag was empty. Automatically filled with standard structure '-' to comply with the schema sequence.
IRCT20260508069295N1,Warning: The container &lt;health_condition_keyword&gt; or its subtag was empty. Automatically filled with standard structure '-' to comply with the schema sequence.
IRCT20260508069295N1,Warning: The container &lt;secondary_outcome&gt; or its subtag was empty. Automatically filled with standard structure '-' to comply with the schema sequence.
IRCT20260508069295N1,Warning: The container &lt;secondary_sponsor&gt; or its subtag was empty. Automatically filled with standard structure '-' to comply with the schema sequence.
IRCT20260505069265N1,Warning: The &lt;results_IPD_description&gt; tag exceeded the allowed limit. It will be truncated at 1997 characters...
IRCT20260505069265N1,Warning: The container &lt;health_condition_code&gt; or its subtag was empty. Automatically filled with standard structure '-' to comply with the schema sequence.
IRCT20260505069265N1,Warning: The container &lt;health_condition_keyword&gt; or its subtag was empty. Automatically filled with standard structure '-' to comply with the schema sequence.
IRCT20260505069265N1,Warning: The container &lt;secondary_outcome&gt; or its subtag was empty. Automatically filled with standard structure '-' to comply with the schema sequence.
IRCT20260505069265N1,Warning: The container &lt;secondary_sponsor&gt; or its subtag was empty. Automatically filled with standard structure '-' to comply with the schema sequence.
IRCT20190325043107N75,Warning: The &lt;study_design&gt; tag exceeded the allowed limit. It will be truncated at 997 characters...
IRCT20190325043107N75,Warning: The container &lt;secondary_outcome&gt; or its subtag was empty. Automatically filled with standard structure '-' to comply with the schema sequence.
IRCT20190325043107N75,Warning: The container &lt;secondary_sponsor&gt; or its subtag was empty. Automatically filled with standard structure '-' to comply with the schema sequence.
IRCT20101220005426N15,Warning: The &lt;i_keyword&gt; tag exceeded the allowed limit. It will be truncated at 497 characters...
IRCT20101220005426N15,Warning: The &lt;i_keyword&gt; tag exceeded the allowed limit. It will be truncated at 497 characters...
IRCT20101220005426N15,Warning: The container &lt;secondary_sponsor&gt; or its subtag was empty. Automatically filled with standard structure '-' to comply with the schema sequence.
IRCT20120910010800N17,Warning: The &lt;study_design&gt; tag exceeded the allowed limit. It will be truncated at 997 characters...
IRCT20120910010800N17,Warning: The &lt;i_keyword&gt; tag exceeded the allowed limit. It will be truncated at 497 characters...
IRCT20120910010800N17,Warning: The container &lt;secondary_outcome&gt; or its subtag was empty. Automatically filled with standard structure '-' to comply with the schema sequence.
IRCT20120910010800N17,Warning: The container &lt;secondary_sponsor&gt; or its subtag was empty. Automatically filled with standard structure '-' to comply with the schema sequence.
IRCT20260508069290N1,Warning: The container &lt;secondary_sponsor&gt; or its subtag was empty. Automatically filled with standard structure '-' to comply with the schema sequence.
IRCT20260508069293N1,Warning: The &lt;study_design&gt; tag exceeded the allowed limit. It will be truncated at 997 characters...
IRCT20260508069293N1,Warning: The container &lt;health_condition_code&gt; or its subtag was empty. Automatically filled with standard structure '-' to comply with the schema sequence.
IRCT20260508069293N1,Warning: The container &lt;health_condition_keyword&gt; or its subtag was empty. Automatically filled with standard structure '-' to comply with the schema sequence.
IRCT20260508069293N1,Warning: The container &lt;secondary_outcome&gt; or its subtag was empty. Automatically filled with standard structure '-' to comply with the schema sequence.
IRCT20260508069293N1,Warning: The container &lt;secondary_sponsor&gt; or its subtag was empty. Automatically filled with standard structure '-' to comply with the schema sequence.
IRCT20260505069272N1,Warning: The &lt;i_freetext&gt; tag exceeded the allowed limit. It will be truncated at 2997 characters...
IRCT20260505069272N1,Warning: The &lt;study_design&gt; tag exceeded the allowed limit. It will be truncated at 997 characters...
IRCT20260505069272N1,Warning: The &lt;i_keyword&gt; tag exceeded the allowed limit. It will be truncated at 497 characters...
IRCT20260505069272N1,Warning: The &lt;i_keyword&gt; tag exceeded the allowed limit. It will be truncated at 497 characters...
IRCT20260505069272N1,Warning: The container &lt;health_condition_code&gt; or its subtag was empty. Automatically filled with standard structure '-' to comply with the schema sequence.
IRCT20260505069272N1,Warning: The container &lt;health_condition_keyword&gt; or its subtag was empty. Automatically filled with standard structure '-' to comply with the schema sequence.
IRCT20260505069272N1,Warning: The container &lt;secondary_sponsor&gt; or its subtag was empty. Automatically filled with standard structure '-' to comply with the schema sequence.
IRCT20191123045478N4,Warning: The container &lt;secondary_sponsor&gt; or its subtag was empty. Automatically filled with standard structure '-' to comply with the schema sequence.
IRCT20180719040526N2,Warning: The container &lt;secondary_sponsor&gt; or its subtag was empty. Automatically filled with standard structure '-' to comply with the schema sequence.
IRCT20211123053154N2,Warning: The &lt;study_design&gt; tag exceeded the allowed limit. It will be truncated at 997 characters...
IRCT20211123053154N2,Warning: The container &lt;secondary_outcome&gt; or its subtag was empty. Automatically filled with standard structure '-' to comply with the schema sequence.
IRCT20211123053154N2,Warning: The container &lt;secondary_sponsor&gt; or its subtag was empty. Automatically filled with standard structure '-' to comply with the schema sequence.
IRCT20260510069326N1,Warning: The container &lt;secondary_sponsor&gt; or its subtag was empty. Automatically filled with standard structure '-' to comply with the schema sequence.
IRCT20260509069314N1,Warning: The &lt;study_design&gt; tag exceeded the allowed limit. It will be truncated at 997 characters...
IRCT20260509069314N1,Warning: The container &lt;secondary_sponsor&gt; or its subtag was empty. Automatically filled with standard structure '-' to comply with the schema sequence.
IRCT20260509069311N1,Warning: The container &lt;secondary_outcome&gt; or its subtag was empty. Automatically filled with standard structure '-' to comply with the schema sequence.
IRCT20260509069311N1,Warning: The container &lt;secondary_sponsor&gt; or its subtag was empty. Automatically filled with standard structure '-' to comply with the schema sequence.
IRCT20151028024760N7,Warning: The &lt;study_design&gt; tag exceeded the allowed limit. It will be truncated at 997 characters...
IRCT20151028024760N7,Warning: The container &lt;secondary_sponsor&gt; or its subtag was empty. Automatically filled with standard structure '-' to comply with the schema sequence.
IRCT20251014067624N2,Warning: The &lt;study_design&gt; tag exceeded the allowed limit. It will be truncated at 997 characters...
IRCT20251014067624N2,Warning: The container &lt;secondary_outcome&gt; or its subtag was empty. Automatically filled with standard structure '-' to comply with the schema sequence.
IRCT20251014067624N2,Warning: The container &lt;secondary_sponsor&gt; or its subtag was empty. Automatically filled with standard structure '-' to comply with the schema sequence.
IRCT20240804062647N26,Warning: The &lt;study_design&gt; tag exceeded the allowed limit. It will be truncated at 997 characters...
IRCT20240804062647N26,Warning: The container &lt;health_condition_code&gt; or its subtag was empty. Automatically filled with standard structure '-' to comply with the schema sequence.
IRCT20240804062647N26,Warning: The container &lt;health_condition_keyword&gt; or its subtag was empty. Automatically filled with standard structure '-' to comply with the schema sequence.
IRCT20240804062647N26,Warning: The container &lt;secondary_sponsor&gt; or its subtag was empty. Automatically filled with standard structure '-' to comply with the schema sequence.
IRCT20240804062647N30,Warning: The &lt;study_design&gt; tag exceeded the allowed limit. It will be truncated at 997 characters...
IRCT20240804062647N30,Warning: The container &lt;health_condition_code&gt; or its subtag was empty. Automatically filled with standard structure '-' to comply with the schema sequence.
IRCT20240804062647N30,Warning: The container &lt;health_condition_keyword&gt; or its subtag was empty. Automatically filled with standard structure '-' to comply with the schema sequence.
IRCT20240804062647N30,Warning: The container &lt;secondary_sponsor&gt; or its subtag was empty. Automatically filled with standard structure '-' to comply with the schema sequence.
IRCT20240804062647N25,Warning: The &lt;study_design&gt; tag exceeded the allowed limit. It will be truncated at 997 characters...
IRCT20240804062647N25,Warning: The container &lt;health_condition_code&gt; or its subtag was empty. Automatically filled with standard structure '-' to comply with the schema sequence.
IRCT20240804062647N25,Warning: The container &lt;health_condition_keyword&gt; or its subtag was empty. Automatically filled with standard structure '-' to comply with the schema sequence.
IRCT20240804062647N25,Warning: The container &lt;secondary_sponsor&gt; or its subtag was empty. Automatically filled with standard structure '-' to comply with the schema sequence.
IRCT20240804062647N28,Warning: The &lt;study_design&gt; tag exceeded the allowed limit. It will be truncated at 997 characters...
IRCT20240804062647N28,Warning: The container &lt;health_condition_code&gt; or its subtag was empty. Automatically filled with standard structure '-' to comply with the schema sequence.
IRCT20240804062647N28,Warning: The container &lt;health_condition_keyword&gt; or its subtag was empty. Automatically filled with standard structure '-' to comply with the schema sequence.
IRCT20240804062647N28,Warning: The container &lt;secondary_sponsor&gt; or its subtag was empty. Automatically filled with standard structure '-' to comply with the schema sequence.
IRCT20260509069305N1,Warning: The container &lt;health_condition_code&gt; or its subtag was empty. Automatically filled with standard structure '-' to comply with the schema sequence.
IRCT20260509069305N1,Warning: The container &lt;health_condition_keyword&gt; or its subtag was empty. Automatically filled with standard structure '-' to comply with the schema sequence.
IRCT20260509069305N1,Warning: The container &lt;secondary_outcome&gt; or its subtag was empty. Automatically filled with standard structure '-' to comply with the schema sequence.
IRCT20260509069305N1,Warning: The container &lt;secondary_sponsor&gt; or its subtag was empty. Automatically filled with standard structure '-' to comply with the schema sequence.
IRCT20260508069292N1,Warning: The &lt;results_IPD_description&gt; tag exceeded the allowed limit. It will be truncated at 1997 characters...
IRCT20260508069292N1,Warning: The &lt;study_design&gt; tag exceeded the allowed limit. It will be truncated at 997 characters...
IRCT20260508069292N1,Warning: The container &lt;health_condition_code&gt; or its subtag was empty. Automatically filled with standard structure '-' to comply with the schema sequence.
IRCT20260508069292N1,Warning: The container &lt;health_condition_keyword&gt; or its subtag was empty. Automatically filled with standard structure '-' to comply with the schema sequence.
IRCT20260508069292N1,Warning: The container &lt;secondary_sponsor&gt; or its subtag was empty. Automatically filled with standard structure '-' to comply with the schema sequence.
IRCT20260508069291N1,Warning: The &lt;i_keyword&gt; tag exceeded the allowed limit. It will be truncated at 497 characters...
IRCT20260508069291N1,Warning: The &lt;i_keyword&gt; tag exceeded the allowed limit. It will be truncated at 497 characters...
IRCT20260508069291N1,Warning: The container &lt;secondary_outcome&gt; or its subtag was empty. Automatically filled with standard structure '-' to comply with the schema sequence.
IRCT20260508069291N1,Warning: The container &lt;secondary_sponsor&gt; or its subtag was empty. Automatically filled with standard structure '-' to comply with the schema sequence.
IRCT20251225068441N1,Warning: The &lt;i_keyword&gt; tag exceeded the allowed limit. It will be truncated at 497 characters...
IRCT20251225068441N1,Warning: The container &lt;secondary_sponsor&gt; or its subtag was empty. Automatically filled with standard structure '-' to comply with the schema sequence.
IRCT20260206068774N1,Warning: The &lt;study_design&gt; tag exceeded the allowed limit. It will be truncated at 997 characters...
IRCT20260206068774N1,Warning: The container &lt;secondary_sponsor&gt; or its subtag was empty. Automatically filled with standard structure '-' to comply with the schema sequence.
IRCT20260508069286N1,Warning: The &lt;study_design&gt; tag exceeded the allowed limit. It will be truncated at 997 characters...
IRCT20260508069286N1,Warning: The container &lt;secondary_outcome&gt; or its subtag was empty. Automatically filled with standard structure '-' to comply with the schema sequence.
IRCT20260508069286N1,Warning: The container &lt;secondary_sponsor&gt; or its subtag was empty. Automatically filled with standard structure '-' to comply with the schema sequence.
IRCT20160625028627N10,Warning: The &lt;results_IPD_description&gt; tag exceeded the allowed limit. It will be truncated at 1997 characters...
IRCT20160625028627N10,Warning: The &lt;study_design&gt; tag exceeded the allowed limit. It will be truncated at 997 characters...
IRCT20160625028627N10,Warning: The &lt;i_keyword&gt; tag exceeded the allowed limit. It will be truncated at 497 characters...
IRCT20160625028627N10,Warning: The &lt;i_keyword&gt; tag exceeded the allowed limit. It will be truncated at 497 characters...
IRCT20160625028627N10,Warning: The container &lt;secondary_sponsor&gt; or its subtag was empty. Automatically filled with standard structure '-' to comply with the schema sequence.
IRCT20240220061059N9,Warning: The &lt;study_design&gt; tag exceeded the allowed limit. It will be truncated at 997 characters...
IRCT20240220061059N9,Warning: The container &lt;secondary_sponsor&gt; or its subtag was empty. Automatically filled with standard structure '-' to comply with the schema sequence.
IRCT20161109030804N3,Warning: The &lt;study_design&gt; tag exceeded the allowed limit. It will be truncated at 997 characters...
IRCT20161109030804N3,Warning: The &lt;i_keyword&gt; tag exceeded the allowed limit. It will be truncated at 497 characters...
IRCT20161109030804N3,Warning: The container &lt;secondary_outcome&gt; or its subtag was empty. Automatically filled with standard structure '-' to comply with the schema sequence.
IRCT20161109030804N3,Warning: The container &lt;secondary_sponsor&gt; or its subtag was empty. Automatically filled with standard structure '-' to comply with the schema sequence.
IRCT20260501069222N1,Warning: The &lt;study_design&gt; tag exceeded the allowed limit. It will be truncated at 997 characters...
IRCT20260501069222N1,Warning: The container &lt;secondary_outcome&gt; or its subtag was empty. Automatically filled with standard structure '-' to comply with the schema sequence.
IRCT20260501069222N1,Warning: The container &lt;secondary_sponsor&gt; or its subtag was empty. Automatically filled with standard structure '-' to comply with the schema sequence.
IRCT20260509069308N1,Warning: The container &lt;secondary_sponsor&gt; or its subtag was empty. Automatically filled with standard structure '-' to comply with the schema sequence.
IRCT20260510069338N1,Warning: The &lt;study_design&gt; tag exceeded the allowed limit. It will be truncated at 997 characters...
IRCT20260510069338N1,Warning: The &lt;i_keyword&gt; tag exceeded the allowed limit. It will be truncated at 497 characters...
IRCT20260510069338N1,Warning: The container &lt;secondary_outcome&gt; or its subtag was empty. Automatically filled with standard structure '-' to comply with the schema sequence.
IRCT20260510069338N1,Warning: The container &lt;secondary_sponsor&gt; or its subtag was empty. Automatically filled with standard structure '-' to comply with the schema sequence.
IRCT20260510069330N1,Warning: The &lt;study_design&gt; tag exceeded the allowed limit. It will be truncated at 997 characters...
IRCT20260510069330N1,Warning: The container &lt;secondary_outcome&gt; or its subtag was empty. Automatically filled with standard structure '-' to comply with the schema sequence.
IRCT20260510069330N1,Warning: The container &lt;secondary_sponsor&gt; or its subtag was empty. Automatically filled with standard structure '-' to comply with the schema sequence.
IRCT20251209068265N1,Warning: The &lt;i_freetext&gt; tag exceeded the allowed limit. It will be truncated at 2997 characters...
IRCT20251209068265N1,Warning: The &lt;study_design&gt; tag exceeded the allowed limit. It will be truncated at 997 characters...
IRCT20251209068265N1,Warning: The &lt;i_keyword&gt; tag exceeded the allowed limit. It will be truncated at 497 characters...
IRCT20251209068265N1,Warning: The &lt;i_keyword&gt; tag exceeded the allowed limit. It will be truncated at 497 characters...
IRCT20251209068265N1,Warning: The container &lt;health_condition_code&gt; or its subtag was empty. Automatically filled with standard structure '-' to comply with the schema sequence.
IRCT20251209068265N1,Warning: The container &lt;health_condition_keyword&gt; or its subtag was empty. Automatically filled with standard structure '-' to comply with the schema sequence.
IRCT20251209068265N1,Warning: The container &lt;secondary_sponsor&gt; or its subtag was empty. Automatically filled with standard structure '-' to comply with the schema sequence.
IRCT20210222050463N4,Warning: The &lt;study_design&gt; tag exceeded the allowed limit. It will be truncated at 997 characters...
IRCT20210222050463N4,Warning: The container &lt;health_condition_code&gt; or its subtag was empty. Automatically filled with standard structure '-' to comply with the schema sequence.
IRCT20210222050463N4,Warning: The container &lt;health_condition_keyword&gt; or its subtag was empty. Automatically filled with standard structure '-' to comply with the schema sequence.
IRCT20210222050463N4,Warning: The container &lt;secondary_sponsor&gt; or its subtag was empty. Automatically filled with standard structure '-' to comply with the schema sequence.
IRCT20260511069342N1,Warning: The &lt;study_design&gt; tag exceeded the allowed limit. It will be truncated at 997 characters...
IRCT20260511069342N1,Warning: The &lt;i_keyword&gt; tag exceeded the allowed limit. It will be truncated at 497 characters...
IRCT20260511069342N1,Warning: The container &lt;secondary_outcome&gt; or its subtag was empty. Automatically filled with standard structure '-' to comply with the schema sequence.
IRCT20260511069342N1,Warning: The container &lt;secondary_sponsor&gt; or its subtag was empty. Automatically filled with standard structure '-' to comply with the schema sequence.
IRCT20260511069341N1,Warning: The &lt;study_design&gt; tag exceeded the allowed limit. It will be truncated at 997 characters...
IRCT20260511069341N1,Warning: The &lt;i_keyword&gt; tag exceeded the allowed limit. It will be truncated at 497 characters...
IRCT20260511069341N1,Warning: The container &lt;secondary_outcome&gt; or its subtag was empty. Automatically filled with standard structure '-' to comply with the schema sequence.
IRCT20260511069341N1,Warning: The container &lt;secondary_sponsor&gt; or its subtag was empty. Automatically filled with standard structure '-' to comply with the schema sequence.
IRCT20260510069337N1,Warning: The &lt;i_keyword&gt; tag exceeded the allowed limit. It will be truncated at 497 characters...
IRCT20260510069337N1,Warning: The container &lt;health_condition_code&gt; or its subtag was empty. Automatically filled with standard structure '-' to comply with the schema sequence.
IRCT20260510069337N1,Warning: The container &lt;health_condition_keyword&gt; or its subtag was empty. Automatically filled with standard structure '-' to comply with the schema sequence.
IRCT20260510069337N1,Warning: The container &lt;secondary_outcome&gt; or its subtag was empty. Automatically filled with standard structure '-' to comply with the schema sequence.
IRCT20260510069337N1,Warning: The container &lt;secondary_sponsor&gt; or its subtag was empty. Automatically filled with standard structure '-' to comply with the schema sequence.
IRCT20130803014251N11,Warning: The container &lt;health_condition_code&gt; or its subtag was empty. Automatically filled with standard structure '-' to comply with the schema sequence.
IRCT20130803014251N11,Warning: The container &lt;health_condition_keyword&gt; or its subtag was empty. Automatically filled with standard structure '-' to comply with the schema sequence.
IRCT20130803014251N11,Warning: The container &lt;secondary_sponsor&gt; or its subtag was empty. Automatically filled with standard structure '-' to comply with the schema sequence.
IRCT20260511069344N1,Warning: The &lt;study_design&gt; tag exceeded the allowed limit. It will be truncated at 997 characters...
IRCT20260511069344N1,Warning: The &lt;i_keyword&gt; tag exceeded the allowed limit. It will be truncated at 497 characters...
IRCT20260511069344N1,Warning: The container &lt;secondary_outcome&gt; or its subtag was empty. Automatically filled with standard structure '-' to comply with the schema sequence.
IRCT20260511069344N1,Warning: The container &lt;secondary_sponsor&gt; or its subtag was empty. Automatically filled with standard structure '-' to comply with the schema sequence.
IRCT20260512069367N1,Warning: The container &lt;secondary_outcome&gt; or its subtag was empty. Automatically filled with standard structure '-' to comply with the schema sequence.
IRCT20260512069367N1,Warning: The container &lt;secondary_sponsor&gt; or its subtag was empty. Automatically filled with standard structure '-' to comply with the schema sequence.
IRCT20260511069359N1,Warning: The &lt;i_keyword&gt; tag exceeded the allowed limit. It will be truncated at 497 characters...
IRCT20260511069359N1,Warning: The container &lt;secondary_sponsor&gt; or its subtag was empty. Automatically filled with standard structure '-' to comply with the schema sequence.
IRCT20260511069349N1,Warning: The &lt;study_design&gt; tag exceeded the allowed limit. It will be truncated at 997 characters...
IRCT20260511069349N1,Warning: The &lt;i_keyword&gt; tag exceeded the allowed limit. It will be truncated at 497 characters...
IRCT20260511069349N1,Warning: The container &lt;secondary_outcome&gt; or its subtag was empty. Automatically filled with standard structure '-' to comply with the schema sequence.
IRCT20260511069349N1,Warning: The container &lt;secondary_sponsor&gt; or its subtag was empty. Automatically filled with standard structure '-' to comply with the schema sequence.
IRCT20100530004055N1,Warning: The container &lt;secondary_sponsor&gt; or its subtag was empty. Automatically filled with standard structure '-' to comply with the schema sequence.
IRCT20090117001556N169,Warning: The container &lt;secondary_outcome&gt; or its subtag was empty. Automatically filled with standard structure '-' to comply with the schema sequence.
IRCT20090117001556N169,Warning: The container &lt;secondary_sponsor&gt; or its subtag was empty. Automatically filled with standard structure '-' to comply with the schema sequence.
IRCT20090117001556N170,Warning: The container &lt;secondary_outcome&gt; or its subtag was empty. Automatically filled with standard structure '-' to comply with the schema sequence.
IRCT20090117001556N170,Warning: The container &lt;secondary_sponsor&gt; or its subtag was empty. Automatically filled with standard structure '-' to comply with the schema sequence.
IRCT20180916041051N4,Warning: The &lt;study_design&gt; tag exceeded the allowed limit. It will be truncated at 997 characters...
IRCT20180916041051N4,Warning: The container &lt;secondary_sponsor&gt; or its subtag was empty. Automatically filled with standard structure '-' to comply with the schema sequence.
IRCT20260212068840N1,Warning: The container &lt;secondary_sponsor&gt; or its subtag was empty. Automatically filled with standard structure '-' to comply with the schema sequence.
IRCT20130313012810N95,Warning: The container &lt;health_condition_code&gt; or its subtag was empty. Automatically filled with standard structure '-' to comply with the schema sequence.
IRCT20130313012810N95,Warning: The container &lt;health_condition_keyword&gt; or its subtag was empty. Automatically filled with standard structure '-' to comply with the schema sequence.
IRCT20130313012810N95,Warning: The container &lt;secondary_outcome&gt; or its subtag was empty. Automatically filled with standard structure '-' to comply with the schema sequence.
IRCT20130313012810N95,Warning: The container &lt;secondary_sponsor&gt; or its subtag was empty. Automatically filled with standard structure '-' to comply with the schema sequence.
IRCT20250630066304N3,Warning: The &lt;results_IPD_description&gt; tag exceeded the allowed limit. It will be truncated at 1997 characters...
IRCT20250630066304N3,Warning: The container &lt;secondary_sponsor&gt; or its subtag was empty. Automatically filled with standard structure '-' to comply with the schema sequence.
IRCT20120215009014N609,Warning: The &lt;study_design&gt; tag exceeded the allowed limit. It will be truncated at 997 characters...
IRCT20120215009014N609,Warning: The container &lt;secondary_sponsor&gt; or its subtag was empty. Automatically filled with standard structure '-' to comply with the schema sequence.
IRCT20260511069353N1,Warning: The &lt;study_design&gt; tag exceeded the allowed limit. It will be truncated at 997 characters...
IRCT20260511069353N1,Warning: The &lt;i_keyword&gt; tag exceeded the allowed limit. It will be truncated at 497 characters...
IRCT20260511069353N1,Warning: The container &lt;secondary_outcome&gt; or its subtag was empty. Automatically filled with standard structure '-' to comply with the schema sequence.
IRCT20260511069353N1,Warning: The container &lt;secondary_sponsor&gt; or its subtag was empty. Automatically filled with standard structure '-' to comply with the schema sequence.
IRCT20260511069350N1,Warning: The container &lt;health_condition_code&gt; or its subtag was empty. Automatically filled with standard structure '-' to comply with the schema sequence.
IRCT20260511069350N1,Warning: The container &lt;health_condition_keyword&gt; or its subtag was empty. Automatically filled with standard structure '-' to comply with the schema sequence.
IRCT20260511069350N1,Warning: The container &lt;secondary_sponsor&gt; or its subtag was empty. Automatically filled with standard structure '-' to comply with the schema sequence.
IRCT20260511069364N1,Warning: The &lt;study_design&gt; tag exceeded the allowed limit. It will be truncated at 997 characters...
IRCT20260511069364N1,Warning: The &lt;i_keyword&gt; tag exceeded the allowed limit. It will be truncated at 497 characters...
IRCT20260511069364N1,Warning: The container &lt;secondary_outcome&gt; or its subtag was empty. Automatically filled with standard structure '-' to comply with the schema sequence.
IRCT20260511069364N1,Warning: The container &lt;secondary_sponsor&gt; or its subtag was empty. Automatically filled with standard structure '-' to comply with the schema sequence.
IRCT20120215009014N608,Warning: The container &lt;secondary_outcome&gt; or its subtag was empty. Automatically filled with standard structure '-' to comply with the schema sequence.
IRCT20120215009014N608,Warning: The container &lt;secondary_sponsor&gt; or its subtag was empty. Automatically filled with standard structure '-' to comply with the schema sequence.
IRCT20260510069327N1,Warning: The &lt;study_design&gt; tag exceeded the allowed limit. It will be truncated at 997 characters...
IRCT20260510069327N1,Warning: The &lt;i_keyword&gt; tag exceeded the allowed limit. It will be truncated at 497 characters...
IRCT20260510069327N1,Warning: The container &lt;secondary_outcome&gt; or its subtag was empty. Automatically filled with standard structure '-' to comply with the schema sequence.
IRCT20260510069327N1,Warning: The container &lt;secondary_sponsor&gt; or its subtag was empty. Automatically filled with standard structure '-' to comply with the schema sequence.
IRCT20260506069277N1,Warning: The &lt;study_design&gt; tag exceeded the allowed limit. It will be truncated at 997 characters...
IRCT20260506069277N1,Warning: The &lt;i_keyword&gt; tag exceeded the allowed limit. It will be truncated at 497 characters...
IRCT20260506069277N1,Warning: The container &lt;secondary_sponsor&gt; or its subtag was empty. Automatically filled with standard structure '-' to comply with the schema sequence.
IRCT20151123025202N53,Warning: The &lt;study_design&gt; tag exceeded the allowed limit. It will be truncated at 997 characters...
IRCT20151123025202N53,Warning: The container &lt;secondary_sponsor&gt; or its subtag was empty. Automatically filled with standard structure '-' to comply with the schema sequence.
IRCT20251227068466N2,Warning: The &lt;study_design&gt; tag exceeded the allowed limit. It will be truncated at 997 characters...
IRCT20251227068466N2,Warning: The container &lt;health_condition_code&gt; or its subtag was empty. Automatically filled with standard structure '-' to comply with the schema sequence.
IRCT20251227068466N2,Warning: The container &lt;health_condition_keyword&gt; or its subtag was empty. Automatically filled with standard structure '-' to comply with the schema sequence.
IRCT20251227068466N2,Warning: The container &lt;secondary_sponsor&gt; or its subtag was empty. Automatically filled with standard structure '-' to comply with the schema sequence.
IRCT20260512069378N1,Warning: The &lt;i_freetext&gt; tag exceeded the allowed limit. It will be truncated at 2997 characters...
IRCT20260512069378N1,Warning: The &lt;study_design&gt; tag exceeded the allowed limit. It will be truncated at 997 characters...
IRCT20260512069378N1,Warning: The &lt;i_keyword&gt; tag exceeded the allowed limit. It will be truncated at 497 characters...
IRCT20260512069378N1,Warning: The &lt;i_keyword&gt; tag exceeded the allowed limit. It will be truncated at 497 characters...
IRCT20260512069378N1,Warning: The container &lt;secondary_outcome&gt; or its subtag was empty. Automatically filled with standard structure '-' to comply with the schema sequence.
IRCT20260512069378N1,Warning: The container &lt;secondary_sponsor&gt; or its subtag was empty. Automatically filled with standard structure '-' to comply with the schema sequence.
IRCT20120215009014N610,Warning: The container &lt;secondary_outcome&gt; or its subtag was empty. Automatically filled with standard structure '-' to comply with the schema sequence.
IRCT20120215009014N610,Warning: The container &lt;secondary_sponsor&gt; or its subtag was empty. Automatically filled with standard structure '-' to comply with the schema sequence.
IRCT20260510069331N1,Warning: The &lt;results_IPD_description&gt; tag exceeded the allowed limit. It will be truncated at 1997 characters...
IRCT20260510069331N1,Warning: The &lt;i_keyword&gt; tag exceeded the allowed limit. It will be truncated at 497 characters...
IRCT20260510069331N1,Warning: The &lt;i_keyword&gt; tag exceeded the allowed limit. It will be truncated at 497 characters...
IRCT20260510069331N1,Warning: The container &lt;secondary_outcome&gt; or its subtag was empty. Automatically filled with standard structure '-' to comply with the schema sequence.
IRCT20260510069331N1,Warning: The container &lt;secondary_sponsor&gt; or its subtag was empty. Automatically filled with standard structure '-' to comply with the schema sequence.
IRCT20260512069370N1,Warning: The &lt;study_design&gt; tag exceeded the allowed limit. It will be truncated at 997 characters...
IRCT20260512069370N1,Warning: The container &lt;health_condition_code&gt; or its subtag was empty. Automatically filled with standard structure '-' to comply with the schema sequence.
IRCT20260512069370N1,Warning: The container &lt;health_condition_keyword&gt; or its subtag was empty. Automatically filled with standard structure '-' to comply with the schema sequence.
IRCT20260512069370N1,Warning: The container &lt;secondary_outcome&gt; or its subtag was empty. Automatically filled with standard structure '-' to comply with the schema sequence.
IRCT20260512069370N1,Warning: The container &lt;secondary_sponsor&gt; or its subtag was empty. Automatically filled with standard structure '-' to comply with the schema sequence.
IRCT20260512069374N1,Warning: The &lt;i_freetext&gt; tag exceeded the allowed limit. It will be truncated at 2997 characters...
IRCT20260512069374N1,Warning: The &lt;study_design&gt; tag exceeded the allowed limit. It will be truncated at 997 characters...
IRCT20260512069374N1,Warning: The &lt;i_keyword&gt; tag exceeded the allowed limit. It will be truncated at 497 characters...
IRCT20260512069374N1,Warning: The &lt;i_keyword&gt; tag exceeded the allowed limit. It will be truncated at 497 characters...
IRCT20260512069374N1,Warning: The container &lt;secondary_outcome&gt; or its subtag was empty. Automatically filled with standard structure '-' to comply with the schema sequence.
IRCT20260512069374N1,Warning: The container &lt;secondary_sponsor&gt; or its subtag was empty. Automatically filled with standard structure '-' to comply with the schema sequence.
IRCT20260508069287N1,Warning: The container &lt;health_condition_code&gt; or its subtag was empty. Automatically filled with standard structure '-' to comply with the schema sequence.
IRCT20260508069287N1,Warning: The container &lt;health_condition_keyword&gt; or its subtag was empty. Automatically filled with standard structure '-' to comply with the schema sequence.
IRCT20260508069287N1,Warning: The container &lt;secondary_outcome&gt; or its subtag was empty. Automatically filled with standard structure '-' to comply with the schema sequence.
IRCT20260508069287N1,Warning: The container &lt;secondary_sponsor&gt; or its subtag was empty. Automatically filled with standard structure '-' to comply with the schema sequence.
IRCT20260512069375N1,Warning: The container &lt;health_condition_code&gt; or its subtag was empty. Automatically filled with standard structure '-' to comply with the schema sequence.
IRCT20260512069375N1,Warning: The container &lt;health_condition_keyword&gt; or its subtag was empty. Automatically filled with standard structure '-' to comply with the schema sequence.
IRCT20260512069375N1,Warning: The container &lt;secondary_outcome&gt; or its subtag was empty. Automatically filled with standard structure '-' to comply with the schema sequence.
IRCT20260512069375N1,Warning: The container &lt;secondary_sponsor&gt; or its subtag was empty. Automatically filled with standard structure '-' to comply with the schema sequence.
IRCT20260209068807N1,Warning: The &lt;results_IPD_description&gt; tag exceeded the allowed limit. It will be truncated at 1997 characters...
IRCT20260209068807N1,Warning: The container &lt;secondary_sponsor&gt; or its subtag was empty. Automatically filled with standard structure '-' to comply with the schema sequence.
IRCT20260507069280N1,Warning: The &lt;study_design&gt; tag exceeded the allowed limit. It will be truncated at 997 characters...
IRCT20260507069280N1,Warning: The container &lt;secondary_sponsor&gt; or its subtag was empty. Automatically filled with standard structure '-' to comply with the schema sequence.
IRCT20260511069352N1,Warning: The &lt;study_design&gt; tag exceeded the allowed limit. It will be truncated at 997 characters...
IRCT20260511069352N1,Warning: The &lt;i_keyword&gt; tag exceeded the allowed limit. It will be truncated at 497 characters...
IRCT20260511069352N1,Warning: The container &lt;secondary_outcome&gt; or its subtag was empty. Automatically filled with standard structure '-' to comply with the schema sequence.
IRCT20260511069352N1,Warning: The container &lt;secondary_sponsor&gt; or its subtag was empty. Automatically filled with standard structure '-' to comply with the schema sequence.
IRCT20260511069347N1,Warning: The &lt;study_design&gt; tag exceeded the allowed limit. It will be truncated at 997 characters...
IRCT20260511069347N1,Warning: The &lt;i_keyword&gt; tag exceeded the allowed limit. It will be truncated at 497 characters...
IRCT20260511069347N1,Warning: The container &lt;secondary_outcome&gt; or its subtag was empty. Automatically filled with standard structure '-' to comply with the schema sequence.
IRCT20260511069347N1,Warning: The container &lt;secondary_sponsor&gt; or its subtag was empty. Automatically filled with standard structure '-' to comply with the schema sequence.
IRCT20190804044429N14,Warning: The &lt;study_design&gt; tag exceeded the allowed limit. It will be truncated at 997 characters...
IRCT20190804044429N14,Warning: The container &lt;secondary_sponsor&gt; or its subtag was empty. Automatically filled with standard structure '-' to comply with the schema sequence.
IRCT20260511069354N1,Warning: The &lt;study_design&gt; tag exceeded the allowed limit. It will be truncated at 997 characters...
IRCT20260511069354N1,Warning: The &lt;i_keyword&gt; tag exceeded the allowed limit. It will be truncated at 497 characters...
IRCT20260511069354N1,Warning: The container &lt;secondary_outcome&gt; or its subtag was empty. Automatically filled with standard structure '-' to comply with the schema sequence.
IRCT20260511069354N1,Warning: The container &lt;secondary_sponsor&gt; or its subtag was empty. Automatically filled with standard structure '-' to comply with the schema sequence.
IRCT20260510069334N1,Warning: The &lt;study_design&gt; tag exceeded the allowed limit. It will be truncated at 997 characters...
IRCT20260510069334N1,Warning: The &lt;i_keyword&gt; tag exceeded the allowed limit. It will be truncated at 497 characters...
IRCT20260510069334N1,Warning: The container &lt;secondary_sponsor&gt; or its subtag was empty. Automatically filled with standard structure '-' to comply with the schema sequence.
IRCT20260513069382N1,Warning: The &lt;study_design&gt; tag exceeded the allowed limit. It will be truncated at 997 characters...
IRCT20260513069382N1,Warning: The container &lt;secondary_sponsor&gt; or its subtag was empty. Automatically filled with standard structure '-' to comply with the schema sequence.
IRCT20110514006481N17,Warning: The container &lt;secondary_sponsor&gt; or its subtag was empty. Automatically filled with standard structure '-' to comply with the schema sequence.
IRCT20260514069398N1,Warning: The container &lt;secondary_outcome&gt; or its subtag was empty. Automatically filled with standard structure '-' to comply with the schema sequence.
IRCT20260514069398N1,Warning: The container &lt;secondary_sponsor&gt; or its subtag was empty. Automatically filled with standard structure '-' to comply with the schema sequence.
IRCT20260516069412N1,Warning: The &lt;study_design&gt; tag exceeded the allowed limit. It will be truncated at 997 characters...
IRCT20260516069412N1,Warning: The &lt;i_keyword&gt; tag exceeded the allowed limit. It will be truncated at 497 characters...
IRCT20260516069412N1,Warning: The container &lt;secondary_sponsor&gt; or its subtag was empty. Automatically filled with standard structure '-' to comply with the schema sequence.
IRCT20251121068065N2,Warning: The &lt;study_design&gt; tag exceeded the allowed limit. It will be truncated at 997 characters...
IRCT20251121068065N2,Warning: The container &lt;secondary_outcome&gt; or its subtag was empty. Automatically filled with standard structure '-' to comply with the schema sequence.
IRCT20251121068065N2,Warning: The container &lt;secondary_sponsor&gt; or its subtag was empty. Automatically filled with standard structure '-' to comply with the schema sequence.
IRCT20240804062647N29,Warning: The &lt;study_design&gt; tag exceeded the allowed limit. It will be truncated at 997 characters...
IRCT20240804062647N29,Warning: The container &lt;health_condition_code&gt; or its subtag was empty. Automatically filled with standard structure '-' to comply with the schema sequence.
IRCT20240804062647N29,Warning: The container &lt;health_condition_keyword&gt; or its subtag was empty. Automatically filled with standard structure '-' to comply with the schema sequence.
IRCT20240804062647N29,Warning: The container &lt;secondary_sponsor&gt; or its subtag was empty. Automatically filled with standard structure '-' to comply with the schema sequence.
IRCT20260513069394N1,Warning: The &lt;study_design&gt; tag exceeded the allowed limit. It will be truncated at 997 characters...
IRCT20260513069394N1,Warning: The &lt;i_keyword&gt; tag exceeded the allowed limit. It will be truncated at 497 characters...
IRCT20260513069394N1,Warning: The container &lt;secondary_outcome&gt; or its subtag was empty. Automatically filled with standard structure '-' to comply with the schema sequence.
IRCT20260513069394N1,Warning: The container &lt;secondary_sponsor&gt; or its subtag was empty. Automatically filled with standard structure '-' to comply with the schema sequence.
IRCT20240703062321N2,Warning: The &lt;study_design&gt; tag exceeded the allowed limit. It will be truncated at 997 characters...
IRCT20240703062321N2,Warning: The &lt;i_keyword&gt; tag exceeded the allowed limit. It will be truncated at 497 characters...
IRCT20240703062321N2,Warning: The container &lt;secondary_sponsor&gt; or its subtag was empty. Automatically filled with standard structure '-' to comply with the schema sequence.
IRCT20120215009014N611,Warning: The &lt;study_design&gt; tag exceeded the allowed limit. It will be truncated at 997 characters...
IRCT20120215009014N611,Warning: The container &lt;secondary_sponsor&gt; or its subtag was empty. Automatically filled with standard structure '-' to comply with the schema sequence.
IRCT20260514069401N1,Warning: The &lt;study_design&gt; tag exceeded the allowed limit. It will be truncated at 997 characters...
IRCT20260514069401N1,Warning: The &lt;i_keyword&gt; tag exceeded the allowed limit. It will be truncated at 497 characters...
IRCT20260514069401N1,Warning: The container &lt;secondary_outcome&gt; or its subtag was empty. Automatically filled with standard structure '-' to comply with the schema sequence.
IRCT20260514069401N1,Warning: The container &lt;secondary_sponsor&gt; or its subtag was empty. Automatically filled with standard structure '-' to comply with the schema sequence.
IRCT20200128046290N1,Warning: The &lt;i_freetext&gt; tag exceeded the allowed limit. It will be truncated at 2997 characters...
IRCT20200128046290N1,Warning: The &lt;study_design&gt; tag exceeded the allowed limit. It will be truncated at 997 characters...
IRCT20200128046290N1,Warning: The &lt;i_keyword&gt; tag exceeded the allowed limit. It will be truncated at 497 characters...
IRCT20200128046290N1,Warning: The &lt;i_keyword&gt; tag exceeded the allowed limit. It will be truncated at 497 characters...
IRCT20200128046290N1,Warning: The container &lt;secondary_outcome&gt; or its subtag was empty. Automatically filled with standard structure '-' to comply with the schema sequence.
IRCT20200128046290N1,Warning: The container &lt;secondary_sponsor&gt; or its subtag was empty. Automatically filled with standard structure '-' to comply with the schema sequence.
IRCT20150303021315N42,Warning: The container &lt;health_condition_code&gt; or its subtag was empty. Automatically filled with standard structure '-' to comply with the schema sequence.
IRCT20150303021315N42,Warning: The container &lt;health_condition_keyword&gt; or its subtag was empty. Automatically filled with standard structure '-' to comply with the schema sequence.
IRCT20150303021315N42,Warning: The container &lt;secondary_sponsor&gt; or its subtag was empty. Automatically filled with standard structure '-' to comply with the schema sequence.
IRCT20260511069365N1,Warning: The container &lt;secondary_outcome&gt; or its subtag was empty. Automatically filled with standard structure '-' to comply with the schema sequence.
IRCT20260511069365N1,Warning: The container &lt;secondary_sponsor&gt; or its subtag was empty. Automatically filled with standard structure '-' to comply with the schema sequence.
IRCT20240804062647N32,Warning: The &lt;study_design&gt; tag exceeded the allowed limit. It will be truncated at 997 characters...
IRCT20240804062647N32,Warning: The container &lt;health_condition_code&gt; or its subtag was empty. Automatically filled with standard structure '-' to comply with the schema sequence.
IRCT20240804062647N32,Warning: The container &lt;health_condition_keyword&gt; or its subtag was empty. Automatically filled with standard structure '-' to comply with the schema sequence.
IRCT20240804062647N32,Warning: The container &lt;secondary_sponsor&gt; or its subtag was empty. Automatically filled with standard structure '-' to comply with the schema sequence.
IRCT20240804062647N34,Warning: The &lt;study_design&gt; tag exceeded the allowed limit. It will be truncated at 997 characters...
IRCT20240804062647N34,Warning: The container &lt;health_condition_code&gt; or its subtag was empty. Automatically filled with standard structure '-' to comply with the schema sequence.
IRCT20240804062647N34,Warning: The container &lt;health_condition_keyword&gt; or its subtag was empty. Automatically filled with standard structure '-' to comply with the schema sequence.
IRCT20240804062647N34,Warning: The container &lt;secondary_sponsor&gt; or its subtag was empty. Automatically filled with standard structure '-' to comply with the schema sequence.
IRCT20240804062647N36,Warning: The &lt;study_design&gt; tag exceeded the allowed limit. It will be truncated at 997 characters...
IRCT20240804062647N36,Warning: The container &lt;health_condition_code&gt; or its subtag was empty. Automatically filled with standard structure '-' to comply with the schema sequence.
IRCT20240804062647N36,Warning: The container &lt;health_condition_keyword&gt; or its subtag was empty. Automatically filled with standard structure '-' to comply with the schema sequence.
IRCT20240804062647N36,Warning: The container &lt;secondary_sponsor&gt; or its subtag was empty. Automatically filled with standard structure '-' to comply with the schema sequence.
IRCT20240804062647N31,Warning: The &lt;study_design&gt; tag exceeded the allowed limit. It will be truncated at 997 characters...
IRCT20240804062647N31,Warning: The container &lt;health_condition_code&gt; or its subtag was empty. Automatically filled with standard structure '-' to comply with the schema sequence.
IRCT20240804062647N31,Warning: The container &lt;health_condition_keyword&gt; or its subtag was empty. Automatically filled with standard structure '-' to comply with the schema sequence.
IRCT20240804062647N31,Warning: The container &lt;secondary_sponsor&gt; or its subtag was empty. Automatically filled with standard structure '-' to comply with the schema sequence.
IRCT20240804062647N35,Warning: The &lt;study_design&gt; tag exceeded the allowed limit. It will be truncated at 997 characters...
IRCT20240804062647N35,Warning: The container &lt;health_condition_code&gt; or its subtag was empty. Automatically filled with standard structure '-' to comply with the schema sequence.
IRCT20240804062647N35,Warning: The container &lt;health_condition_keyword&gt; or its subtag was empty. Automatically filled with standard structure '-' to comply with the schema sequence.
IRCT20240804062647N35,Warning: The container &lt;secondary_sponsor&gt; or its subtag was empty. Automatically filled with standard structure '-' to comply with the schema sequence.
IRCT20240804062647N33,Warning: The &lt;study_design&gt; tag exceeded the allowed limit. It will be truncated at 997 characters...
IRCT20240804062647N33,Warning: The container &lt;health_condition_code&gt; or its subtag was empty. Automatically filled with standard structure '-' to comply with the schema sequence.
IRCT20240804062647N33,Warning: The container &lt;health_condition_keyword&gt; or its subtag was empty. Automatically filled with standard structure '-' to comply with the schema sequence.
IRCT20240804062647N33,Warning: The container &lt;secondary_sponsor&gt; or its subtag was empty. Automatically filled with standard structure '-' to comply with the schema sequence.
IRCT20260513069379N1,Warning: The &lt;i_keyword&gt; tag exceeded the allowed limit. It will be truncated at 497 characters...
IRCT20260513069379N1,Warning: The container &lt;health_condition_code&gt; or its subtag was empty. Automatically filled with standard structure '-' to comply with the schema sequence.
IRCT20260513069379N1,Warning: The container &lt;health_condition_keyword&gt; or its subtag was empty. Automatically filled with standard structure '-' to comply with the schema sequence.
IRCT20260513069379N1,Warning: The container &lt;secondary_outcome&gt; or its subtag was empty. Automatically filled with standard structure '-' to comply with the schema sequence.
IRCT20260513069379N1,Warning: The container &lt;secondary_sponsor&gt; or its subtag was empty. Automatically filled with standard structure '-' to comply with the schema sequence.
IRCT20210519051345N103,Warning: The &lt;i_keyword&gt; tag exceeded the allowed limit. It will be truncated at 497 characters...
IRCT20210519051345N103,Warning: The &lt;i_keyword&gt; tag exceeded the allowed limit. It will be truncated at 497 characters...
IRCT20210519051345N103,Warning: The container &lt;health_condition_code&gt; or its subtag was empty. Automatically filled with standard structure '-' to comply with the schema sequence.
IRCT20210519051345N103,Warning: The container &lt;health_condition_keyword&gt; or its subtag was empty. Automatically filled with standard structure '-' to comply with the schema sequence.
IRCT20210519051345N103,Warning: The container &lt;secondary_outcome&gt; or its subtag was empty. Automatically filled with standard structure '-' to comply with the schema sequence.
IRCT20210519051345N103,Warning: The container &lt;secondary_sponsor&gt; or its subtag was empty. Automatically filled with standard structure '-' to comply with the schema sequence.
IRCT20210519051345N104,Warning: The container &lt;health_condition_code&gt; or its subtag was empty. Automatically filled with standard structure '-' to comply with the schema sequence.
IRCT20210519051345N104,Warning: The container &lt;health_condition_keyword&gt; or its subtag was empty. Automatically filled with standard structure '-' to comply with the schema sequence.
IRCT20210519051345N104,Warning: The container &lt;secondary_outcome&gt; or its subtag was empty. Automatically filled with standard structure '-' to comply with the schema sequence.
IRCT20210519051345N104,Warning: The container &lt;secondary_sponsor&gt; or its subtag was empty. Automatically filled with standard structure '-' to comply with the schema sequence.
IRCT20260218068913N1,Warning: The &lt;study_design&gt; tag exceeded the allowed limit. It will be truncated at 997 characters...
IRCT20260218068913N1,Warning: The &lt;i_keyword&gt; tag exceeded the allowed limit. It will be truncated at 497 characters...
IRCT20260218068913N1,Warning: The container &lt;secondary_outcome&gt; or its subtag was empty. Automatically filled with standard structure '-' to comply with the schema sequence.
IRCT20260218068913N1,Warning: The container &lt;secondary_sponsor&gt; or its subtag was empty. Automatically filled with standard structure '-' to comply with the schema sequence.
IRCT20220727055563N3,Warning: The container &lt;health_condition_code&gt; or its subtag was empty. Automatically filled with standard structure '-' to comply with the schema sequence.
IRCT20220727055563N3,Warning: The container &lt;health_condition_keyword&gt; or its subtag was empty. Automatically filled with standard structure '-' to comply with the schema sequence.
IRCT20220727055563N3,Warning: The container &lt;secondary_outcome&gt; or its subtag was empty. Automatically filled with standard structure '-' to comply with the schema sequence.
IRCT20220727055563N3,Warning: The container &lt;secondary_sponsor&gt; or its subtag was empty. Automatically filled with standard structure '-' to comply with the schema sequence.
IRCT20260216068891N1,Warning: The container &lt;health_condition_code&gt; or its subtag was empty. Automatically filled with standard structure '-' to comply with the schema sequence.
IRCT20260216068891N1,Warning: The container &lt;health_condition_keyword&gt; or its subtag was empty. Automatically filled with standard structure '-' to comply with the schema sequence.
IRCT20260216068891N1,Warning: The container &lt;secondary_outcome&gt; or its subtag was empty. Automatically filled with standard structure '-' to comply with the schema sequence.
IRCT20260216068891N1,Warning: The container &lt;secondary_sponsor&gt; or its subtag was empty. Automatically filled with standard structure '-' to comply with the schema sequence.
IRCT20130313012810N98,Warning: The container &lt;health_condition_code&gt; or its subtag was empty. Automatically filled with standard structure '-' to comply with the schema sequence.
IRCT20130313012810N98,Warning: The container &lt;health_condition_keyword&gt; or its subtag was empty. Automatically filled with standard structure '-' to comply with the schema sequence.
IRCT20130313012810N98,Warning: The container &lt;secondary_outcome&gt; or its subtag was empty. Automatically filled with standard structure '-' to comply with the schema sequence.
IRCT20130313012810N98,Warning: The container &lt;secondary_sponsor&gt; or its subtag was empty. Automatically filled with standard structure '-' to comply with the schema sequence.
IRCT20251124068098N1,Warning: The &lt;study_design&gt; tag exceeded the allowed limit. It will be truncated at 997 characters...
IRCT20251124068098N1,Warning: The container &lt;secondary_outcome&gt; or its subtag was empty. Automatically filled with standard structure '-' to comply with the schema sequence.
IRCT20251124068098N1,Warning: The container &lt;secondary_sponsor&gt; or its subtag was empty. Automatically filled with standard structure '-' to comply with the schema sequence.
IRCT20130313012810N99,Warning: The container &lt;health_condition_code&gt; or its subtag was empty. Automatically filled with standard structure '-' to comply with the schema sequence.
IRCT20130313012810N99,Warning: The container &lt;health_condition_keyword&gt; or its subtag was empty. Automatically filled with standard structure '-' to comply with the schema sequence.
IRCT20130313012810N99,Warning: The container &lt;secondary_outcome&gt; or its subtag was empty. Automatically filled with standard structure '-' to comply with the schema sequence.
IRCT20130313012810N99,Warning: The container &lt;secondary_sponsor&gt; or its subtag was empty. Automatically filled with standard structure '-' to comply with the schema sequence.
IRCT20230403057804N7,Warning: The &lt;i_keyword&gt; tag exceeded the allowed limit. It will be truncated at 497 characters...
IRCT20230403057804N7,Warning: The container &lt;secondary_sponsor&gt; or its subtag was empty. Automatically filled with standard structure '-' to comply with the schema sequence.
IRCT20230129057271N6,Warning: The &lt;i_keyword&gt; tag exceeded the allowed limit. It will be truncated at 497 characters...
IRCT20230129057271N6,Warning: The container &lt;secondary_outcome&gt; or its subtag was empty. Automatically filled with standard structure '-' to comply with the schema sequence.
IRCT20230129057271N6,Warning: The container &lt;secondary_sponsor&gt; or its subtag was empty. Automatically filled with standard structure '-' to comply with the schema sequence.
IRCT20260519069449N1,Warning: The container &lt;health_condition_code&gt; or its subtag was empty. Automatically filled with standard structure '-' to comply with the schema sequence.
IRCT20260519069449N1,Warning: The container &lt;health_condition_keyword&gt; or its subtag was empty. Automatically filled with standard structure '-' to comply with the schema sequence.
IRCT20260519069449N1,Warning: The container &lt;secondary_outcome&gt; or its subtag was empty. Automatically filled with standard structure '-' to comply with the schema sequence.
IRCT20260519069455N1,Warning: The &lt;i_keyword&gt; tag exceeded the allowed limit. It will be truncated at 497 characters...
IRCT20260519069455N1,Warning: The container &lt;health_condition_code&gt; or its subtag was empty. Automatically filled with standard structure '-' to comply with the schema sequence.
IRCT20260519069455N1,Warning: The container &lt;health_condition_keyword&gt; or its subtag was empty. Automatically filled with standard structure '-' to comply with the schema sequence.
IRCT20260519069455N1,Warning: The container &lt;secondary_sponsor&gt; or its subtag was empty. Automatically filled with standard structure '-' to comply with the schema sequence.
IRCT20240929063203N7,Warning: The &lt;study_design&gt; tag exceeded the allowed limit. It will be truncated at 997 characters...
IRCT20240929063203N7,Warning: The &lt;i_keyword&gt; tag exceeded the allowed limit. It will be truncated at 497 characters...
IRCT20240929063203N7,Warning: The &lt;i_keyword&gt; tag exceeded the allowed limit. It will be truncated at 497 characters...
IRCT20240929063203N7,Warning: The container &lt;secondary_sponsor&gt; or its subtag was empty. Automatically filled with standard structure '-' to comply with the schema sequence.
IRCT20260519069453N1,Warning: The &lt;study_design&gt; tag exceeded the allowed limit. It will be truncated at 997 characters...
IRCT20260519069453N1,Warning: The container &lt;secondary_sponsor&gt; or its subtag was empty. Automatically filled with standard structure '-' to comply with the schema sequence.
IRCT20260520069457N1,Warning: The &lt;study_design&gt; tag exceeded the allowed limit. It will be truncated at 997 characters...
IRCT20260520069457N1,Warning: The container &lt;health_condition_code&gt; or its subtag was empty. Automatically filled with standard structure '-' to comply with the schema sequence.
IRCT20260520069457N1,Warning: The container &lt;health_condition_keyword&gt; or its subtag was empty. Automatically filled with standard structure '-' to comply with the schema sequence.
IRCT20260520069457N1,Warning: The container &lt;secondary_outcome&gt; or its subtag was empty. Automatically filled with standard structure '-' to comply with the schema sequence.
IRCT20260520069457N1,Warning: The container &lt;secondary_sponsor&gt; or its subtag was empty. Automatically filled with standard structure '-' to comply with the schema sequence.
IRCT20260519069450N1,Warning: The container &lt;secondary_outcome&gt; or its subtag was empty. Automatically filled with standard structure '-' to comply with the schema sequence.
IRCT20260519069450N1,Warning: The container &lt;secondary_sponsor&gt; or its subtag was empty. Automatically filled with standard structure '-' to comply with the schema sequence.
IRCT20260513069386N1,Warning: The container &lt;secondary_sponsor&gt; or its subtag was empty. Automatically filled with standard structure '-' to comply with the schema sequence.
IRCT20251211068287N6,Warning: The &lt;i_keyword&gt; tag exceeded the allowed limit. It will be truncated at 497 characters...
IRCT20251211068287N6,Warning: The container &lt;secondary_outcome&gt; or its subtag was empty. Automatically filled with standard structure '-' to comply with the schema sequence.
IRCT20251211068287N6,Warning: The container &lt;secondary_sponsor&gt; or its subtag was empty. Automatically filled with standard structure '-' to comply with the schema sequence.
IRCT20250527065941N3,Warning: The container &lt;secondary_outcome&gt; or its subtag was empty. Automatically filled with standard structure '-' to comply with the schema sequence.
IRCT20250527065941N3,Warning: The container &lt;secondary_sponsor&gt; or its subtag was empty. Automatically filled with standard structure '-' to comply with the schema sequence.
IRCT20260205068764N1,Warning: The &lt;i_keyword&gt; tag exceeded the allowed limit. It will be truncated at 497 characters...
IRCT20260205068764N1,Warning: The &lt;i_keyword&gt; tag exceeded the allowed limit. It will be truncated at 497 characters...
IRCT20260205068764N1,Warning: The container &lt;secondary_outcome&gt; or its subtag was empty. Automatically filled with standard structure '-' to comply with the schema sequence.
IRCT20260205068764N1,Warning: The container &lt;secondary_sponsor&gt; or its subtag was empty. Automatically filled with standard structure '-' to comply with the schema sequence.
IRCT20260214068852N1,Warning: The container &lt;health_condition_code&gt; or its subtag was empty. Automatically filled with standard structure '-' to comply with the schema sequence.
IRCT20260214068852N1,Warning: The container &lt;health_condition_keyword&gt; or its subtag was empty. Automatically filled with standard structure '-' to comply with the schema sequence.
IRCT20260214068852N1,Warning: The container &lt;secondary_outcome&gt; or its subtag was empty. Automatically filled with standard structure '-' to comply with the schema sequence.
IRCT20260214068852N1,Warning: The container &lt;secondary_sponsor&gt; or its subtag was empty. Automatically filled with standard structure '-' to comply with the schema sequence.
IRCT20260417069089N1,Warning: The &lt;i_freetext&gt; tag exceeded the allowed limit. It will be truncated at 2997 characters...
IRCT20260417069089N1,Warning: The &lt;study_design&gt; tag exceeded the allowed limit. It will be truncated at 997 characters...
IRCT20260417069089N1,Warning: The &lt;i_keyword&gt; tag exceeded the allowed limit. It will be truncated at 497 characters...
IRCT20260417069089N1,Warning: The &lt;i_keyword&gt; tag exceeded the allowed limit. It will be truncated at 497 characters...
IRCT20260417069089N1,Warning: The &lt;i_keyword&gt; tag exceeded the allowed limit. It will be truncated at 497 characters...
IRCT20260417069089N1,Warning: The container &lt;secondary_sponsor&gt; or its subtag was empty. Automatically filled with standard structure '-' to comply with the schema sequence.
IRCT20230612058457N9,Warning: The &lt;study_design&gt; tag exceeded the allowed limit. It will be truncated at 997 characters...
IRCT20230612058457N9,Warning: The container &lt;health_condition_code&gt; or its subtag was empty. Automatically filled with standard structure '-' to comply with the schema sequence.
IRCT20230612058457N9,Warning: The container &lt;health_condition_keyword&gt; or its subtag was empty. Automatically filled with standard structure '-' to comply with the schema sequence.
IRCT20230612058457N9,Warning: The container &lt;secondary_outcome&gt; or its subtag was empty. Automatically filled with standard structure '-' to comply with the schema sequence.
IRCT20230612058457N9,Warning: The container &lt;secondary_sponsor&gt; or its subtag was empty. Automatically filled with standard structure '-' to comply with the schema sequence.
IRCT20260513069391N1,Warning: The container &lt;secondary_outcome&gt; or its subtag was empty. Automatically filled with standard structure '-' to comply with the schema sequence.
IRCT20260513069391N1,Warning: The container &lt;secondary_sponsor&gt; or its subtag was empty. Automatically filled with standard structure '-' to comply with the schema sequence.
IRCT20230903059342N5,Warning: The container &lt;secondary_outcome&gt; or its subtag was empty. Automatically filled with standard structure '-' to comply with the schema sequence.
IRCT20230903059342N5,Warning: The container &lt;secondary_sponsor&gt; or its subtag was empty. Automatically filled with standard structure '-' to comply with the schema sequence.
IRCT20260520069464N1,Warning: The &lt;results_IPD_description&gt; tag exceeded the allowed limit. It will be truncated at 1997 characters...
IRCT20260520069464N1,Warning: The &lt;study_design&gt; tag exceeded the allowed limit. It will be truncated at 997 characters...
IRCT20260520069464N1,Warning: The &lt;i_keyword&gt; tag exceeded the allowed limit. It will be truncated at 497 characters...
IRCT20260520069464N1,Warning: The container &lt;health_condition_code&gt; or its subtag was empty. Automatically filled with standard structure '-' to comply with the schema sequence.
IRCT20260520069464N1,Warning: The container &lt;health_condition_keyword&gt; or its subtag was empty. Automatically filled with standard structure '-' to comply with the schema sequence.
IRCT20260520069464N1,Warning: The container &lt;secondary_sponsor&gt; or its subtag was empty. Automatically filled with standard structure '-' to comply with the schema sequence.
IRCT20260523069497N1,Warning: The &lt;study_design&gt; tag exceeded the allowed limit. It will be truncated at 997 characters...
IRCT20260523069497N1,Warning: The &lt;i_keyword&gt; tag exceeded the allowed limit. It will be truncated at 497 characters...
IRCT20260523069497N1,Warning: The container &lt;secondary_sponsor&gt; or its subtag was empty. Automatically filled with standard structure '-' to comply with the schema sequence.
IRCT20260523069496N1,Warning: The container &lt;health_condition_code&gt; or its subtag was empty. Automatically filled with standard structure '-' to comply with the schema sequence.
IRCT20260523069496N1,Warning: The container &lt;health_condition_keyword&gt; or its subtag was empty. Automatically filled with standard structure '-' to comply with the schema sequence.
IRCT20260523069496N1,Warning: The container &lt;secondary_outcome&gt; or its subtag was empty. Automatically filled with standard structure '-' to comply with the schema sequence.
IRCT20260523069496N1,Warning: The container &lt;secondary_sponsor&gt; or its subtag was empty. Automatically filled with standard structure '-' to comply with the schema sequence.
IRCT20260523069504N1,Warning: The &lt;study_design&gt; tag exceeded the allowed limit. It will be truncated at 997 characters...
IRCT20260523069502N1,Warning: The &lt;i_freetext&gt; tag exceeded the allowed limit. It will be truncated at 2997 characters...
IRCT20260523069502N1,Warning: The &lt;i_keyword&gt; tag exceeded the allowed limit. It will be truncated at 497 characters...
IRCT20260523069502N1,Warning: The container &lt;secondary_outcome&gt; or its subtag was empty. Automatically filled with standard structure '-' to comply with the schema sequence.
IRCT20260523069502N1,Warning: The container &lt;secondary_sponsor&gt; or its subtag was empty. Automatically filled with standard structure '-' to comply with the schema sequence.
IRCT20260523069500N1,Warning: The &lt;i_keyword&gt; tag exceeded the allowed limit. It will be truncated at 497 characters...
IRCT20260523069500N1,Warning: The container &lt;health_condition_code&gt; or its subtag was empty. Automatically filled with standard structure '-' to comply with the schema sequence.
IRCT20260523069500N1,Warning: The container &lt;health_condition_keyword&gt; or its subtag was empty. Automatically filled with standard structure '-' to comply with the schema sequence.
IRCT20260523069500N1,Warning: The container &lt;secondary_sponsor&gt; or its subtag was empty. Automatically filled with standard structure '-' to comply with the schema sequence.
IRCT20260503069251N1,Warning: The &lt;study_design&gt; tag exceeded the allowed limit. It will be truncated at 997 characters...
IRCT20260503069251N1,Warning: The container &lt;health_condition_code&gt; or its subtag was empty. Automatically filled with standard structure '-' to comply with the schema sequence.
IRCT20260503069251N1,Warning: The container &lt;health_condition_keyword&gt; or its subtag was empty. Automatically filled with standard structure '-' to comply with the schema sequence.
IRCT20260503069251N1,Warning: The container &lt;secondary_sponsor&gt; or its subtag was empty. Automatically filled with standard structure '-' to comply with the schema sequence.
IRCT20140524017812N5,Warning: The &lt;study_design&gt; tag exceeded the allowed limit. It will be truncated at 997 characters...
IRCT20140524017812N5,Warning: The container &lt;secondary_sponsor&gt; or its subtag was empty. Automatically filled with standard structure '-' to comply with the schema sequence.
IRCT20260523069498N1,Warning: The container &lt;secondary_sponsor&gt; or its subtag was empty. Automatically filled with standard structure '-' to comply with the schema sequence.
